smiles,y
CCOC(=O)/C=C/c1ccccc1,0
O=P([O-])([O-])C(Sc1ccc(Cl)cc1)P(=O)([O-])[O-],0
COc1ccc(-n2nc(C(F)F)cc2-c2ccc(S(C)=O)cc2)cc1,0
Cc1ccc(N)cc1[N+](=O)[O-],0
O=C([O-])CCCCCCCCCCC(=O)[O-],0
Cc1ccc(S(=O)(=O)N=C=O)cc1,0
C#CC(C)N(C)C(=O)Nc1ccc(Cl)cc1,0
CCCCC(CC)CN1C(=O)C2C3C=CC(C3)C2C1=O,0
CCC(=O)Nc1ccc(O)cc1,0
O=c1[nH]cnc2c1ncn2[C@H]1CC[C@@H](CO)O1,0
CC12CC3CC(C)(C1)CC([NH3+])(C3)C2,0
c1ccc2sc(SNC3CCCCC3)nc2c1,0
O=[N+]([O-])c1ccc(/C=C/c2ccc([N+](=O)[O-])cc2S(=O)(=O)[O-])c(S(=O)(=O)[O-])c1,0
C=C(C)C(=O)OCCOCCOCCOC(=O)C(=C)C,0
COC(=O)CCSCCC(=O)OC,0
CCN(CC)c1ccc(/N=N/c2ccc(S(=O)(=O)N(C)C)cc2)c(S(=O)(=O)NCC[n+]2ccccc2)c1,0
CC(C)COC(=O)/C=C/c1ccccc1,0
COC[C@H](c1ccc(C(F)(F)F)cc1)[NH+]1CCN(C2(C)CCN(C(=O)c3c(C)ncnc3C)CC2)C[C@H]1C,0
CCCc1nc(C)c2c(=O)nc(-c3cc(S(=O)(=O)N4CC[NH+](CC)CC4)ccc3OCC)[nH]n12,0
Clc1cc(Cl)c(Cl)nc1Cl,0
O=P1(N(CCCl)CCCl)NCCCO1,0
CC(C)(C)NSc1nc2ccccc2s1,0
CCCCOC(=O)C(C)OC(=O)CCC,0
C[C@@H]1CCN(C(=O)[C@H](CCCNC(N)=[NH2+])NS(=O)(=O)c2cccc3c2NC[C@H](C)C3)[C@@H](C(=O)[O-])C1,0
C[NH+]1CCC(=C2c3ccccc3CC(=O)c3sccc32)CC1,0
CCOC(=O)C(C)(C)Oc1ccc(Cl)cc1,0
CSc1nc(N=[N+]=[N-])nc(NC(C)C)n1,0
NC(=O)c1ncn([C@@H]2O[C@H](CO)[C@@H](O)[C@H]2O)c1O,0
Nc1ccc(Sc2ccc(N)cc2)cc1,0
CC1=C(C(=O)[O-])N2C(=O)[C@@H](NC(=O)[C@H]([NH3+])c3ccccc3)[C@H]2SC1,0
CS(=O)(=O)NC(=O)CCC/C=C\C[C@H]1C(=O)C[C@@H](O)[C@@H]1/C=C/[C@H](O)COc1ccccc1,0
CC(C)[N+]1(C)C2CCC1CC(OC(=O)C(CO)c1ccccc1)C2,0
O=C1CCCCCCCCCCCN1,0
OCC(Br)CBr,0
O=C([O-])c1ccc(S(=O)(=O)N(Cl)Cl)cc1,0
CC1Cc2ccccc2N1NC(=O)c1ccc(Cl)c(S(N)(=O)=O)c1,0
S=c1[nH]cnc2[nH]cnc12,1
CS(=O)(=O)c1ccc(C2=C(c3ccccc3)C(=O)OC2)cc1,0
CN(C)C(=O)Oc1cccc([N+](C)(C)C)c1,0
O=C([O-])c1ccc([N+](=O)[O-])cc1,0
CC(C)C(=O)OCC(C)(C)C(OC(=O)C(C)C)C(C)C,0
CCCC(=O)OCCC(C)C,0
Nc1cc([N+](=O)[O-])cc([N+](=O)[O-])c1[O-],0
[NH3+]CCc1ccc(O)c(O)c1,0
Cc1ccc(S(=O)(=O)[O-])cc1,0
CC1=C(C=O)C(C)(C)CC=C1,0
CCCCOC(=O)c1ccccc1C(=O)OCCCC,0
CCOc1ccc(NS(=O)(=O)c2ccc(N)cc2)nn1,0
c1coc(-c2nc3ccccc3[nH]2)c1,0
Cc1ccsc1C(=CCC[NH+]1CCC[C@@H](C(=O)[O-])C1)c1sccc1C,0
C=C(C)[C@@H]1CC=C(C=O)CC1,0
CCOP(=O)(SC(C)CC)N1CCSC1=O,0
Cc1cc(NS(=O)(=O)c2ccc(N)cc2)nc(C)n1,0
N#C/C(=C1\SCC(c2ccccc2Cl)S1)n1ccnc1,0
c1ccc(C2CC2)c(OCC2=[NH+]CCN2)c1,0
CC1(C)SC(C)(C)SC(C)(C)S1,0
O=P(OC(CCl)CCl)(OC(CCl)CCl)OC(CCl)CCl,0
COc1cc(Cl)c(OC)cc1Cl,0
COC(=O)[C@H]1CC[C@H](C(=O)OC)CC1,0
CCN(CC)C(=O)N[C@@H]1C=C2c3cccc4[nH]cc(c34)C[C@@H]2[NH+](C)C1,0
CC(C)=CC[NH+]1CC[C@@]2(C)c3cc(O)ccc3C[C@@H]1[C@@H]2C,0
O=C(Cl)C(Cl)(Cl)Cl,0
CO[C@H]1O[C@@H]2O[C@@]3(C)CC[C@H]4[C@H](C)CC[C@@H]([C@H]1C)C24OO3,0
C[C@]12CC[C@H](OS(=O)(=O)[O-])CC1=CC[C@@H]1[C@@H]2CC[C@]2(C)C(=O)CC[C@@H]12,0
BrCc1cccc(Oc2ccccc2)c1,0
CCCCCCCCCCCC(=O)OCC(O)CO,0
CC(C)CCC(=O)CCC(C)C,0
CCOC(=O)[C@H](CCc1ccccc1)[NH2+][C@@H](C)C(=O)N1CC2(C[C@H]1C(=O)[O-])SCCS2,0
CS(=O)(=O)Nc1ccc([N+](=O)[O-])cc1Oc1ccccc1,0
Cc1ccccc1N1C(=O)c2cc(S(N)(=O)=O)c(Cl)cc2NC1C,0
CCCC[n+]1cccc(C)c1,0
CC(C)CN(C[C@@H](OP(=O)([O-])[O-])[C@H](Cc1ccccc1)NC(=O)O[C@H]1CCOC1)S(=O)(=O)c1ccc(N)cc1,0
O=S(=O)([O-])c1cc(O)ccc1O,0
[O-]c1c(Cl)cc(Cl)c(Cl)c1Cl,1
CC1(C)C(=O)N(Cl)C(=O)N1Br,0
O=[N+]([O-])C(CO)(CO)CO,0
COc1ccc(/C=C/C(=O)Nc2ccccc2C(=O)[O-])cc1OC,0
CNS(=O)(=O)CCc1ccc2[nH]cc(C3CC[NH+](C)CC3)c2c1,0
COc1ccccc1OCC(O)COC(N)=O,0
CCCCCCCCCCO,0
CC1=CC(C)C(C=O)C(C)C1,0
O=[N+]([O-])c1cccc(Cl)c1,0
C[NH+]1CC[C@]23c4c5ccc(O)c4O[C@H]2[C@@H](O)C=C[C@H]3[C@H]1C5,0
CC(C)CN(C[C@@H](O)[C@H](Cc1ccccc1)NC(=O)O[C@@H]1CCOC1)S(=O)(=O)c1ccc(N)cc1,0
CCCCOC(=O)C(=O)OCCCC,0
O=C1c2ccccc2C(=O)C1c1ccc(F)cc1,0
CCC1(CC)C(=O)NC(=O)NC1=O,0
CCC(=O)N(c1ccccc1)C1CC[NH+](C(C)Cc2cccs2)CC1,0
CC(CN1c2ccccc2S(=O)(=O)c2ccccc21)C[NH+](C)C,0
O=C([O-])CCCC[C@@H]1SC[C@@H]2NC(=O)N[C@@H]21,0
O=S(=O)(Cl)c1ccccc1,0
Cn1nnc2c(C(N)=O)ncn2c1=O,0
CCOC(C[NH+]1CCN(CC(C)C(=O)c2ccccc2)CC1)c1ccccc1,0
COP(=S)(NC(C)C)Oc1ccc(C)cc1[N+](=O)[O-],0
CC(=O)Nc1ccc2c(c1)Cc1cc(NC(C)=O)ccc1-2,0
CCCCOCCOCCOCc1cc2c(cc1CCC)OCO2,0
CC(=O)Oc1cccc(C(=O)[O-])c1OC(C)=O,0
CC(=O)O[C@H]1C[C@@H]2CC[C@@H]3[C@H](CC[C@@]4(C)[C@H]3C[C@H](N3CC[N+](C)(C)CC3)[C@@H]4OC(C)=O)[C@@]2(C)C[C@@H]1N1CC[N+](C)(C)CC1,0
CCOP(OCC)OCC,0
Cc1cccc(C(C)(C)C)c1O,0
N#CC(C#N)=Cc1ccc(O)c(O)c1,0
O=C(NCCC[NH+]1CCOCC1)c1ccc(Cl)cc1,0
O=C([O-])COCCN1CC[NH+](C(c2ccccc2)c2ccc(Cl)cc2)CC1,0
CCCC[NH+](CCCC)CCCC,0
COCC(=O)Nc1cc(Sc2ccccc2)ccc1[NH+]=C(NC(=O)OC)NC(=O)OC,1
O=C1CC2CC1C1CCCC21,0
CC/C=C\CCOC(=O)CCCCC,0
COC(=O)CCCCCCCCC(=O)OC,0
[NH3+]C(Cc1ccc(Cl)cc1)C(=O)[O-],0
CC(C)[NH2+]CC(O)c1ccc(N)c(C#N)c1,0
CC(C)[N+](C)(CCC(C(N)=O)(c1ccccc1)c1ccccc1)C(C)C,0
CCSC(=O)N1CCCCCC1,0
CCOCCOCCOC(C)=O,0
Cc1cc(=O)oc2cc(N(C)C)ccc12,1
COCCOCCOCCOCCOCCO,0
C=C[C@H]1C[NH+]2CCC1C[C@H]2[C@H](O)c1ccnc2ccc(OC)cc12,0
CCOC(=O)CC(O)C(=O)OCC,0
CC(CCC(=O)[O-])(c1ccc(O)cc1)c1ccc(O)cc1,0
CCNc1nc(NC(C)C(C)C)nc(SC)n1,0
CC12CCCC=C1C(=O)OC2=O,0
O=C([O-])CCCc1ccccc1,0
C[C@H](CCC(=O)[O-])[C@H]1CC[C@H]2[C@@H]3CC[C@@H]4C[C@H](O)CC[C@]4(C)[C@H]3C[C@H](O)[C@]12C,0
CC#CCC(C)[C@H](O)/C=C/C1[C@H](O)C[C@@H]2C/C(=C\CCCC(=O)[O-])C[C@H]12,0
FC(F)(F)COCC(F)(F)F,0
CC(C)c1ncc([N+](=O)[O-])n1C,0
CCC[C@H]([NH2+][C@@H](C)C(=O)N1[C@H](C(=O)[O-])C[C@@H]2CCCC[C@@H]21)C(=O)OCC,0
CCOC(=O)c1ccccc1C(=O)OCC,0
CC[NH+](CC)CCOC(=O)C(O)(c1ccccc1)c1ccccc1,0
C=C(C)C(=O)OC1CC(C)CC(C)(C)C1,0
CCCCN(CCC(=O)OCC)C(C)=O,0
O=C([O-])c1cc2ccccc2nc1C(=O)[O-],0
Cc1cccc(S(=O)(=O)[O-])c1C,0
CC(=O)S[C@@H]1CC2=CC(=O)CC[C@]2(C)[C@H]2CC[C@@]3(C)[C@@H](CC[C@@]34CCC(=O)O4)[C@H]12,1
CNC(=O)Oc1ccc2c(c1)[C@]1(C)CC[NH+](C)[C@@H]1N2C,0
O=C1C2CC3CC1CC(O)(C3)C2,0
O=C1NC(=O)c2cc([N+](=O)[O-])ccc21,0
Nc1ccc(O)c(C(=O)[O-])c1,0
CCCCCCCC(=O)N(C)C,0
Cc1cc(CC(=O)[O-])n(C)c1C(=O)c1ccc(Cl)cc1,0
NC(=O)COCCN1CC[NH+](C(c2ccccc2)c2ccc(Cl)cc2)CC1,0
CC[NH2+][C@H]1C[C@H](C)S(=O)(=O)c2sc(S(N)(=O)=O)cc21,0
CCCOC(=O)c1ccc(N)cc1,0
CN1C(C(=O)Nc2ccccn2)C(=O)c2sc(Cl)cc2S1(=O)=O,0
CCCCOc1ccc(OCCC[NH+]2CCOCC2)cc1,0
O=S(=O)([O-])c1cc(Cl)c(Cl)cc1Cl,0
[NH3+]CCCOCCOCCOCCC[NH3+],0
CC(=O)OC/C=C(\C)CCC=C(C)C,0
COc1ccc(C(=O)c2cccc(O)c2)c(OC)c1,0
COc1cc(Cc2cnc(N)nc2N)cc(OC)c1OC,0
CCCC(=O)O[C@]1(C(=O)COC(C)=O)CC[C@H]2[C@@H]3C[C@H](F)C4=CC(=O)C=C[C@]4(C)[C@@]3(F)[C@@H](O)C[C@@]21C,0
CC1=C(C=O)C(C)(C)CCC1,0
COc1cc2[nH]c(C)c(CC[NH+]3CCN(c4ccccc4)CC3)c2cc1OC,0
CNC(=O)[C@H]1O[C@@H](n2cnc3c(NCc4cc(Cl)ccc4OCc4cc(C)no4)ncnc32)[C@H](O)[C@@H]1[NH3+],0
CC(=O)Oc1c(C)cc(OCC(O)C[NH2+]C(C)C)c(C)c1C,0
CCCCOC(=O)c1ccccc1C(=O)[O-],0
Nc1ccn([C@@H]2O[C@H](CO)[C@@H](O)C2(F)F)c(=O)n1,1
C[C@@H]1C[C@H]2[C@@H]3CCC4=CC(=O)C=C[C@]4(C)[C@@]3(Cl)[C@@H](O)C[C@]2(C)[C@@]1(OC(=O)c1ccco1)C(=O)CCl,0
CC(=O)OCC(=O)[C@@]1(O)CC[C@H]2[C@@H]3CCC4=CC(=O)C=C[C@]4(C)[C@H]3[C@@H](O)C[C@@]21C,0
C[NH+]1CC[C@]23c4c5ccc(O)c4O[C@H]2[C@@H](O)CC[C@H]3[C@H]1C5,0
N#Cc1ccc(C(c2ccc(C#N)cc2)n2cncn2)cc1,0
OC1OC[C@@H](O)[C@H](O)[C@H]1O,0
Cc1cccc([N+](=O)[O-])c1C(=O)[O-],0
CC1CCCC(C)N1NC(=O)c1ccc(Cl)c(S(N)(=O)=O)c1,0
O=S(=O)([O-])c1ccccc1O,0
CC[NH+](CC)CCNC(=O)COc1ccc(Cl)cc1,0
C[N+](C)(C)CCOC(=O)C(O)(c1ccccc1)c1ccccc1,0
CC1(C)[C@@H]2CC[C@@]1(C)[C@H](O)C2,0
CC1CCC(C(C)C)C(O)C1,0
Cc1c(Cl)cccc1[N+](=O)[O-],0
CC1(C)[C@@H](OC(=O)CCC(=O)[O-])CC[C@]2(C)[C@H]3C(=O)C=C4[C@@H]5C[C@@](C)(C(=O)[O-])CC[C@]5(C)CC[C@@]4(C)[C@]3(C)CC[C@@H]12,0
[NH3+][C@@H](Cc1ccc(N(CCCl)CCCl)cc1)C(=O)[O-],1
COc1ccccc1N1CC[NH+](CCCC(=O)c2ccc(F)cc2)CC1,0
CC(=O)Nc1ccc(OC(=O)c2ccccc2O)cc1,0
O=C1OC(=O)c2c(Cl)c(Cl)c(Cl)c(Cl)c21,0
CCCCC1CCC(O)CC1,0
CC(=O)/C(C)=C/C1C(C)=CCCC1(C)C,0
CC(=O)O[C@H]1C[C@@H]2CC[C@@H]3[C@H](CC[C@@]4(C)[C@H]3C[C@H]([N+]3(C)CCCCC3)[C@@H]4OC(C)=O)[C@@]2(C)C[C@@H]1[N+]1(C)CCCCC1,0
Nc1cc(C(=O)[O-])ccc1Cl,0
C#C[C@]1(O)CC[C@H]2[C@@H]3CCC4=CC(=O)CC[C@]4(C)[C@H]3CC[C@@]21C,0
CCC(C(=O)NC(=O)NC(C)=O)c1ccccc1,0
C=CCCCCCCCCO,0
CC(C)c1cccc(C(C)C)c1O,0
CCCCC[NH2+]CCCCC,0
CC(Cc1ccccc1)(NC(=O)C[NH3+])c1ccccc1,0
O=[N+]([O-])C(Br)(CO)CO,0
CC(C)(C)[NH2+]CC(O)COc1cccc2c1C[C@H](O)[C@H](O)C2,0
COCC(=O)Nc1c(I)c(C(=O)NCC(O)CO)c(I)c(C(=O)N(C)CC(O)CO)c1I,0
Brc1ccccc1,0
Cc1oc2c(NC(=O)c3c(Cl)cccc3Cl)cccc2c1C(C)(C)O,0
CC[NH+](CC)CC#CCOC(=O)C(O)(c1ccccc1)C1CCCCC1,0
OCCOCCOCCOCCO,0
O=C(Oc1ccccc1C(=O)[O-])c1ccccc1O,0
CN/C(=N\c1ccc(C2=NNC(=O)CC2C)cc1)NC#N,0
CCCCC(CC)COC(=O)CC#N,0
CCC(C)(O)CCC=C(C)C,0
CCOC(=O)C1CC(=O)C(=C([O-])C2CC2)C(=O)C1,0
C[NH2+]C1(C)C2CCC(C2)C1(C)C,0
O=C(Oc1ccccc1)c1ccc2ccccc2c1O,0
CC(C)(OOC(C)(C)c1ccccc1)c1ccccc1,0
CCOC(=O)c1cccc(N)c1,0
[NH3+]CCNC(=O)c1ccc(Cl)cn1,0
CCC(=O)OCc1ccccc1,0
Cc1cc(N)n(-c2ccccc2)n1,0
ClC(Cl)(Cl)C(Cl)(Cl)Cl,0
CN(C)C(=O)Nc1ccc(Cl)cc1,0
[NH3+]Cc1ccccc1Sc1ccccc1CO,0
COCCOC(=O)c1ccccc1C(=O)OCCOC,0
CC(C)Oc1ccc2c(=O)c(-c3ccccc3)coc2c1,0
CCCC/C=C/CCCCO,0
Cc1ccc(C(C)C)c(O)c1,0
N#C/N=C1\SCCN1Cc1ccc(Cl)nc1,0
CC(=O)NC(CCC(N)=O)C(=O)[O-],0
CC(=O)OCCCc1ccccc1,0
C[C@H]1CC[C@]2([NH2+]C1)O[C@H]1C[C@H]3[C@@H]4CC[C@H]5C[C@@H](O)CC[C@]5(C)[C@H]4CC[C@]3(C)[C@H]1[C@@H]2C,0
C=C1C[C@H]2[C@@H]3C=C(C)C4=CC(=O)CC[C@]4(C)[C@H]3CC[C@]2(C)[C@@]1(OC(C)=O)C(C)=O,0
O=C1/C(=C2\Nc3ccc(S(=O)(=O)[O-])cc3C2=O)Nc2ccc(S(=O)(=O)[O-])cc21,0
COC(=O)Cc1ccccc1,0
BrCCc1ccccc1,0
COc1cc(C(=S)N2CCOCC2)ccc1O,0
OC[C@@H](O)[C@H]1O[C@@H]2O[C@@H](C(Cl)(Cl)Cl)O[C@@H]2[C@H]1O,0
O=C=NC1CCC(CC2CCC(N=C=O)CC2)CC1,0
CC(=O)NCCCCCC(=O)[O-],0
COC(=O)Nc1ccc(Cl)c(Cl)c1,0
CN1C(CSCC(F)(F)F)Nc2cc(Cl)c(S(N)(=O)=O)cc2S1(=O)=O,0
C/C=C/C=C/CCCCCCCO,0
CCNC(=O)NC(=O)/C(C#N)=N/OC,0
Oc1ccccc1/C=N/Cc1ccccc1,0
COc1cc(S(=O)(=O)[O-])c(C)cc1/N=N/c1c(O)ccc2cc(S(=O)(=O)[O-])ccc12,0
COc1ccc2c(=O)c(C)c(-c3ccccc3)oc2c1C[NH+](C)C,0
c1ccc2c(c1)CCCC2C1=[NH+]CCN1,0
CCCCCCOC(=O)CCCCC,0
Clc1cccc2ccccc12,0
COC(=O)[C@@H]1[C@H]2C[C@H]3c4[nH]c5ccccc5c4CC[NH+]3C[C@@H]2CC[C@@H]1O,0
Cc1nnc2n1-c1ccc(Cl)cc1C(c1ccccc1)=NC2,0
O=C([O-])CCCCCCCCCC(=O)[O-],0
COC(=O)[C@H]1[C@H]2C[C@@H]3c4[nH]c5cc(OC)ccc5c4CC[NH+]3C[C@H]2C[C@@H](OC(=O)COc2ccc(OC)cc2)[C@@H]1OC,0
O=C([O-])c1nc(Cl)ccc1Cl,0
Cc1cc([N-]S(=O)(=O)c2ccc(N)cc2)no1,0
O=[N+]([O-])c1cccc2ccccc12,0
COc1ccccc1N1CC[NH2+]CC1,0
Cc1cccc(C(C)c2c[nH]cn2)c1C,0
C#C[C@]1(O)CC[C@H]2[C@@H]3CCC4=C(CCC(=O)C4)[C@H]3CC[C@@]21C,0
CCCCCC[NH2+]CCCCCC,0
CCCC(=O)Nc1ccc(OCC(O)C[NH2+]C(C)C)c(C(C)=O)c1,0
CC1(C)CC([NH3+])CC(C)(C[NH3+])C1,0
CC(COCCO)OCCO,0
C=CC(=O)OCCCCCCCC,0
N#Cc1ccc(C2CCCc3cncn32)cc1,0
COc1cc(C(C)=O)ccc1OCCC[NH+]1CCC(c2noc3cc(F)ccc23)CC1,0
[NH3+]C1CCN(c2cccc(Cl)n2)CC1,0
CCC(C(=O)OCC[NH+](CC)CC)c1ccccc1,0
O=Cc1ccc([N+](=O)[O-])cc1,0
COC(C(=O)[O-])c1ccccc1,0
OCc1cccc(Oc2ccccc2)c1,0
CSc1nnc(C(C)(C)C)c(=O)n1N,0
C=CCCCCCCCCC=O,0
Brc1c2ccccc2cc2ccccc12,1
NNS(=O)(=O)c1ccc(Oc2ccc(S(=O)(=O)NN)cc2)cc1,0
CCCCCCCCC(=O)Cl,0
C[C@]12CCC(=O)C=C1C=C[C@@H]1[C@@H]2CC[C@@]2(C)[C@H]1CC[C@@]21CCC(=O)O1,0
CCOP(=S)(NC(C)C)Oc1ccccc1C(=O)OC(C)C,0
NC(=O)c1ccc([N+](=O)[O-])cc1,0
O=C(OCc1ccccc1)c1ccc(O)cc1,0
C=C(C)C(=O)OCCOC(=O)CC(C)=O,0
CC1=NN(c2cc(S(=O)(=O)[O-])ccc2Cl)C(=O)C1/N=N/c1ccccc1,0
CCc1cccc2c3c([nH]c12)C(CC)(CC(=O)[O-])OCC3,0
COC(=O)c1cncn1C(C)c1ccccc1,0
CCC(=O)OC(C)c1ccccc1,0
CCSC(=O)N(CC)C1CCCCC1,0
O=C1O[C@H]([C@@H](O)CO)C([O-])=C1O,0
O=[N+]([O-])c1c(Cl)cc(Cl)cc1Cl,0
O=S(=O)([O-])c1ccc(O)cc1,0
NC(=[NH2+])NCC[NH+]1CCCCCCC1,0
Cc1cc(C(C)(C)C)c(O)c(C(C)(C)C)c1,0
CC(C)(C)NCC[NH2+]C(C)(C)C,0
CCOC(=O)c1ccccc1C,0
CC1(C)[C@@H]2CC[C@@]1(C)C(=O)C2,0
CC(C)(C)CC(=O)OCC(=O)[C@@]12OC(C)(C)O[C@@H]1C[C@H]1[C@@H]3CCC4=CC(=O)C=C[C@]4(C)[C@@]3(F)[C@@H](O)C[C@@]12C,0
CC[N+](C)(C)c1cccc(O)c1,0
CC(COC(C)(C)C)OCCCO,0
C[C@H]1C[C@H]2[C@@H]3CCC4=CC(=O)C=C[C@]4(C)[C@@]3(Cl)[C@@H](O)C[C@]2(C)[C@@]1(O)C(=O)CO,0
COc1cc([C@H]2Oc3cc([C@H]4Oc5cc(O)cc([O-])c5C(=O)[C@@H]4O)ccc3O[C@@H]2CO)ccc1O,0
CC(=O)Oc1cccc(O)c1,0
CC1=C(C)S(=O)(=O)CCS1(=O)=O,0
CC(=O)CC(=O)Nc1ccc(S(=O)(=O)[O-])cc1,0
[NH3+][C@@H](Cc1ccc(O)cc1)C(=O)[O-],0
COc1cc(CCC(C)=O)ccc1O,0
CC(C)(O)c1ccc(CNC(=O)c2cccnc2Oc2ccc3nonc3c2)cc1,0
CC(C)(C)C(O)/C=C/c1ccc2c(c1)OCO2,0
CC[NH+](CC)CCCC(C)Nc1cc[nH+]c2cc(Cl)ccc12,0
COCCOCCOCCOCCO,0
CCOC(=O)[C@H](CCc1ccccc1)[NH2+][C@H]1CCCN2CCC[C@@H](C(=O)[O-])N2C1=O,0
CC(=O)Nc1c(I)c(NC(C)=O)c(I)c(C(=O)[O-])c1I,0
C[NH2+]Cc1ccc(NC(=O)c2c[nH]c3c2C(=O)CCC3)cc1,0
Cc1ccc(N)c(S(=O)(=O)[O-])c1,0
O=C1c2c([O-])cccc2Cc2cccc([O-])c21,0
O=[N+]([O-])c1ccccc1CCO,0
CC1=CC(=O)/C(=C(/C)[O-])C(=O)O1,0
CC(C)Oc1ccccc1O,0
CC(C)(C)C(=O)CCc1ccc(Cl)cc1,0
Nc1cc(S(=O)(=O)[O-])ccc1S(=O)(=O)[O-],0
NNc1ccc(C(=O)[O-])cc1,0
CCN(CC)C(=O)c1ccc(O)c(OC)c1,0
CCC(=O)N(c1ccccc1)C1CC[NH+](CCc2cccs2)CC1C,0
COC(=O)/C=C/c1ccccc1,0
C#CCOC(C(=O)OCC[NH+](C)C)(c1ccccc1)c1ccccc1,0
CS(=O)(=O)OCCCCOS(C)(=O)=O,0
COc1ccc2cc([C@H](C)C(=O)[O-])ccc2c1,0
CC1(C)CC([NH3+])CC(C)(C)[NH2+]1,0
CC(=O)OCC(=O)NCCCOc1cccc(C[NH+]2CCCCC2)c1,0
ClC(Cl)(Br)Br,0
FC(F)(F)C(F)(F)C(F)(F)C(F)(F)C(F)(F)C(F)(F)F,0
C[C@H]1C(=O)O[C@@H]2CC[NH+]3CC=C(COC(=O)[C@](C)(O)[C@]1(C)O)[C@H]23,0
CC1(C)Cc2cccc(N)c2O1,0
c1cc(N(CC2CO2)CC2CO2)ccc1OCC1CO1,1
C[C@]12CCC(=O)C=C1CC[C@@H]1[C@@H]2[C@@H](O)C[C@@]2(C)[C@H]1CC[C@]2(O)C(=O)CO,0
ClCCOCOCCCl,0
C[NH+](C)CCc1ccc(O)cc1,0
CCNc1nc(Cl)nc(NCC)n1,0
CC(C)[C@H]1CC[C@@H](C)CC1=O,0
CC(=O)CC(=O)Nc1ccccc1C,0
C[C@]12CCC(=O)C=C1CC[C@@H]1[C@@H]2CC[C@]2(C)C(=O)CC[C@@H]12,0
Nc1ccc(NCCO)c([N+](=O)[O-])c1,0
CCC(C)OC(=O)c1ccc(O)cc1,0
Oc1cc(Cl)ccc1Cl,0
C[C@@H]1C[C@H]2[C@@H]3CCC4=CC(=O)C=C[C@]4(C)[C@@]3(F)[C@@H](O)C[C@]2(C)[C@@]1(O)C(=O)COP(=O)([O-])[O-],0
NC(=[NH2+])NC(=[NH2+])N1CCOCC1,0
CCOC(=O)[C@H](CCc1ccccc1)[NH2+][C@@H](C)C(=O)N1CCC[C@H]1C(=O)[O-],0
Cc1ccc(S(=O)(=O)NC(=O)NC2CCCCC2)cc1,0
BrCCOc1ccccc1,0
O=Cc1ccc(F)c(Br)c1,0
O=C([O-])CCSCCC(=O)[O-],0
Cc1cc(=O)nc(C(C)C)[nH]1,0
CCCCc1ccc(C(=O)[O-])nc1,0
CCCCCc1ccc(Cl)cc1,0
O=C1Nc2ccc(Cl)cc2C(c2ccccc2Cl)=NC1O,0
OCC1CC2CC1C1CCC(CO)C21,0
CC(C)[NH2+]CC(O)COc1cccc2ccccc12,0
CC1CC(OC(=O)c2ccccc2O)CC(C)(C)C1,0
OCc1c2ccccc2cc2ccccc12,0
Cc1cc(NC(=O)C(=O)[O-])cc(C)c1Oc1ccc(O)c2c1CCC2,0
COC(=O)c1sccc1S(N)(=O)=O,0
CSc1nc(NC2CC2)nc(NC(C)(C)C)n1,0
N#Cc1c2ccccc2cc2ccccc12,1
Cc1cc(Cl)c(C)cc1Cl,0
CCN1CN(CC)C[NH+](CC)C1,0
CC(C(=O)[O-])c1cccc(C(=O)c2ccccc2)c1,0
C=C(C)C(=O)OCCCCOC(=O)C(=C)C,0
CCS(=O)(=O)CCn1c([N+](=O)[O-])cnc1C,0
ClC(Cl)(Cl)Br,0
O=C(/C=C/c1ccccc1)OCc1ccccc1,0
CC(C)Cn1cnc2c1c(=O)n(C)c(=O)n2C,0
O=C([C-](Cl)Cl)N1CCOC12CCCCC2,0
N#CC1(N2CCCCC2)CCCCC1,0
O=C([O-])c1cc(/N=N/c2ccc([N+](=O)[O-])cc2)ccc1O,0
Cc1ccc2c(c1)C(=O)c1ccccc1C2=O,0
C#CC[NH+](C)[C@H](C)Cc1ccccc1,0
CCOP(=S)(OCC)O/N=C(\C#N)c1ccccc1,0
CCCCCCOC(=O)c1ccccc1,0
O=C([O-])/C=C/c1ccc(O)c(O)c1,0
CC(O)CN(CC[NH+](CC(C)O)CC(C)O)CC(C)O,0
CCCCCCC1(C)CCC(=O)O1,0
O=C=Nc1ccc(Cl)c(Cl)c1,0
O=c1oc(=O)c2cc3c(=O)oc(=O)c3cc12,0
O=[N+]([O-])C([N+](=O)[O-])([N+](=O)[O-])[N+](=O)[O-],0
CC(C)C(=O)OC(=O)C(C)C,0
CC1(C)[C@H]2CC[C@]1(C)[C@H](O)C2,0
CCOC(=O)N(C)C(=O)CSP(=S)(OCC)OCC,0
COc1cc2c(cc1OC)[C@@]13CC[NH+]4CC5=CCO[C@H]6CC(=O)N2[C@H]1[C@H]6[C@H]5C[C@H]43,0
CCCC(C)(COC(N)=O)COC(=O)NC(C)C,0
CCOP(=S)(OCC)Oc1cnc2ccccc2n1,0
CNC(=O)NC(O)C(Cl)(Cl)Cl,0
O=C([O-])CC(O)(CC(=O)[O-])C(=O)[O-],0
O=C(C(Cl)(Cl)Cl)C(Cl)(Cl)Cl,0
CN(C)C(=S)SC(=S)N(C)C,0
Cn1c(NCC[NH+](CCO)CCCc2ccc([N+](=O)[O-])cc2)cc(=O)n(C)c1=O,0
O=C1CC[C@@]2(O)[C@H]3Cc4ccc(O)c5c4[C@@]2(CC[NH+]3CC2CC2)[C@H]1O5,0
CO[C@H]1O[C@H](CO)[C@@H](O)[C@H](O)[C@H]1O,0
COc1ccc(COC(C)=O)cc1,0
COP(=O)(OC)C(O)C(Cl)(Cl)Cl,0
O=C(CC(=O)c1ccccc1)c1ccccc1,0
COc1ccc(C(=O)c2ccc(C)cc2)c(O)c1,0
O=C1CC2(CCCC2)CC(=O)N1CCCC[NH+]1CCN(c2ncccn2)CC1,0
CN1CC[NH+](CCCN2c3ccccc3Sc3ccc(S(=O)(=O)N(C)C)cc32)CC1,0
CCCCC(CC)C(=O)Cl,0
CC(CC(C#N)(c1ccccc1)c1ccccc1)[NH+](C)C,0
COc1ccc2c(C(=S)N(C)CC(=O)[O-])cccc2c1C(F)(F)F,0
CC(=O)O[C@@H]1CC2CCC1(C)C2(C)C,0
CCC(=O)O[C@@H]1C[C@H]2CC[C@]1(C)C2(C)C,0
CC1(C)S[C@@H]2[C@H](NC(=O)[C@H]([NH3+])c3ccc(O)cc3)C(=O)N2[C@H]1C(=O)[O-],0
CC(=O)Nc1nnc(S(N)(=O)=O)s1,0
COc1ccc(COC=O)cc1,0
CCC(=O)C1CC(C(C)C)CC=C1C,0
COC(=O)c1ccccc1CS(=O)(=O)NC(=O)Nc1nc(OC)cc(OC)n1,0
C=C(Cl)CSC(=S)N(CC)CC,0
O=C(N[C@H]1C[NH+]2CCC1CC2)c1ccc2c(c1)OCCO2,0
Cc1ccc(N)c([N+](=O)[O-])c1,0
CCCCOCCOCCO,0
CC(C)CP(=S)(S)CC(C)C,0
CC(=O)OCC(C)OC(C)=O,0
CCN(CC)c1ccc2c(C)cc(=O)oc2c1,1
O=c1[nH]c(=O)n([C@H]2C[C@H](O)[C@@H](CO)O2)cc1/C=C/Br,0
CC(O)C[NH+](CC(C)O)CC(C)O,0
O=C([O-])c1cc(Cl)cc(Cl)c1,0
Cc1c(N)c(=O)n(-c2ccccc2)n1C,0
CCN(CC)C(=O)[C@]1(c2ccccc2)C[C@@H]1C[NH3+],0
CC(=O)OC1(c2ccccc2)CC[NH+](CCc2ccccc2)CC1,0
Cc1ccccc1OCC(O)C[NH2+]CCOc1ccc(C(N)=O)cc1,0
O=S(=O)([O-])c1ccc(/N=N/c2c(O)ccc3ccccc23)cc1,0
Cc1ccc([NH+]=CN(C)C=[NH+]c2ccc(C)cc2C)c(C)c1,0
Cc1cnc(C2=[NH+]C(=O)C(C)(C(C)C)N2)c(C(=O)[O-])c1,0
COc1ccc(C(=O)Nc2ccccc2)cc1[N+](=O)[O-],0
CCCc1cc(C(N)=S)ccn1,0
Cc1cc(C(C)(C)C)cc(C)c1CC1=[NH+]CCN1,0
C/C(=C\C(C)CC(C)CC(C)C)C1CC(=O)OC1=O,0
Cc1cccc(C)c1NC(=O)CN1CCCC1=O,0
O=C1N(c2ccccc2)c2ccccc2C1(Cc1ccncc1)Cc1ccncc1,0
O=S(=O)([O-])CC(S)CS,0
O=[N+]([O-])/N=C1\NCCN1Cc1ccc(Cl)nc1,0
O=C(O[C@@H](C(=O)[O-])[C@@H](OC(=O)c1ccccc1)C(=O)[O-])c1ccccc1,0
Nc1ccc(S(N)(=O)=O)cc1,0
CC(C)Cc1ccc(CC(=O)[O-])cc1,0
O=c1nc([O-])n(Cl)c(=O)n1Cl,0
C=C(C)C1CC=C(C)C(O)C1,0
C[N+]1(CCC(C(N)=O)(c2ccccc2)c2ccccc2)CCCCC1,0
COc1ccc(Cl)cc1C,0
CCCSC(=O)N(CCC)CCC,0
O=C([O-])c1ccc(NC(=O)[C@H](Cc2ccc(O)cc2)NC(=O)c2ccccc2)cc1,0
CN(C)C(=O)Oc1ccc[n+](C)c1,0
CCC(=O)N(c1ccccc1)C1CC[NH+](C(C)Cc2ccccc2)CC1,0
C#CCN1C(=O)COc2cc(F)c(N3C(=O)C4=C(CCCC4)C3=O)cc21,0
CC(C)c1ccc2ncccc2c1,0
O=C([O-])c1ccc(Cl)c(Cl)c1,0
Cc1ccc(/N=N/c2c(O)ccc(/N=N/c3ccc(S(=O)(=O)[O-])cc3)c2O)c(C)c1,0
C[C@]12[NH2+][C@H](Cc3ccccc31)c1ccccc12,0
OCCSSCCO,0
C1C2OC2C2C1C1CC2C2OC12,0
IC(I)I,0
c1ccc2c(c1)oc1ccccc12,0
CCOC1Oc2ccc(OS(C)(=O)=O)cc2C1(C)C,0
C1CC(COCC2CO2)CCC1COCC1CO1,0
CCCCOP(=O)([O-])OCCCC,0
NC(=O)CC[C@H](Nc1ccc([N+](=O)[O-])cc1)C(=O)[O-],0
CC(=O)OC1C[NH+]2CCC1CC2,0
BrCc1ccc(Br)cc1,0
O=S(=O)(Cl)c1c(Cl)cccc1Cl,0
NC(=[NH2+])NCC1COC2(CCCCC2)O1,0
O=c1[c-](CCS(=O)c2ccccc2)c(=O)n(-c2ccccc2)n1-c1ccccc1,0
CCOC(=O)[C@H](CCc1ccccc1)[NH2+][C@@H](C)C(=O)N(CC(=O)[O-])C1Cc2ccccc2C1,0
O=C([O-])c1cccc(Cl)c1Cl,0
O=C([O-])CCCCC1CCSS1,0
COc1c(C(C)(C)C)cc([N+](=O)[O-])c(C)c1[N+](=O)[O-],0
O=C([O-])COc1cc(Cl)c(Cl)cc1Cl,0
C[NH2+]C1(c2ccccc2Cl)CCCCC1=O,0
CC1CC(=O)NN=C1c1ccc(NCC(C)(C)[NH2+]CC(O)COc2cc(Cl)ccc2C#N)cc1,0
O=C(C[C@@H]1[NH2+]CCC[C@H]1O)Cn1cnc2cc(Br)c(Cl)cc2c1=O,0
O=S(=O)([O-])c1ccc2ccccc2c1,0
C=C(C)C(=O)OCC[NH2+]C(C)(C)C,0
CCCCCCCCCCCC#N,0
O=[N+]([O-])c1cc(Cl)c(Cl)cc1Cl,0
O=[N+]([O-])c1cccc(C(F)(F)F)c1,0
N#Cc1c(Cl)cccc1Cl,0
CCNc1cc(O)ccc1C,0
COC(C)(C)CCCC(C)CC=O,0
Cc1cc(C(=O)NNCc2ccccc2)no1,0
CC=CC1=C(C(=O)[O-])N2C(=O)[C@@H](NC(=O)[C@H]([NH3+])c3ccc(O)cc3)[C@H]2SC1,0
O=C(Oc1ccccc1)c1ccccc1O,0
NNC(=O)c1cccc(C(=O)NN)c1,0
O=C([O-])CCNC(=O)c1ccccc1,0
CC(Cc1ccc(O)cc1)[NH2+]CC(O)c1cc(O)cc(O)c1,0
CC1(C)C(=O)NC(=O)N1CO,0
CCCCCOC(=O)CCCCC,0
Nc1ccc(Cl)cc1Cl,0
CC(C=O)Cc1ccc(C(C)C)cc1,0
CCOC(=O)Cc1ccc(-c2ccccc2)cc1,0
BrCCCCBr,0
C[N+](C)(C)CCOC(=O)CCC(=O)OCC[N+](C)(C)C,0
CCCCCSCCCCC,0
C=CC1(C)CC(OC(=O)CO)C2(C)C(C)CCC3(CCC(=O)C32)C(C)C1O,0
CC[NH+](CC)CCOCCOC(=O)C1(c2ccccc2)CCCC1,0
C=C(C)C(=O)OCC[N+](C)(C)C,0
[N-]=[N+]=C1C=Cc2c(cccc2S(=O)(=O)[O-])C1=O,0
Nc1cccc(S(=O)(=O)c2cccc(N)c2)c1,0
O=C([O-])Cc1cccc2ccccc12,0
CC(C)(C)NC(=O)[C@H]1CC[C@H]2[C@@H]3CC=C4C=C(C(=O)[O-])CC[C@]4(C)[C@H]3CC[C@]12C,0
O=c1[nH]c(=O)n(Cl)c(=O)n1Cl,0
CCCCCCC(=O)c1ccccc1,0
CC(C)C1(C)[NH+]=C(c2nc3ccccc3cc2C(=O)[O-])NC1=O,0
CCc1ccc(Br)cc1,0
C[C@]12CC[C@H](O)CC1=CC[C@@H]1[C@@H]2CC[C@]2(C)C(=O)CC[C@@H]12,0
C[NH+](C)CCc1c[nH]c2cccc(O)c12,0
ICCc1ccccc1,0
C[NH2+]CC(O)c1ccc(OC(=O)C(C)(C)C)c(OC(=O)C(C)(C)C)c1,0
ClC(Cl)(Cl)Cl,0
O=C([O-])c1nc(O)nc(O)n1,0
CC(=O)OC/C=C/c1ccccc1,0
O=C([O-])c1cc(=O)c2ccccc2o1,0
C=C(C)C(=O)OCc1ccccc1,0
O=C1OCCN1/N=C/c1ccc([N+](=O)[O-])o1,0
CC(C)N(c1ccccc1)C(C)C,0
NC(=[NH2+])c1ccc(OCCCOc2ccc(C(N)=[NH2+])cc2)cc1,0
CC(=O)[C@H]1[C@H](C#N)C[C@H]2[C@@H]3CC=C4C[C@@H](O)CC[C@]4(C)[C@H]3CC[C@@]21C,0
O=C1CCCCCCCCCCCC(=O)OCCO1,0
O=C([O-])c1ccc2[nH]cc(CCCC[NH+]3CC=C(c4ccccc4)CC3)c2c1,0
Cn1c(N)nc2c3cccnc3ccc21,0
Nc1nc(F)nc2c1ncn2[C@@H]1O[C@H](CO)[C@@H](O)[C@@H]1O,1
COc1c2c(cc3c1OCO3)CC[NH+](C)C2,0
C[NH+](C)C/C=C(/c1ccc(Br)cc1)c1cccnc1,0
C[NH+](C)CCC[NH2+]CCC[NH+](C)C,0
O=C(N[C@H](CO)[C@H](O)c1ccc([N+](=O)[O-])cc1)[C-](Cl)Cl,0
CCC(=O)O[C@H]1CC[C@H]2[C@@H]3CCC4=CC(=O)CC[C@]4(C)[C@H]3CC[C@]12C,0
CC(CCl)OP(=O)(OC(C)CCl)OC(C)CCl,0
CC(C)[C@H]([NH3+])C(=O)OCCOCn1cnc2c(=O)[nH]c(N)nc21,0
Cc1ccc(C(C)NC(=O)[C@@H](NC(=O)OC(C)C)C(C)C)cc1,0
Cc1ccccc1Br,0
O=C([O-])c1cccc(Cl)c1,0
CC(C)CCOC(=O)/C=C/c1ccccc1,0
O=C(Cn1ccnc1[N+](=O)[O-])NCCO,0
O=C1NCN(c2ccccc2)C12CC[NH+](CC1COc3ccccc3O1)CC2,0
C=CC(C)(O)CC/C=C(\C)CC,0
Nc1nc(N)nc(-c2ccccc2)n1,0
Cc1cccc(C)c1NC1=[NH+]CCCS1,0
OCCOc1ccc(OCCO)cc1,0
FC(F)(F)c1ccc(Cl)cc1Cl,0
Cc1cc(C(=C2C=CC(=N)C=C2)c2ccc(N)cc2)ccc1N,0
CC(C)OC(=O)Nc1cccc(Cl)c1,0
CN(C)C(=O)COC(=O)Cc1ccc(OC(=O)c2ccc(NC(N)=[NH2+])cc2)cc1,0
C=CCOC(=O)c1ccccc1N,0
CCC(=O)N(c1ccccc1)C1CC[NH+](Cc2ccccc2)CC1,0
CNC(=O)O/N=C(\SC)C(=O)N(C)C,0
Cc1ccc(OC(=O)CC(C)C)cc1,0
O=C1NC(=O)[C@@]2(CCOc3ccc(F)cc32)N1,0
COc1cc(/C=C/C(=O)CC(=O)/C=C/c2ccc(O)c(OC)c2)ccc1O,1
c1ccc(OCCOc2ccccc2)cc1,0
CCCCOC(=O)CCCCC(=O)OCCCC,0
CCOC(=O)NC(C)(C)Cc1ccc(Cl)cc1,0
CC(=O)c1ccc([N+](=O)[O-])cc1,0
COC(=O)c1cc(Cl)cc(Cl)c1,0
CC(=O)OCC(=O)Nc1cc(C#N)cc(NC(=O)COC(C)=O)c1Cl,0
CCCOc1nn(C(=O)NS(=O)(=O)c2ccccc2C(=O)OC)c(=O)n1C,0
CS(=O)(=O)OCCC[NH2+]CCCOS(C)(=O)=O,0
Cc1c(F)c(N2CC[NH2+]C(C)C2)cc2c1c(=O)c(C(=O)[O-])cn2C1CC1,0
COCC(=O)N(c1c(C)cccc1C)C(C)C(=O)OC,0
CCCCCCCCCC(=O)OC,0
COc1nc(NC(C)C)nc(NC(C)C)n1,0
O=C(COc1ccc(Cl)cc1)N1CC[NH+](Cc2ccc3c(c2)OCO3)CC1,0
CCCCn1cc[n+](C)c1C,0
O=C([O-])c1cc2ccccc2cc1O,0
O=C1c2c([O-])cccc2[C@H]([C@@H]2O[C@H](CO)[C@@H](O)[C@H](O)[C@H]2O)c2cc(CO)cc([O-])c21,0
CCCCCCCC1CCCC1=O,0
CCOC(=O)[C@H](CCc1ccccc1)[NH2+][C@H]1CCc2ccccc2N(CC(=O)[O-])C1=O,1
O=[N+]([O-])c1ccc(F)cc1F,0
CC(=O)Nc1ccc(OCCOCCOc2ccc(NC(C)=O)cc2)cc1,0
O=C([O-])CCCCCCCC(=O)[O-],0
CCOP(=S)(Oc1cnc(C(C)(C)C)nc1)OC(C)C,0
C[NH2+]C[C@H](O)c1ccc(O)c(O)c1,0
C[C@]12CC[C@H]3[C@@H](CCC4=CC(=O)CC[C@@]43C)[C@@H]1CC[C@@H]2C(=O)CO,0
O=C([O-])c1cccc([N+](=O)[O-])c1,0
C#C[C@]1(OC(C)=O)CC[C@H]2[C@@H]3CCC4=CC(=O)CC[C@@H]4[C@H]3CC[C@@]21C,0
[NH3+]CC1(CC(=O)[O-])CCCCC1,0
CCCCCCCCCCCCO,0
CC(=O)CN(CC(C)=O)N=O,0
COc1ccc(/C=N/NC(=O)c2ccncc2)cc1OC,0
CCN(CC)C(=O)SCc1ccc(Cl)cc1,0
CO[C@@H]1COCC[C@@H]1[NH2+][C@@H]1CC[C@@](C(=O)N2CCc3ncc(C(F)(F)F)cc3C2)(C(C)C)C1,0
CCCCC(CC)COCCC[NH3+],0
ClCC(Br)CBr,0
CCCC[NH+](CCCC)CCCOC(=O)c1ccc(N)cc1,0
CCC(C)(O)CCCC(C)C,0
CC(=O)S[C@H](C(=O)N[C@H]1Cc2ccccc2[C@H]2CCC[C@@H](C(=O)[O-])N2C1=O)C(C)C,0
CCN(CC#N)c1cccc(C)c1,0
CNc1cnn(-c2cccc(C(F)(F)F)c2)c(=O)c1Cl,0
C=CC(C)(CCC=C(C)C)OC(=O)C(C)C,0
C[NH+](C)CCOCC[NH+](C)C,0
O=C(Cl)c1cccc([N+](=O)[O-])c1,0
COc1ccc(-c2ccccc2)cc1NNC(=O)OC(C)C,0
Oc1cccc2cc3cccc(O)c3c(O)c12,0
Cc1nc2n(c(=O)c1CC[NH+]1CCC(c3noc4cc(F)ccc34)CC1)CCCC2,0
O=C([O-])CCc1ccccc1,0
C[N+](C)(C)CC(O)CCl,0
COc1ccc(CC[NH2+]CC(O)COc2cccc(C)c2)cc1OC,0
CCCc1nn(C)c2c(=O)[nH]c(-c3cc(S(=O)(=O)N4CC[NH+](C)CC4)ccc3OCC)nc12,0
O=c1c(-c2ccc(O)cc2)coc2cc(O)ccc12,0
C=C(C)C(=O)OCCCCCCOC(=O)C(=C)C,0
CCC(C)c1cc([N+](=O)[O-])cc([N+](=O)[O-])c1[O-],0
COC(=O)c1ccccc1OC,0
O=C1OC(=O)c2cc(-c3ccc4c(c3)C(=O)OC4=O)ccc21,0
CN(C)C(=O)Nc1ccccc1,0
O=C(Oc1ccc(Br)cc1)N1CC[NH+]2CCC1CC2,0
CC[C@H]1[C@@H]2C[C@H]3[C@@H]4N(C)c5ccccc5[C@]45C[C@@H](C2[C@H]5O)[NH+]3[C@@H]1O,0
CC(C)=CCC/C(C)=C/C(=O)[O-],0
CC(C)N1C(=O)c2ccccc2C1=O,0
Nc1nc2c(ncn2COC(CO)CO)c(=O)[nH]1,0
CO/N=C(\C(=O)N[C@@H]1C(=O)N2C(C(=O)[O-])=C(C[N+]3(C)CCCC3)CS[C@H]12)c1csc(N)n1,0
CCC(=O)O[C@]1(c2ccccc2)CC[NH+](C)C[C@H]1C,0
C#C[C@]1(O)CC[C@H]2[C@@H]3CCC4=Cc5oncc5C[C@]4(C)[C@H]3CC[C@@]21C,0
[NH3+]CCCCCC[NH2+]CCCCCC[NH3+],0
CCOC(=O)c1ccccc1,0
CCCCCCC#CC(=O)OC,0
CCCCCC1CCC(=O)O1,0
C[NH2+]C1CCCN(c2c(F)cc3c(=O)c(C(=O)[O-])cn(C4CC4)c3c2OC)C1,0
CCOC(=O)C(CS)NCC[NH2+]C(CS)C(=O)OCC,0
C[NH+](C)Cc1cc(C[NH+](C)C)c(O)c(C[NH+](C)C)c1,0
CC(=O)O[C@@H]1C[C@H]2CC[C@]1(C)C2(C)C,0
Oc1ccc2c(c1)OC[C@@H]([NH+]1CCC(O)(c3ccc(F)cc3)CC1)[C@H]2O,0
O=[N+]([O-])c1cccc(Cl)c1Cl,0
CN1C(C(=O)Nc2ccccn2)=C(O)c2sccc2S1(=O)=O,0
Clc1nc(Cl)nc(Nc2ccccc2Cl)n1,0
OCCOCCOCCOCCOCCO,0
Nc1nc2ccccc2s1,0
CON(C)C(=O)Nc1ccc(Br)c(Cl)c1,0
CC(=O)OC(C)C[N+](C)(C)C,0
CCOC(=O)Nc1ccc2c(c1)N(C(=O)C[NH+](C)C)c1ccccc1CC2,0
CCC(CO)(CO)COCC(CC)(CO)CO,0
CCNC(=O)NCCCOc1cccc(C[NH+]2CCCCC2)c1,0
C[NH+](C)CCCSc1ccccc1NC(=O)/C=C/c1ccccc1,0
Cc1ccc(S(=O)(=O)NC(=O)NC2CCCC2)cc1,0
O=C(O[C@H]1C[C@H]2CC[C@@H](C1)[N+]21CCCC1)C(O)(c1ccccc1)c1ccccc1,0
CCC(=O)OCc1ccc(OC)cc1,0
CNC(=O)N(c1ccccc1)c1ccccc1,0
COc1cc2c(c(OC)c1OC)-c1ccc(OC)c(=O)cc1[C@@H](NC(C)=O)CC2,0
O=c1[nH]c(=O)c2[nH]c(=O)[nH]c2[nH]1,0
C#C[C@]1(O)CC[C@H]2[C@@H]3CCC4=CC(=O)CCC4=C3C=C[C@@]21CC,0
CCCC(=O)OC(C)(C)Cc1ccccc1,0
COc1cc(CC[NH3+])c(OC)cc1Br,0
O=C(C(=O)c1ccc(Br)cc1)c1ccc(Br)cc1,0
CC(C)[C@@H]1CC[C@@H](C)C[C@H]1O,0
C[C@@H](c1ncncc1F)[C@](O)(Cn1cncn1)c1ccc(F)cc1F,0
CCCCCCCCS(=O)(=O)Cl,0
O=[N+]([O-])c1ccc(Nc2ccc(Nc3ccccc3)c(S(=O)(=O)[O-])c2)c([N+](=O)[O-])c1,0
CCCCCCCCCBr,0
CCOc1ccc(NC(=O)CC(C)O)cc1,0
COc1cc(C=O)ccc1O,0
CCOC(=O)COc1ccc2c(C)c(CC[NH+](CC)CC)c(=O)oc2c1Cl,0
CCCCN1C(=O)[C@@H]([C@H](O)C2CCCCC2)NC(=O)C12CC[NH+](Cc1ccc(Oc3ccc(C(=O)[O-])cc3)cc1)CC2,1
CCCCCCCCOCCC#N,0
CCOC(=O)CCc1ccccc1,0
O=C(Oc1ccccc1)Oc1ccccc1,0
CSSc1ccoc1C,0
CCOC(=O)C1=C[C@@H](OC(CC)CC)[C@H](NC(C)=O)[C@@H]([NH3+])C1,0
Cc1c(Cl)cccc1Cl,0
CCCCCN(CCCCC)C(=O)C(CCC(=O)[O-])NC(=O)c1ccc(Cl)c(Cl)c1,0
O=C1OC(=O)c2cccc3cccc1c23,0
CC(C)C[C@@H](NC(=O)[C@@H](O)[C@H]([NH3+])Cc1ccccc1)C(=O)[O-],0
C=Cc1ccc(S(=O)(=O)[O-])cc1,0
NC(=O)CCCCC1CCSS1,0
OC[C@@H](O)[C@H]1O[C@@H]2O[C@H](C(Cl)(Cl)Cl)O[C@@H]2[C@H]1O,0
COc1cc(C[C@@H](C)[NH3+])c(OC)cc1Br,0
CCCCC1CCCCC(=O)O1,0
N#CCCCC(C#N)CCC#N,0
CN1C(=O)c2ccc([N+](=O)[O-])cc2C1=O,0
O=C([O-])COc1ccc(Cl)cc1,0
CC/C=C\CCOC(=O)c1ccccc1O,0
Cc1ccc(S(=O)(=O)NCl)cc1,0
CCCCCCOC(=O)c1cccnc1,0
O=C([O-])[C@H](O)[C@@H](O)[C@H](O)[C@H](O)CO,0
CCCCCCCCCCCC(=O)[O-],0
O=S(=O)([O-])Oc1ccc(C(c2ccc(OS(=O)(=O)[O-])cc2)c2ccccn2)cc1,0
Cc1ccc(S(=O)(=O)[O-])c(C)c1,0
Nc1nc2c(ncn2COCCO)c(=O)[nH]1,0
CCC(=O)N(c1ccccc1)[C@H]1CC[NH+](CCc2ccccc2)C[C@@H]1C,0
Nc1cccc(S(=O)(=O)[O-])c1,0
Cc1ccc(Br)cc1,0
COc1nc(C)nc(NC(=O)NS(=O)(=O)c2ccccc2OCCCl)n1,0
CCCCC(=O)O[C@]1(C(=O)CO)[C@@H](C)C[C@H]2[C@@H]3CCC4=CC(=O)C=C[C@]4(C)[C@@]3(F)[C@@H](O)C[C@@]21C,0
O=C1CN=C(c2ccccc2)c2cc(Cl)ccc2N1CC1CC1,1
Cc1nnc(-c2ccccc2)c(=O)n1N,0
O=C(OCC(O)CO)c1ccccc1Nc1ccnc2cc(Cl)ccc12,0
Clc1cccc(N2CC[NH2+]CC2)c1,0
CC1(C)S[C@@H]2[C@H](NC(=O)[C@H](C(=O)[O-])c3ccsc3)C(=O)N2[C@H]1C(=O)[O-],0
CC(C)(Cc1c[nH]c2ccccc12)[NH2+]CC(O)COc1ccccc1C#N,0
CCCCCCCC(=O)OC,0
CCCCCOC(=O)Nc1nc(=O)n([C@@H]2O[C@H](C)[C@@H](O)[C@H]2O)cc1F,0
C[N+]1(CC2COC(c3ccccc3)(c3ccccc3)O2)CCCCC1,0
Nc1nc(=O)c(Br)c(-c2ccccc2)[nH]1,0
NC(=O)OCC(O)COc1ccc(Cl)cc1,0
CCCCNC(=O)NS(=O)(=O)c1ccc(C)cc1,0
COc1cc(C[C@H](C)[NH3+])c(OC)cc1Br,0
CC(=O)CCc1ccc(O)cc1,0
C[C@H](C(=O)[O-])c1cccc(Oc2ccccc2)c1,0
COc1cc(N)c(Cl)cc1C(=O)NC1C[NH+]2CCC1CC2,0
CCOC(=O)CC(O)(CC(=O)OCC)C(=O)OCC,0
CC(Cc1ccccc1)[NH2+]CCn1cnc2c1c(=O)n(C)c(=O)n2C,0
N#Cc1ccc(N(CC(N)=O)CC(F)(F)F)cc1C(F)(F)F,0
COCc1nnc(-c2ccc[n+]([O-])c2)n1-c1c(Cl)c(Cl)cc2[nH]c(=O)c(=O)[nH]c12,0
CCOC(=O)COC(=O)c1ccccc1C(=O)OCC,0
CC[NH+](CC)CC(=O)Nc1c(C)cc(C)cc1C,0
C#CCOc1ccc2c(C)cc(=O)oc2c1,0
CCCCC1(COC(=O)CCC(=O)[O-])C(=O)N(c2ccccc2)N(c2ccccc2)C1=O,0
CCCCCCC(C)(C)S,0
CCOC(=O)Cc1ccccc1,0
CC(C)(C(=O)[O-])c1ccc(C(O)CCC[NH+]2CCC(C(O)(c3ccccc3)c3ccccc3)CC2)cc1,0
O=P([O-])([O-])C(Cl)(Cl)P(=O)([O-])[O-],0
ClC1=C(Cl)C1(Cl)Cl,0
CCCN(CCC)c1c([N+](=O)[O-])cc(C(C)C)cc1[N+](=O)[O-],0
C[C@@H]1C[C@H]2[C@@H]3C[C@H](F)C4=CC(=O)C=C[C@]4(C)[C@@]3(Cl)[C@@H](O)C[C@]2(C)[C@H]1C(=O)COC(=O)C(C)(C)C,0
CCCCOC(=O)c1ccc(N)cc1,0
O=C(c1ccc(F)cc1)C1CC[NH+](CCn2c(=S)[nH]c3ccccc3c2=O)CC1,0
COc1ccc(C(=O)N2CCCC2=O)cc1,0
ClC1C(Cl)C(Cl)C(Cl)C(Cl)C1Cl,0
Nc1ccc(/C=C/c2ccc(N)cc2S(=O)(=O)[O-])c(S(=O)(=O)[O-])c1,0
CCCCC(CC)COC(=O)OOC(C)(C)C,0
CC(=O)SCc1ccco1,0
O=C1OC(=O)C2C3C=CC(C3)C12,0
CC[C@@H](CO)NCC[NH2+][C@@H](CC)CO,0
CCC(COC(=O)c1cc(OC)c(OC)c(OC)c1)(c1ccccc1)[NH+](C)C,0
COc1cc(C[C@H](C)[NH3+])c(OC)cc1C,0
ClSC(Cl)(Cl)Cl,0
Cc1oc(=O)oc1C[NH+]1CCN(c2cc3c(cc2F)c(=O)c(C(=O)[O-])c2n3C(C)S2)CC1,0
Nc1c(Br)cc(Br)c2c1C(=O)c1ccccc1C2=O,0
CCC[NH2+]C(C)C(=O)Nc1ccccc1C,0
CC(=O)Nc1ccc(/C=N/NC(N)=S)cc1,0
CC(C)COC(=O)CC(C(=O)OCC(C)C)S(=O)(=O)[O-],0
CC12CCC(CC1)C(C)(C)O2,0
CN(C)C(=O)Nc1ccc(Cl)c(Cl)c1,0
O=C([O-])C(=O)Cc1c[nH]c2ccccc12,0
O=C1CN(/N=C/c2ccc([N+](=O)[O-])o2)C(=O)N1,0
CC(C)CC(=O)CC(C)CC(C)C,0
CC1(c2ccccc2)OC(C(=O)[O-])=CC1=O,0
Cc1ccc([N+](=O)[O-])cc1C,0
COc1ccc(C(=O)CC(=O)c2ccc(C(C)(C)C)cc2)cc1,0
CS(=O)(=O)c1ccc([C@@H](O)[C@@H](CF)NC(=O)[C-](Cl)Cl)cc1,0
O=CNC(N1CC[NH+](C(NC=O)C(Cl)(Cl)Cl)CC1)C(Cl)(Cl)Cl,0
Cc1cccc(C)c1NC(=O)C[NH+]1CCCCCC1,0
CCOc1cc(N)c(Cl)cc1C(=O)NCC1C[NH+](Cc2ccc(F)cc2)CCO1,0
COc1ccnc(CS(=O)c2nc3cc(OC(F)F)ccc3[nH]2)c1OC,0
C[NH+](C)CCc1c[nH]c2ccc(O)cc12,0
C[C@]12C=CC(=O)C=C1CC[C@@H]1[C@@H]2[C@@H](O)C[C@@]2(C)[C@H]1CC[C@]2(O)C(=O)COC(=O)CCC(=O)[O-],0
CC(Cc1ccc2c(c1)OCO2)N[O-],0
COc1cc(NS(=O)(=O)c2ccc(N)cc2)nc(C)n1,0
CCCCCC/C(C=O)=C\c1ccccc1,0
C[C@H](CSC(=O)c1ccccc1)C(=O)N1C[C@@H](Sc2ccccc2)C[C@H]1C(=O)[O-],0
CCCC[C@H]1CN(CC2CCOCC2)C(=O)OC12CC[NH+](C1(C)CCN(C(=O)c3c(C)ncnc3C)CC1)CC2,0
CCN(Cc1ccncc1)C(=O)C(CO)c1ccccc1,0
O=C1[C@H](CC[C@H](O)c2ccc(F)cc2)[C@@H](c2ccc(O)cc2)N1c1ccc(F)cc1,0
Cc1cn([C@H]2C[C@H](O)[C@@H](CO)O2)c(=O)[nH]c1=O,0
O=C1[C@@H]2[C@H]3CC[C@H](C3)[C@@H]2C(=O)N1CCCC[NH+]1CCN(c2ncccn2)CC1,0
CC(C)=CCOc1c2occc2cc2ccc(=O)oc12,0
O=C(c1ccccc1)c1ccc(O)c(O)c1O,0
CC(C)(C)OC(=O)c1ccc(O)cc1,0
C[C@]12CC[C@@H]3c4ccc(O)cc4CC[C@H]3[C@@H]1CCC2=O,0
Nc1cc([N+](=O)[O-])ccc1[O-],0
Cc1nc[nH]c1CN1CCc2c(c3ccccc3n2C)C1=O,0
COc1nc(C)nc(Cl)c1NC1=[NH+]CCN1,0
O=C(Cl)/C=C/C(=O)Cl,0
C=C(C)C(=O)OCCOCC,0
CCN(C(C)=O)c1cccc(-c2ccnc3c(C#N)cnn23)c1,0
O=C([O-])CCNC(=O)c1ccc(/N=N/c2ccc(O)c(C(=O)[O-])c2)cc1,0
CCNc1nc(Cl)nc(NC(C)(C)C#N)n1,0
COc1cc(C(=O)N2CCCCCCC2)cc(OC)c1OC,0
CC1(C)O[C@@H]2[C@@H](CO[C@@]3(COS(N)(=O)=O)OC(C)(C)O[C@@H]23)O1,0
COc1ccc(NC(C)=O)cc1N,0
[NH3+]C(CO)C(=O)NNCc1ccc(O)c(O)c1O,0
O=P(Cl)(Oc1ccccc1)Oc1ccccc1,0
C=C(C)C(=O)OCCC(C)OC(=O)C(=C)C,0
C/C=C/C=N/NC(=O)c1ccncc1,0
CCC[NH2+]C(C)C(=O)Nc1c(C)csc1C(=O)OC,0
CC[NH+](CC)CCNC(=O)c1ccc(N)cc1,0
O=[PH](Oc1ccccc1)Oc1ccccc1,0
O=[N+]([O-])c1ccc(F)c([N+](=O)[O-])c1,0
CCCCOC(=O)CCC(=O)OCCCC,0
CC(Oc1cc(Cl)c(Cl)cc1Cl)C(=O)[O-],0
C[N+](C)(C)Cc1ccccc1,0
CCn1cc(C(=O)[O-])c(=O)c2cnc(N3CCCC3)nc21,0
c1ccc2c(c1)[nH]c1ccccc12,0
[NH3+][C@@H](C(=O)N[C@@H]1C(=O)N2C(C(=O)[O-])=C(Cl)CC[C@H]12)c1ccccc1,0
CCNC(=O)NCc1cccc(Cl)c1,0
CC(C)[N+](C)(CCOC(=O)C1c2ccccc2Oc2ccccc21)C(C)C,0
Clc1ccc2c(c1)C(c1ccccc1)=NCc1nncn1-2,0
CSc1ccc(C(=O)c2[nH]c(=O)[nH]c2C)cc1,0
CCO[C@@H]1O[C@H](C(COCc2ccccc2)OCc2ccccc2)[C@H](OCc2ccccc2)[C@H]1O,0
COc1ccc([N+](=O)[O-])cc1N,0
Cc1ccc2c(c1)C(=O)OC2=O,0
Nc1cc(C(Cl)=C(Cl)Cl)c(S(N)(=O)=O)cc1S(N)(=O)=O,0
COc1ccc(NS(=O)(=O)c2ccc(N)cc2)nn1,0
CCOC(=O)c1ccc(I)cc1,0
O=[N+]([O-])c1cc([N+](=O)[O-])c2ccc(S(=O)(=O)[O-])cc2c1[O-],0
CC(C)(CCl)c1ccccc1,0
CCC(=O)OCCC(C)CCC=C(C)C,0
[NH3+][C@H]1CN(c2c(F)cc3c(=O)c(C(=O)[O-])cn(C4C[C@H]4F)c3c2Cl)CC12CC2,0
CC1(C)C(=O)N(Br)C(=O)N1Cl,0
COC(c1ccccc1)(c1ccccc1)[C@H](Oc1nc(C)cc(C)n1)C(=O)[O-],0
CC(C)N(Cc1ccccc1)C(=O)C(C)(C)C,0
CN1CCC[NH+]=C1/C=C/c1cccs1,0
C[N+]1(C)[C@@H]2C[C@@H](OC(=O)[C@H](CO)c3ccccc3)C[C@H]1[C@@H]1O[C@@H]12,0
Oc1ccc(C(O)C[NH2+]CCCCCC[NH2+]CC(O)c2ccc(O)c(O)c2)cc1O,0
O=C(C[NH+]1CCN(Cc2ccc3c(c2)OCO3)CC1)N1c2ccccc2Sc2ccccc21,0
C[C@H]1C[C@@H]2[C@H]([C@@H](O)C[C@@]3(C)[C@H]2CC[C@]3(O)C(=O)COC(=O)CCC(=O)[O-])[C@@]2(C)C=CC(=O)C=C12,0
O=C(NC(Cc1cc(=O)[nH]c2ccccc12)C(=O)[O-])c1ccc(Cl)cc1,0
C[C@H](O)C(=O)Nc1c(I)c(C(=O)NC(CO)CO)c(I)c(C(=O)NC(CO)CO)c1I,0
CCCCS(=O)(=O)N[C@@H](Cc1ccc(OCCCCC2CC[NH2+]CC2)cc1)C(=O)[O-],0
C[C@H]1C[C@H]2[C@@H]3CCC4=CC(=O)C=C[C@]4(C)[C@@]3(F)[C@@H](O)C[C@]2(C)[C@@]1(O)C(=O)CO,0
O=C1c2ccccc2Cc2ccccc21,0
CCOc1cc(OCC)c(C(=O)CCC(=O)[O-])cc1OCC,0
COc1ccc2[nH]cc(CCNC(C)=O)c2c1,0
CCCCNC(=[NH2+])NC(N)=[NH2+],0
O=C1O[C@H]2[C@H](O)[C@@H]1OC(O)[C@H]2O,0
CC[NH+](CC)C1CCCCC1,0
Cc1c(C(N)=O)cc([N+](=O)[O-])cc1[N+](=O)[O-],0
CC(=O)Oc1cccc(C)c1,0
O=S(=O)([O-])c1ccccc1/C=C/c1ccc(-c2ccc(/C=C/c3ccccc3S(=O)(=O)[O-])cc2)cc1,1
[NH3+][C@H](C(=O)[O-])c1ccc(O)cc1,0
O=C(CCC[NH+]1CCC(O)(c2cccc(C(F)(F)F)c2)CC1)c1ccc(F)cc1,0
CN(C)CC[NH+](C)CCN(C)C,0
CN(C)S(=O)(=O)N[C@H]1C[C@@H]2c3cccc4c3c(cn4C)C[C@H]2[NH+](C)C1,0
COC(=O)c1ccc(O)cc1,0
CCOC(=O)NNc1nncc2ccccc12,0
O=C([O-])COc1ccccc1,0
CC1CCc2c(N3CCC(O)CC3)c(F)cc3c(=O)c(C(=O)[O-])cn1c23,0
COC(=O)c1ccc(C(=O)OC)cc1,0
C=CCCCCCCCCOC(C)=O,0
[NH3+][C@H]1C(O)O[C@H](CO)[C@@H](O)[C@@H]1O,0
OC[C@H]1O[C@@H](OCCc2ccc(O)cc2)[C@H](O)[C@@H](O)[C@@H]1O,0
CCOC(=O)NNc1ccc(N(CC)CC(C)O)nn1,0
CCOC(=O)CC(SP(=S)(OC)OC)C(=O)OCC,0
CCCCCCCCCOC(C)=O,0
CC(=O)SC[C@@H](Cc1ccccc1)C(=O)NCC(=O)OCc1ccccc1,0
COC(=O)[N-]S(=O)(=O)c1ccc(N)cc1,0
[NH3+]C[C@H]1CC[C@H](C(=O)Oc2ccc(CCC(=O)[O-])cc2)CC1,0
C=C(C)C1CC=C(C)C(=O)C1,0
CCCC[n+]1ccc(C)cc1,0
C[C@]12C=CC(=O)C=C1CC[C@@H]1[C@@H]2C(=O)C[C@@]2(C)[C@H]1CC[C@]2(O)C(=O)CO,0
CCC(C(=O)NC(N)=O)c1ccccc1,0
CCCCN1C(=O)c2ccccc2C1=O,0
CC(=O)CC(c1ccc([N+](=O)[O-])cc1)c1c([O-])c2ccccc2oc1=O,0
C[C@@H]1C(=O)[NH+]=C2Nc3cccc(Cl)c3CN21,0
O=C([O-])c1c(Cl)ccc2cc(Cl)cnc12,0
CC(=O)CC(=O)c1ccccc1,0
C=CC(C)(O)CC/C=C(/C)CCC=C(C)C,0
CC(C)(C)OOC(=O)c1ccccc1,0
C=C(C)C1CCC(C)(O)CC1,0
CC(=O)CC(=O)Nc1ccc(C)cc1C,0
CCn1cc(C(=O)[O-])c(=O)c2cc(F)c(N3CC[NH2+]C(C)C3)c(F)c21,0
C=C(C)CCC[C@H](C)CCO,0
N#C[C@@H]1C[C@@H]2C[C@@H]2N1C(=O)[C@@H]([NH3+])C12CC3CC(CC(O)(C3)C1)C2,0
O=C1NCCN1c1ncc([N+](=O)[O-])s1,0
[NH3+]C1(c2ccccc2)CCCCC1,0
CCC[NH+]1C[C@H](CSC)C[C@@H]2c3cccc4[nH]cc(c34)C[C@H]21,0
COc1cc(S(C)=O)ccc1-c1nc2ncccc2[nH]1,0
O=C(Nc1ccc(F)cc1F)c1cccnc1Oc1cccc(C(F)(F)F)c1,0
COc1ccc(C[NH2+]CC(O)COc2ccc3[nH]c(=O)ccc3c2)cc1OC,0
FC(F)(F)C(Cl)(Cl)Cl,0
CCn1nc(C)c2c1C(=O)NCC(c1ccc(O)cc1)=N2,0
Cc1ccnc([N-]S(=O)(=O)c2ccc(N)cc2)n1,0
CCc1ccc2c(c1)C(=O)c1ccccc1C2=O,0
CCOP(=O)(OCC)Oc1cc(C)nc(C(C)C)n1,0
NC(=O)C(Cl)(Cl)Cl,0
c1ccc(CC2=[NH+]CCN2)cc1,0
CC(=O)OC(C)c1ccccc1,0
CC/C=C\CCOC(=O)c1ccccc1,0
CC(C)(C)c1cc([N+](=O)[O-])cc([N+](=O)[O-])c1[O-],1
Cc1cccc(C)c1NC(=O)C[NH+](CC(=O)[O-])CC(=O)[O-],0
C[C@]12CCC(=O)C(O)=C1CC[C@@H]1[C@@H]2CC[C@]2(C)C(=O)CC[C@@H]12,0
Nc1ccc(S(=O)(=O)NC(=O)c2ccccc2)cc1,0
COc1cc(/C=C/C(=O)N2CC[NH+](CC(=O)N3CCCC3)CC2)cc(OC)c1OC,0
CCCCCCOC(=O)C(C)C,0
CS(=O)(=O)c1ccc([C@@H](O)[C@@H](COC(=O)C[NH3+])NC(=O)[C-](Cl)Cl)cc1,0
CCOc1ccc(NC(C)=O)cc1N,0
C[NH+](C)[C@@H]1C([O-])=C(C(N)=O)C(=O)[C@@]2(O)C([O-])=C3C(=O)c4c([O-])cccc4[C@@](C)(O)[C@H]3C[C@@H]12,0
CC(=O)Oc1ccccc1C(=O)[O-],0
CC(C=O)Cc1ccc2c(c1)OCO2,0
O=c1[nH]c2ccccc2n1CCCN1CC[NH+](C(c2ccccc2)c2ccccc2)CC1,0
CC(C#N)(CCC(=O)[O-])/N=N/C(C)(C#N)CCC(=O)[O-],0
CC(=O)OCC(=O)[C@@]12OC3(CCCC3)O[C@@H]1C[C@H]1[C@@H]3CCC4=CC(=O)C=C[C@]4(C)[C@@]3(F)[C@@H](O)C[C@@]12C,0
CC(=O)Nc1ccc(S(=O)(=O)[N-]c2cc(C)on2)cc1,0
Cc1[nH]c(=O)c(C#N)cc1-c1ccncc1,0
CN(C)C(=O)CNC(=O)Cc1ccccc1,0
CCc1cccc(C)c1N(C(=O)CCl)C(C)COC,0
CCCCCCOc1ccccc1C(=O)[O-],0
Cn1c(=O)c2c(ncn2CC(O)CO)n(C)c1=O,0
CS(=O)(=O)OCC(O)C(O)COS(C)(=O)=O,0
C=CCOCC(CO)(COCC=C)COCC=C,0
CC[NH+]1CCc2nc(N)oc2CC1,0
CCCCCCCCCOS(=O)(=O)[O-],0
CC1=NN(c2ccc(S(=O)(=O)[O-])cc2)C(=O)C1N=Nc1ccccc1,0
CCCCCCC(O)CCOC(C)=O,0
COc1ccc(C(=O)Nc2ccccc2CCC2CCCC[NH+]2C)cc1,0
CCOc1ccccc1OCC,0
Clc1cc(Cl)c(Cl)cc1Cl,0
O=C([O-])CONC(=O)c1ccccc1,0
CC(=O)/C=C/C1C(C)=CCCC1(C)C,0
CCN(CC)C(=O)[C@@H]1C=C2c3cccc4[nH]cc(c34)C[C@H]2[NH+](C)C1,0
C[C@]12CCC(=O)C[C@@H]1CC[C@@H]1[C@@H]2CC[C@@]2(C)[C@H]1CC[C@]2(C)O,0
CCCOC(=O)NCCC[NH+](C)C,0
Brc1cccc(-c2ccccc2)c1,0
CC1=CCCC(C)(C)C12CCC(C)O2,0
CC(C)CCOC(=O)c1ccc(N(C)C)cc1,0
[NH3+]CCCN1CC[NH+](CCC[NH3+])CC1,0
CCc1cnc(C(=O)[O-])c(C(=O)[O-])c1,0
C[NH2+]C(C)C(O)c1ccc(O)cc1,0
COc1ccc2c(c1OC)C(=O)O[C@H]2[C@@H]1c2cc3c(cc2CC[NH+]1C)OCO3,0
Nc1ccc2cc(S(=O)(=O)[O-])cc(O)c2c1/N=N/c1ccccc1C(F)(F)F,0
C[NH+]1[C@@H]2CC[C@H]1C[C@@H](OC(=O)C(O)c1ccccc1)C2,0
CCCCNc1ccc(C(=O)OCC[NH+](C)C)cc1,0
CC(=O)OCC1=C(C(=O)[O-])N2C(=O)[C@@H](NC(=O)Cc3ccccc3)[C@H]2SC1,0
CC(CC(=O)Cl)CC(C)(C)C,0
CC(C)[NH2+]CC1CCc2cc(CO)c([N+](=O)[O-])cc2N1,0
CN1COCN(Cc2cnc(Cl)s2)/C1=N/[N+](=O)[O-],0
Cc1ccc(S(=O)(=O)NC(=O)N[NH+]2CC3CCCC3C2)cc1,0
CCCNC(=O)NS(=O)(=O)c1ccc(Cl)cc1,0
C[NH+]1CC[C@@]23CCCC[C@@H]2[C@@H]1Cc1ccc(O)cc13,0
C/C=C/c1ccc2c(c1)OCO2,0
CCCCCC1Nc2cc(C(F)(F)F)c(S(N)(=O)=O)cc2S(=O)(=O)N1,0
CC[C@H](C)C(=O)O[C@H]1C[C@H](O)C=C2C=C[C@H](C)[C@H](CC[C@@H](O)C[C@@H](O)CC(=O)[O-])[C@H]21,0
C[C@@H]1C[C@H]2[C@@H]3CCC4=CC(=O)C=C[C@]4(C)[C@@]3(F)[C@@H](O)C[C@]2(C)[C@H]1C(=O)CO,0
O=C(CCC[NH+]1CCC(O)(c2ccc(Cl)cc2)CC1)c1ccc(F)cc1,0
C[C@H]1C[C@H]2[C@@H]3CCC4=CC(=O)C=C[C@]4(C)[C@@]3(F)[C@@H](O)C[C@]2(C)[C@@]1(O)C(=O)CCl,0
O=C([O-])CCn1c2c(c3ccccc31)C[C@H](NS(=O)(=O)c1ccc(F)cc1)CC2,0
COc1cc(-c2ccc(=O)[nH]n2)ccc1OC(F)F,0
CCC(=O)c1c(O)cc(O)cc1O,0
CCCCOC(=O)c1ccccc1C(=O)OCc1ccccc1,0
CC(C)[NH2+]C[C@@H](O)COc1cccc2ccccc12,0
CCO[C@H](Cc1ccc(OCCc2ccc(OS(C)(=O)=O)cc2)cc1)C(=O)[O-],0
c1csc(SSc2cccs2)c1,0
ClC(Cl)Br,0
COC(=O)c1ccc(C(=O)[O-])cc1,0
O=C([O-])c1ccc2c(c1)C(=O)OC2=O,0
NC(=[NH2+])NCCCCNC(N)=[NH2+],0
CCCOC(=O)c1ccc(O)cc1,0
Nc1cc(N2CCCCC2)nc(N)[n+]1[O-],0
CC(=O)Nc1ccn(C2COC(COC(=O)c3ccccc3)O2)c(=O)n1,1
Cn1cnc2c(=O)nc(N)[nH]c21,0
CCC1(c2ccccc2)C(=O)NCNC1=O,0
C/C=C(\C)C(=O)OCc1ccccc1,0
Cc1ncc(C[n+]2csc(CCOP(=O)([O-])[O-])c2C)c(N)n1,0
CC[N+](C)(C)Cc1ccccc1Br,0
CCCCCCCC[NH+](C)C,0
CNC(=O)O/N=C(/C)SC,0
CCC1(c2ccccc2)C(=O)NC([O-])=[NH+]C1=O,0
NC(=O)C(c1ccccc1)(c1ccccc1)[C@@H]1CC[NH+](CCc2ccc3c(c2)CCO3)C1,0
CSC(=O)c1cccc2nnsc12,0
C[N+](C)(C)CC[N+]1(C)Cc2c(Cl)c(Cl)c(Cl)c(Cl)c2C1,0
CC1(C)CCC[C@]2(C)[C@H]3CCO[C@]3(C)CC[C@@H]12,0
COc1cc([N+](=O)[O-])ccc1N,0
O=C1c2ccccc2-c2ccccc21,0
O=C(c1ccccc1)C(O)c1ccccc1,0
CC(C)CCOC(=O)c1ccccc1,0
CC1COc2c(N3CC[NH+](C)CC3)c(F)cc3c(=O)c(C(=O)[O-])cn1c23,0
N#CC(Br)(Br)C(N)=O,0
FC(F)(F)c1ccccc1Cl,0
COc1cc(-c2ccc(N)c(OC)c2)ccc1N,0
CC(C)(C)[NH2+]C[C@H](O)COc1cccc2c1CCCC2=O,0
OCCOc1cccc(OCCO)c1,0
NC(=[NH2+])c1ccc(/C=C/c2ccc(C(N)=[NH2+])cc2O)cc1,0
CCC(C)(CC)c1cc(NC(=O)c2c(OC)cccc2OC)on1,0
CCn1nc(Cc2ccccc2)cc1C1CC[NH+](C[C@H]2C[C@H]([NH+](C)[C@@H](C(=O)[O-])C(C)C)C[C@@H]2c2cccc(F)c2)CC1,0
Clc1ccc(C(Cl)(Cl)Cl)cn1,0
Cc1ncc(CO)c(C[NH3+])c1O,0
C=C(C)C(=O)OCCC(F)(F)C(F)(F)C(F)(F)C(F)(F)C(F)(F)C(F)(F)F,0
CC(=O)OCCN(CCOC(C)=O)c1ccc(/N=N/c2ccc([N+](=O)[O-])cc2C#N)cc1,0
CC1CCCC[NH+]1CCCOC(=O)c1ccccc1,0
CC[NH+]1CCC[C@H]1CNC(=O)c1cc(S(N)(=O)=O)ccc1OC,0
COP(N)(=S)Oc1ccccc1C(=O)OC(C)C,0
COc1cc(C(=O)NCc2ccc(OCC[NH+](C)C)cc2)cc(OC)c1OC,0
CCn1cc(C(=O)[O-])c(=O)c2cnc(N3CC[NH2+]CC3)nc21,0
CC1(C)CC(O)CC(C)(C)[NH2+]1,0
C[C@H]1CCC[C@H](O)CCCCCc2cc(O)cc([O-])c2C(=O)O1,0
C[C@H](C[NH+]1CCOCC1)C(C(=O)N1CCCC1)(c1ccccc1)c1ccccc1,0
CC[NH2+][C@H]1CN(CCCOC)S(=O)(=O)c2sc(S(N)(=O)=O)cc21,0
O=C(CN1CC[NH2+]CC1)NC1CCCCC1,0
Cc1ccc2c(c1)OCC(=O)CO2,0
COc1ccc2c(c1)c(CC(=O)[O-])c(C)n2C(=O)c1ccc(Cl)cc1,0
CC(C)[NH2+]CC(O)COc1ccc(CC(N)=O)cc1,0
Nc1ncnc2c1ncn2[C@@H]1O[C@H](CO)[C@@H](O)[C@H]1O,0
CC1(C)OC[C@@H]2O[C@@]3(C(=O)[O-])OC(C)(C)O[C@H]3[C@@H]2O1,0
C=CC[NH+]1CCc2nc(N)sc2CC1,0
Clc1ccc2ccccc2c1,0
COC(=O)[N-]C(=S)Nc1ccccc1NC(=S)[N-]C(=O)OC,0
CNC(=O)O/N=C/C(C)(C)S(C)(=O)=O,0
O=S(=O)([O-])c1cccc2ccccc12,0
CCCCOCC(C)OCC(C)O,0
COc1cc2c(cc1OC)C1CC(=O)C(CC(C)C)C[NH+]1CC2,0
COc1ccc2c3c1O[C@H]1[C@@H](O)C=C[C@H]4[C@@H](C2)[NH+](C)CC[C@@]341,0
CCOC(=O)c1cncn1C(C)c1ccccc1,0
C[NH+](C)[C@@H]1C([O-])=C(C(=O)NC[NH+]2CCCC2)C(=O)[C@@]2(O)C([O-])=C3C(=O)c4c([O-])cccc4[C@@](C)(O)C3C[C@@H]12,0
COc1ccc(N)c(OC)c1,0
CCCCCC[n+]1ccccc1,0
CC(C)(C)c1cccc(O)c1,0
OC1CCC(C2CCCCC2)CC1,0
CCOC(=O)c1cn2nc(OP(=S)(OCC)OCC)cc2nc1C,0
O=C(c1ccccc1)c1ccc(O)cc1,0
CSc1ccc(Cl)cc1,0
NC(=O)c1cn(Cc2c(F)cccc2F)nn1,0
OC(CC[NH+]1CCCCC1)(c1ccccc1)C1CCCCC1,0
O=C(CCNNC(=O)c1ccncc1)NCc1ccccc1,0
O=C(CCC[NH+]1CC=C(n2c(=O)[nH]c3ccccc32)CC1)c1ccc(F)cc1,0
CC1=CCC(O)(C(C)C)CC1,0
O=c1c2ccccc2oc2ccccc12,0
Cc1nc(C)c(Cl)c([O-])c1Cl,0
CC(C)(C)OC(=O)c1ccccc1C(=O)[O-],0
Nc1ccc(S(=O)(=O)Nc2ccc(Cl)nn2)cc1,0
Cc1cccc(C)c1NC(=O)C[NH+]1CCCC1,0
[NH3+][C@@H](C(=O)N[C@@H]1C(=O)N2C(C(=O)[O-])=C(Cl)CS[C@H]12)c1ccccc1,0
COc1cc2nc(N3CCN(C(=O)C4CCCO4)CC3)nc(N)c2cc1OC,0
O=C(OCCOCCO)c1ccccc1Nc1cccc(C(F)(F)F)c1,0
O=S(=O)(NS(=O)(=O)C(F)(F)F)C(F)(F)F,0
O=c1c([O-])c(-c2ccc(O)cc2)oc2cc(O)cc([O-])c12,0
CCCCCCI,0
Cc1cccc(Nc2ccccc2C(=O)[O-])c1C,0
CN(C(=O)CCCOc1ccc2[nH]c(=O)ccc2c1)C1CCCCC1,0
CCCCOCCOCCOC(C)=O,0
O=P1(NCCCl)OCCCN1CCCl,0
CS(=O)(=O)c1ccc([C@@H](C[C@H]2CCC(=O)C2)C(=O)Nc2cnccn2)cc1Cl,0
Cc1ccc(NC(N)=O)cc1,0
O=C(c1ccccc1)c1cccc(O)c1,0
CC(=O)C1=C(C)[C@@H]2C[C@@]3(C1)[C@H](C)CC[C@H]3C2(C)C,0
COc1ccc(C(=O)/C(Br)=C\C(=O)[O-])cc1,1
OC(c1ccc(Cl)cc1)(c1cncnc1)c1ccccc1Cl,0
CN/C(=N\C#N)NCCSCc1nc[nH]c1C,0
CC(C)(CO)[C@@H](O)C(=O)NCCC(=O)[O-],0
CCCCC/C(=C/c1ccccc1)CO,0
Nc1ccccc1-c1ccccc1,0
CCOC(=O)Cc1cccc2ccccc12,0
CC(Cc1ccccc1)NC=O,0
CC(C)OP(=S)(OC(C)C)SCCNS(=O)(=O)c1ccccc1,0
CC1(C)O[C@@H]2C[C@H]3[C@@H]4CCC5=CC(=O)C=C[C@]5(C)[C@H]4[C@@H](O)C[C@]3(C)[C@]2(C(=O)CO)O1,0
CC(=O)OCC(=O)[C@@]1(O)CC[C@H]2[C@@H]3CCC4=CC(=O)CC[C@]4(C)C3=CC[C@@]21C,0
CCCCCC1C(=O)CCC1CC(=O)OC,0
C#CC(C)(C)NC(=O)c1cc(Cl)cc(Cl)c1,0
O=[N+]([O-])c1cc(C(F)(F)F)ccc1Cl,0
CC1(C)[C@H](C=C(Cl)Cl)[C@H]1C(=O)OCc1c(F)c(F)cc(F)c1F,0
C[N+]1([O-])[C@@H]2CC[C@H]1C[C@@H](OC(=O)C(CO)c1ccccc1)C2,0
O=C([O-])C(Cl)(Cl)Br,0
O=C([O-])c1ccc2cc(O)ccc2c1,0
Cc1cccc(Cc2c[nH]cn2)c1C,0
O=C([O-])c1ccccc1[N+](=O)[O-],0
O=C1CCc2cc(OCCCCc3nnnn3C3CCCCC3)ccc2N1,0
NC(=[NH2+])c1ccc(OCCCOc2ccc(C(N)=[NH2+])cc2Br)c(Br)c1,0
Clc1nc(Cl)nc(Cl)n1,0
O=c1[nH]c(=O)c2c[nH]nc2[nH]1,0
COc1ccc(CC[NH+](C)CCCN2CCc3cc(OC)c(OC)cc3CC2=O)cc1OC,0
CCOP(=S)(OCC)OP(=S)(OCC)OCC,0
OC1CCCCCCCCCCC1,0
O=C([O-])CCc1nc2ccccc2[nH]1,0
O=C(OCCc1ccccc1)c1ccccc1,0
CC(C)(C1CCC(O)CC1)C1CCC(O)CC1,0
CCCCCC(C)OC(=O)COc1ccc(Cl)c2cccnc12,0
Nc1ccc(-c2ccc(N)cc2)cc1,0
CC(Br)C(=O)[O-],0
C[NH+]1CCN(c2c(F)cc3c(=O)c(C(=O)[O-])cn4c3c2SCC4)CC1,0
O=C1CC[C@@H](C(=O)N[C@H]2C[C@@H]2c2ccccc2)N1,0
CCN(CC)c1cc2[o+]c3cc(N(CC)CC)c(C)cc3c(-c3ccc(S(=O)(=O)[O-])cc3S(=O)(=O)[O-])c2cc1C,0
Cc1c(N=C=O)cccc1N=C=O,0
COc1ccc(S(=O)(=O)Nc2nnc(CC(C)C)s2)cc1,0
CCOC(=O)C1(c2ccccc2)CCC[NH+](C)CC1,0
CCC(=O)N(c1ccccc1)C1(COC)CC[NH+](CCc2cccs2)CC1,0
CC/C(=C(/CC)c1ccc(OP(=O)([O-])[O-])cc1)c1ccc(OP(=O)([O-])[O-])cc1,0
CC(C)=CCC/C(C)=C/COC=O,0
C[N+](C)(CCOc1ccccc1)Cc1cccs1,0
COc1cc2c(c(OC)c1OC)-c1c(cc3c(c1OC)OCO3)C[C@@H](C)[C@](C)(O)C2,0
O=C([O-])Cc1ccccc1Nc1c(Cl)cccc1Cl,0
CN(C)C(=O)C(c1ccccc1)c1ccccc1,0
COc1ccc2[nH]c(S(=O)Cc3ncc(C)c(OC)c3C)nc2c1,0
C/C(=N\NC(=O)Nc1cc(F)cc(F)c1)c1ncccc1C(=O)[O-],0
Nc1nnnn1-c1ccccc1,0
CC(=O)c1ccc2c(c1)[C@H](NC(=O)c1ccc(F)cc1)[C@@H](O)C(C)(C)O2,0
O=S(=O)([O-])CCC[NH+]1CCOCC1,0
CS(=O)(=O)c1ccc([C@@H](O)[C@@H](CO)NC(=O)[C-](Cl)Cl)cc1,0
C1CC[NH+]2C[C@@H]3C[C@@H](C[NH+]4CCCC[C@@H]34)[C@H]2C1,0
O=C(NNCNNC(=O)c1ccncc1)c1ccncc1,0
CC(=O)OCC(=O)[C@@]12OC(C)(C)O[C@@H]1C[C@H]1[C@@H]3C[C@H](F)C4=CC(=O)C=C[C@]4(C)[C@@]3(F)[C@@H](O)C[C@@]12C,0
C[NH2+][C@@H](C)[C@H](O)c1ccccc1,0
O=[N+]([O-])c1ccc(CCO)cc1,0
Cc1c(OCC(F)(F)F)ccnc1CS(=O)c1nc2ccccc2[nH]1,0
COC(=O)c1ccccc1C(=O)c1ccc(OCC[NH+]2CCCCC2)cc1,0
NC(=O)c1ccccc1[N+](=O)[O-],0
CC(C)SCc1ccco1,0
CO[C@@]1(NC(=O)Cc2cccs2)C(=O)N2C(C(=O)[O-])=C(COC(N)=O)CS[C@@H]21,0
CCOC(=O)c1cc(-c2ccccc2)nc2ccc(C)cc12,0
C=C(C)C(=O)OCCOCCOC(=O)C(=C)C,0
CCC(=O)OC(C)(C)C1CC=C(C)CC1,0
C[C@@H]1CN(c2c(F)c(F)c3c(=O)c(C(=O)[O-])cn(C4CC4)c3c2F)C[C@H](C)[NH2+]1,0
CCC(C)SSC(C)CC,0
C[NH+]1CCC(OC(c2ccccc2)c2ccccc2)CC1,0
CCOC(=O)NC(O)C(Cl)(Cl)Cl,0
CCC(C)c1ccccc1O,0
CC[C@H]1C[C@H]2[C@@H]3CCC4=CC(=O)CC[C@@H]4[C@H]3CC[C@]2(C)[C@H]1O,0
[S-]c1nnc([S-])s1,0
CCCCCCCCOC(C)=O,0
NS(=O)(=O)c1ccccc1Cl,0
CN(C)c1ccc(Cc2ccc(N(C)C)cc2)cc1,0
O=C([O-])c1cc(-c2ccccc2)nc2ccccc12,0
COP(=S)(OC)Oc1ccc(SC)c(C)c1,0
CCCCC(CC)COC(C)=O,0
CC/C=C1/OC(=O)c2ccccc21,0
C[C@@H]1C[NH+]([C@H]2CC[C@](C#N)(c3ccc(F)cc3)CC2)CC[C@]1(C(=O)[O-])c1ccccc1,0
NC1=[NH+]C(=O)C(c2ccccc2)O1,0
COP(=S)(OC)Oc1ccc([N+](=O)[O-])cc1,0
CCCC[N+](C)(CCCC)CCCC,0
CC1=C(CC(=O)[O-])c2cc(F)ccc2/C1=C\c1ccc(S(C)=O)cc1,0
O=C(OCc1ccccc1)C(=O)OCc1ccccc1,0
O=C([O-])c1cc2ccccc2c(Cc2c(O)c(C(=O)[O-])cc3ccccc23)c1O,0
O=C(Cl)c1cc(Cl)cc(Cl)c1,0
O=C([O-])C[C@H](NC(=O)OCc1ccccc1)C(=O)[O-],0
CN1CC(=O)[NH+]=C1NC(=O)Nc1cccc(Cl)c1,0
Nc1cc(Cl)c(N)c(Cl)c1,0
COC(CC(C)CCCC(C)(C)O)OC,0
[NH3+]CC1CCC(C(=O)[O-])CC1,0
O=C(N[NH+]1CCCC1)NS(=O)(=O)c1ccc(Cl)cc1,0
CCCCCCOc1ccc(O)cc1,1
O=S(=O)([O-])CC(O)CCl,0
CCCCCC/C=C/C(=O)OC,0
CCCCCCCCCCCC(C)=O,0
CNC(=O)O/N=C(\C)C(C)S(C)(=O)=O,0
O=C(CBr)OCc1ccccc1,0
COc1cc(OC)c2ccc(=O)oc2c1,0
O=c1n(CCO)c(=O)n(CCO)c(=O)n1CCO,0
Nc1ccc2cc(S(=O)(=O)[O-])cc(O)c2c1,0
C[NH+]1[C@@H]2CC[C@H]1C[C@@H](NC(=O)n1c(=O)[nH]c3ccccc31)C2,0
COc1cc(CC(C)C)cc(OC)c1OC,0
CCc1cn([C@H]2C[C@H](O)[C@@H](CO)O2)c(=O)[nH]c1=O,0
OC[C@@H](O)C(O)[C@H](O)CO,0
CC(C)OC(=O)COc1ccc(Cl)cc1Cl,0
Cc1ccc2c(c1)C1C[NH+](C)CCC1N2,0
O=C(C1CCCCC1)N1CC(=O)N2CCc3ccccc3C2C1,0
OC[C@@H](O)[C@H](O)[C@H](O)[C@@H](O)CO,0
Cc1ccc(C)c(S(=O)(=O)[O-])c1,0
O=[N+]([O-])c1ccc2c3c(cccc13)CC2,0
CCCCOC(=O)CCC(C)=O,0
CC(=O)Nc1ccc(S(N)(=O)=O)cc1,0
CC(CCO)CCc1ccccc1,0
CC1(C)CO[C@@H](CC(=O)[O-])C[NH2+]1,0
CCC1(c2ccccc2)C(=O)N(COC)C(=O)N(COC)C1=O,0
O=C1c2ccccc2S(=O)(=O)N1CCCC[NH+]1CCN(c2ncccn2)CC1,0
O=C(/C=C/c1ccccc1)OCCCc1ccccc1,0
CC(=O)OCCc1ccccc1,0
c1ccc(CCNc2nc(-c3ccccc3)cs2)cc1,0
Clc1ccccc1-c1nnc(-c2ccccc2Cl)nn1,0
Cn1c(=O)c2[nH]c(Br)nc2n(C)c1=O,0
Cc1ccc(-c2nc3ccc(C)cn3c2CC(=O)N(C)C)cc1,0
CC1(C)O[C@@H]2C[C@H]3[C@@H]4CCC5=CC(=O)C=C[C@]5(C)[C@@]4(F)[C@@H](O)C[C@]3(C)[C@]2(C(=O)CO)O1,0
O=[N+]([O-])c1ccc(F)c(Cl)c1,0
CCc1c(C)[nH]c2c1C(=O)C(C[NH+]1CCOCC1)CC2,0
COC(=O)CCCC(=O)OC,0
CC(C)=CCCC(C)CCO,0
CCC(=O)OCCOc1ccccc1,0
CC/C=C\CCOC(=O)CC,0
CC(C)C(Br)C(=O)NC(N)=O,0
CC[NH2+]CC(O)c1cccc(O)c1,0
CCCCNS(=O)(=O)c1ccc(C)cc1,0
CC1(C)S[C@@H]2[C@H](NC(=O)C(C(=O)Oc3ccc4c(c3)CCC4)c3ccccc3)C(=O)N2[C@H]1C(=O)[O-],0
CC([NH3+])Cc1ccc(O)cc1,0
N#Cc1cc2ccccc2c2ccccc12,0
CC1[NH2+]CCOC1c1ccccc1,0
C[NH+](CCOc1ccc(NS(C)(=O)=O)cc1)CCc1ccc(NS(C)(=O)=O)cc1,0
O=C([O-])Cc1ccc(-c2ccccc2)cc1,0
CC(C)(C)[NH2+]CC(O)COc1ccc(NC(=O)NC2CCCCC2)cc1,0
Oc1ccc(C2C[NH2+]CCc3c2cc(O)c(O)c3Cl)cc1,0
Nc1ccc(C(=O)NCC(=O)[O-])cc1,0
CC1(C)O[C@@H]2C[C@H]3[C@@H]4C[C@H](F)C5=CC(=O)C=C[C@]5(C)[C@@]4(F)[C@@H](O)C[C@]3(C)[C@]2(C(=O)CO)O1,0
CC(=O)OC(C(=O)c1ccccc1)c1ccccc1,0
CCOC(=O)COc1cc(-n2ncc(C(F)(F)F)c(C)c2=O)c(F)cc1Cl,0
CCOC(=O)C[NH2+][C@@H](C(=O)N1CC[C@H]1C(=O)NCc1ccc(C(N)=[NH+]O)cc1)C1CCCCC1,0
[NH3+][C@@H](Cc1c[nH]c2ccccc12)C(=O)[O-],0
C=CCc1ccc2c(c1)OCO2,0
CCOC(=O)Nc1cccc(OC(=O)Nc2ccccc2)c1,0
c1cc2c(c(NC3=[NH+]CCN3)c1)CCCC2,0
CCCOC(=O)c1ccc(C(=O)OCCC)nc1,0
C[C@H](CS)C(=O)N1CCC[C@H]1C(=O)[O-],0
CCC1(c2ccccc2)C(=O)NC(=O)N(C)C1=O,0
CC1(C)O[C@@H]2C[C@H]3[C@@H]4C[C@H](F)C5=CC(=O)CC[C@]5(C)[C@H]4[C@@H](O)C[C@]3(C)[C@]2(C(=O)CO)O1,0
CC(=O)Nc1ccc(C(=O)[O-])cc1,0
O=C1O[C@H](CO)[C@@H](O)[C@H](O)[C@H]1O,0
Oc1cc(O)c2c(c1)O[C@H](c1ccc(O)c(O)c1)[C@H](O)C2,0
CC(C)[C@H]([NH3+])C(=O)OCC(CO)OCn1cnc2c(=O)nc(N)[nH]c21,0
COC(=O)c1ccccc1S(=O)(=O)NC(=O)Nc1nc(C)nc(OC)n1,0
CCCCCCCCCC(C)=O,0
CC(Cc1ccccc1)[NH2+]Cc1ccccc1Cl,0
Nc1cc2c3c(c1)C(c1ccccc1)=N[C@@H](NC(=O)c1cccnc1)C(=O)N3CC2,0
CCCOCC(C)OCC(C)O,0
O=C([O-])c1ccc(NC2OC[C@@H](O)[C@H](O)[C@H]2O)cc1,0
C[C@]12CC[C@@H]3c4ccc(OS(=O)(=O)[O-])cc4CC[C@H]3[C@@H]1CCC2=O,0
CCC[NH+]1CCCC[C@H]1C(=O)Nc1c(C)cccc1C,0
C[C@H]([NH2+]CCc1ccc(O)cc1)[C@H](O)c1ccc(O)cc1,0
CCCCCCCCCCOC(C)=O,0
C[C@@H]1C[C@H]2[C@@H]3CCC4=CC(=O)C=C[C@]4(C)[C@@]3(F)[C@@H](O)C[C@]2(C)[C@@]1(O)C(=O)COC(=O)c1cccc(S(=O)(=O)[O-])c1,0
O=C1OC(=O)C2C1C1(Cl)C(Cl)=C(Cl)C2(Cl)C1(Cl)Cl,0
CC1(C)O[C@@H]2C[C@H]3[C@@H]4CCC5=CC(=O)CC[C@]5(C)[C@@]4(F)[C@@H](O)C[C@]3(C)[C@]2(C(=O)CCl)O1,0
COP(=O)(OC)O/C(C)=C/C(=O)N(C)C,0
COc1ccc(/C=C/C(=O)OCCC(C)C)cc1,0
CCn1cc(C(=O)[O-])c(=O)c2cc(F)c(N3CC[NH2+]CC3)cc21,0
NC(=O)[C@@H]1C[C@]2(NC(=O)NC2=O)c2cc(F)ccc2O1,0
Cc1nc([N-]S(=O)(=O)c2ccc(N)cc2)nc(C)c1Br,0
CC(C1CC1)C(O)(Cn1cncn1)c1ccc(Cl)cc1,0
C[NH+]1CCCCC1CCN1c2ccccc2Sc2ccc(S(C)=O)cc21,0
CC(=O)SCC(CC(=O)c1ccc(C)cc1)C(=O)[O-],0
O=c1n(Cl)c(=O)n(Cl)c(=O)n1Cl,0
CC(C)(O)C(=O)c1ccc(OCCO)cc1,0
O=[N+]([O-])c1cc(N(CCO)CCO)ccc1NCCO,0
Cc1cc(C)c(/N=N/c2c(O)c(S(=O)(=O)[O-])cc3cc(S(=O)(=O)[O-])ccc23)cc1C,0
CCOC(=O)[C@H](CCc1ccccc1)[NH2+][C@@H](C)C(=O)N1[C@H](C(=O)[O-])C[C@H]2CCCC[C@@H]21,0
O=C([O-])CCSSCCC(=O)[O-],0
CN1CC[NH+](CCCN2c3ccccc3Sc3ccccc32)CC1,0
CC1CN(c2cc3c(cc2F)c(=O)c(C(=O)[O-])cn3-c2ccc(F)cc2F)CC[NH2+]1,0
CC1(C)Oc2ccc(C#N)cc2[C@@H](N2CCCC2=O)[C@@H]1O,0
COC1CC(=C(c2cccs2)c2cccs2)C[N+](C)(C)C1,0
CC1(C)COP(Oc2ccccc2)OC1,0
Oc1ccc([C@H]2C[NH2+]Cc3c2ccc(O)c3O)cc1O,0
S=c1[nH]c2ccccc2[nH]1,0
Nc1nc2c(Cl)cccc2s1,0
CC(C)C(=O)c1c(C(C)C)nn2ccccc12,0
CC/C=C\CCOC(C)OCC,0
CCSC(=O)N(CC(C)C)CC(C)C,0
C=CC(C)(CCC=C(C)C)OC(=O)CC(C)C,0
Nc1nc(NC2CC2)c2ncn([C@@H]3C=C[C@@H](CO)C3)c2n1,0
O=C(COc1ccc(Cl)cc1)OCC[NH2+]C12CC3CC(CC(C3)C1)C2,0
CCC1(CC)C(=O)NC([O-])=[NH+]C1=O,0
CC1=C(C(=O)Nc2ccccc2)SCCO1,0
COc1cc(N)c(Cl)cc1C(=O)NC1CC[NH+](Cc2ccccc2)CC1,0
CCCCO[PH](=O)OCCCC,0
Oc1ccc2c3c1O[C@H]1[C@@H](O)C=C[C@H]4[C@H](C2)[NH2+]CC[C@@]341,0
FC(F)OC(F)(F)C(F)Cl,0
Nc1c(S(=O)(=O)[O-])cc(Br)c2c1C(=O)c1ccccc1C2=O,0
CN(C)/N=N/c1nc[nH]c1C(N)=O,0
NC(=O)Oc1ccc(Cc2ccccc2)cc1,0
CN(C)c1ccc(N(C)C)cc1,0
O=C(NO)C1(NS(=O)(=O)c2ccc(Oc3ccc(F)cc3)cc2)CCOCC1,0
CCC(C)C(=O)OCCc1ccccc1,0
CCOC(=O)CCN(SN(C)C(=O)Oc1cccc2c1OC(C)(C)C2)C(C)C,0
COC(Cc1ccccc1)OC,0
CCN1C(=O)c2ccccc2C1Nc1ccc(OCC[NH+]2CCCCC2)cc1,0
CC(O)[C@H]1CC[C@H]2[C@@H]3CC[C@@H]4C[C@@H](O)CC[C@]4(C)[C@H]3CC[C@]12C,0
CCOC(=O)c1ccc(C)cc1,0
Cc1cc(Cc2ccc(N)c(C)c2)ccc1N,0
CC[NH+](CC)CCNC(=O)c1cc(S(C)(=O)=O)ccc1OC,0
COC(=O)c1ccccc1N,0
CC(=O)c1ccc2c(c1)N(CCC[NH+]1CCC(CCO)CC1)c1ccccc1S2,0
CN(C)NC(=O)CCC(=O)[O-],0
CC(C)([NH3+])Cc1ccc(Cl)cc1,0
CC(=O)Oc1ccc(C(C)=O)cc1,0
Cc1cc2c(OCC(C[NH2+]C(C)(C)C)OC(=O)c3ccccc3)cccc2[nH]1,0
C=C[C@H]1C[NH+]2CCC1C[C@@H]2[C@@H](O)c1ccnc2ccc(OC)cc12,0
CC[C@H](C)[C@@H](C(=O)[O-])n1sc2ccccc2c1=O,0
CC(=O)Nc1cccc(O)c1,0
COC(C)COC(C)COC(C)CO,0
C=CCc1cc(OC)c2c(c1)OCO2,0
CC(=O)N[C@H]1C(O)O[C@H](CO)[C@@H](O)[C@@H]1O,0
NC(=O)c1cccc([N+](=O)[O-])c1,0
CCC(=O)/C=C/c1ccc(OC)cc1,0
O=C1CCC(C2CCCCC2)CC1,0
C[NH+](C)CCOC(=O)COc1ccc(Cl)cc1,0
O=C=Nc1ccc(Cc2ccc(N=C=O)cc2)cc1,0
CNC(=O)O/N=C(\CSC)C(C)(C)C,0
CC(=O)Nc1ccc(S(=O)(=O)[N-]c2ccc([N+](=O)[O-])cc2)cc1,0
O=C(OCc1ccccc1)c1cccnc1,0
Nc1ccc(-c2ccccc2)cc1,0
CC(C)(C)c1ccc(C=O)cc1,0
CCn1cc(C(=O)[O-])c(=O)c2cc3c(cc21)OCO3,0
C/C=C(\CC)C(=O)NC(N)=O,0
C=CC(=C)CCCC(C)(C)OC(C)=O,0
OC[C@H]1O[C@](O)(CO)[C@@H](O)[C@@H]1O,0
CC12CCC(CC1=O)C2(C)C,0
N#CCc1cccc(C(F)(F)F)c1,0
O=Cc1c2ccccc2c(Cl)c2ccccc12,0
CCNP(=S)(OC)O/C(C)=C/C(=O)OC(C)C,0
OC[C@@H](O)[C@@H](O)[C@H](O)[C@@H](O)CO,0
Nc1ccc2cc(S(=O)(=O)[O-])ccc2c1,0
Nc1cc(Cl)c(NC2=[NH+]CCN2)c(Cl)c1,0
CCCC(CCC)C(=O)O[C@H]1C[C@H]2CC[C@@H](C1)[N+]2(C)C,0
CCCc1ccc(C(=O)[O-])cc1,0
O=[N+]([O-])c1ccc(S(=O)(=O)[O-])c([N+](=O)[O-])c1,0
CCOP(=O)(OCC)OCC,0
CN(C)C(=O)Nc1cccc(OC(=O)NC(C)(C)C)c1,0
NS(=O)(=O)c1cc2c(cc1Cl)N=CNS2(=O)=O,0
COP(=O)(OC)OC(c1ccc(Cl)cc1)P(=O)(OC)OC,0
O=S(=O)([O-])c1ccc(O)c2ncccc12,0
N#CC(c1ccccc1)c1ccccc1,0
C[NH+]1C(C)(C)CCCC1(C)C,0
CCCCc1ccc(Cl)cc1,0
C[N+]1(C)[C@@H]2CC[C@H]1C[C@@H](OC(=O)C(CO)c1ccccc1)C2,0
O=C(c1ccccc1)c1ccc2n1CC[C@H]2C(=O)[O-],0
CCCC(=O)OCCc1ccccc1,0
O=C1OC[C@H](Cc2cccc(O)c2)[C@H]1Cc1cccc(O)c1,0
CC(C)Cc1ccc([C@H](C)C(=O)[O-])cc1,0
COC(=O)COc1ccc(Cl)cc1Cl,0
CCc1cc(Cl)c(OC)c(C(=O)NC[C@@H]2CCC[NH+]2CC)c1O,0
CCC(C)(C)C1CCC(=O)CC1,0
COP(=S)(Cl)OC,0
CNC(=O)CSP(=S)(OC)OC,0
O=c1oc2cc(O)ccc2c2oc3cc(O)ccc3c12,0
CC(C)OC(=O)C(O)(CC(=O)[O-])CC(=O)[O-],0
COc1ccc(C2CNC(=O)C2)cc1OC1CCCC1,0
C[N+](C)(C)CCCCCCCCCC[N+](C)(C)C,0
CCS(=O)(=O)CCSP(=O)(OC)OC,0
NC(=S)NS(=O)(=O)c1ccc(N)cc1,0
COc1cc(C=O)ccc1OC(=O)C(C)C,0
CCN(CCC#N)c1ccccc1,0
Cc1nnc(C(=O)NC(C)(C)c2nc(C(=O)NCc3ccc(F)cc3)c([O-])c(=O)n2C)o1,0
[O-]c1c(Br)cc(Br)cc1Br,0
CCOP(=O)([O-])C(N)=O,0
CN(C)C(=O)Oc1cc(OC(=O)N(C)C)cc(C(O)C[NH2+]C(C)(C)C)c1,0
CCC(C)(C#N)/N=N/C(C)(C#N)CC,0
CN/C(=C\[N+](=O)[O-])[NH2+]CCSCc1ccc(C[NH+](C)C)o1,0
COC(=O)Nc1cccc(OC(=O)Nc2cccc(C)c2)c1,0
O=S(=O)(Oc1ccc(Cl)cc1Cl)c1ccccc1,0
Clc1cccc(Cl)c1Cl,0
CCc1cc(C(N)=S)ccn1,0
O=C([O-])c1ccccc1[S-],0
CC(C)[NH2+]C(C)Cc1ccc(I)cc1,0
O=C([O-])CNC(=O)c1ccccc1,0
CCCCOC(=O)CCS,0
CCC(CC)(CC(=O)Nc1cccc(/C=C/c2nc(C3CCC3)cs2)c1)C(=O)[O-],0
ClC(Cl)=C(Cl)C(Cl)=C(Cl)Cl,0
FC(Cl)(Cl)C(F)(Cl)Cl,0
CC(CNC(=O)c1cccnc1)NC(=O)c1cccnc1,0
CC1(O)CCC(C(C)(C)O)CC1,0
O=P([O-])([O-])Oc1ccccc1,0
CC1=CC(C)(C)Nc2ccccc21,0
Cc1ccccc1OCC1CO1,0
C=CC(C)(CCC=C(C)C)OC=O,0
CC(=O)SC[C@@H](C)C(=O)N1CCC[C@H]1C(=O)N[C@@H](Cc1ccccc1)C(=O)[O-],0
CCOC(=O)C(Br)c1ccccc1,0
CCC(=O)c1cccc(Cl)c1,0
Nc1ccc2c(O)cc(S(=O)(=O)[O-])cc2c1,1
O=C([O-])[C@H](CC(=O)N1C[C@H]2CCCC[C@H]2C1)Cc1ccccc1,0
N#CCc1ccccc1[N+](=O)[O-],0
CC(C)CC(O)Cc1ccccc1,0
O=C1OC(=O)C2CC=CCC12,0
O=C([O-])CCCc1ccc(N(CCCl)CCCl)cc1,1
O=C1CCCCC1C1CCCCC1,0
CC[NH+](CC)CCNC(=O)c1ccc(NC(C)=O)cc1,0
CCC[NH2+]C(C)(C)COC(=O)c1ccccc1,0
O=[N+]([O-])c1ccccc1CCl,0
CN1C(=O)C(O)N=C(c2ccccc2)c2cc(Cl)ccc21,0
FC(F)(F)c1ccc(Cl)cc1,0
CCCCCCCCCC(C)C=O,0
CC(C)=CCCC(C)CC(=O)[O-],0
Nc1ccc(Cc2ccc(N)cc2)cc1,0
CC(C)(C)CC(C)(C)c1ccc(OCCO)cc1,0
C=C(C)[C@H]1CC=C(C)C(=O)C1,0
O=C[C@@H](O)[C@H](O)[C@H](O)CO,0
CCC[C@@H]1C[C@@H](C(=O)N[C@@H]([C@H]2O[C@H](SC)[C@H](O)[C@@H](O)[C@H]2O)[C@@H](C)O)[NH+](C)C1,0
CCCCCCCCCCCC[N+](C)(C)CC(=O)[O-],0
O=C([O-])CCCc1c[nH]c2ccccc12,0
Cc1ncc(C[n+]2csc(CCOP(=O)([O-])OP(=O)([O-])[O-])c2C)c(N)n1,0
C[NH+](C)CCCNCCC#N,0
O=S(=O)([O-])c1ccc2[nH]c(-c3ccccc3)nc2c1,0
CCCCOCCOC(C)=O,0
CCCCC(=O)O[C@]1(C(=O)CO)CC[C@H]2[C@@H]3CCC4=CC(=O)CC[C@]4(C)[C@H]3[C@@H](O)C[C@@]21C,0
CC(O)COc1ccccc1,0
C[NH+](C)Cc1ccccc1O,0
CC[NH+](Cc1ccc(Cl)nc1)/C(=C/[N+](=O)[O-])NC,0
CON(C)C(=O)Nc1ccc(Cl)c(Cl)c1,0
O=C([O-])c1ccc2cc(C(=O)[O-])ccc2c1,0
c1cc(CCCc2ccncc2)ccn1,0
CNC(NCc1ccccc1)=[NH+]C,0
Cc1cc(S(=O)(=O)[O-])c(N)cc1Cl,0
CC1=NN(c2ccc(S(=O)(=O)[O-])cc2)C(=O)C1,0
CCOc1cc(NC(C)=O)ccc1C(=O)OC,0
Cn1c(N)c(N=O)c(=O)n(C)c1=O,0
C[NH+](C)C1CSSSC1,0
O=C([O-])c1cccnc1C(=O)[O-],0
Nc1cnn([C@@H]2O[C@H](CO)[C@@H](O)[C@H]2O)c(=O)n1,1
CC(COc1ccccc1)NN,0
C[N+]1(CCCCC[N+]2(C)CCCC2)CCCC1,0
COCc1cnc(C2=[NH+]C(C)(C(C)C)C(=O)N2)c(C(=O)[O-])c1,0
CCCC[NH+]1C[C@H](O)[C@@H](O)[C@H](O)[C@H]1CO,0
CCOCCOCCOCC,0
Cc1nn(-c2cc(NS(C)(=O)=O)c(Cl)cc2Cl)c(=O)n1C(F)F,0
COP(=S)(OC)Oc1cc(Cl)c(Cl)cc1Cl,0
Nc1cc(S(=O)(=O)[O-])cc2cc(S(=O)(=O)[O-])cc(O)c12,0
CCc1nc(N)nc(N)c1-c1ccc(Cl)cc1,1
NC(=[NH2+])NN=C1C=CC(=NNC(N)=S)C=C1,0
O=C([O-])c1ccc(OCCCOc2ccc(C(=O)[O-])cc2)cc1,0
N#CC(C#N)=Cc1cc(O)c(O)c(O)c1,0
NS(=O)(=O)c1cc2c(cc1Cl)NC(C(Cl)Cl)NS2(=O)=O,0
C[NH2+]CCCC1c2ccccc2C=Cc2ccccc21,0
O=[N+]([O-])c1ccc(/C=N\O)o1,0
C[C@@H]1C[C@@H]([C@H](O)CC2CC(=O)NC(=O)C2)C(=O)[C@@H](C)C1,0
[O-]c1c(Cl)cc(Cl)cc1Cl,0
Cc1ccc(O)c(-n2nc3ccccc3n2)c1,0
O=[N+]([O-])c1ccccc1Cl,0
Cc1cccc(C)c1NC(=O)NC1=CCC[NH+]1C,0
CC(C)(C#N)/N=N/C(C)(C)C#N,0
CCCCCCCCCC(=O)OCC,0
O=C(/C=C/c1ccccc1)NCCO,0
CCC(CC)Nc1c([N+](=O)[O-])cc(C)c(C)c1[N+](=O)[O-],0
c1ccc(-c2ccccn2)nc1,0
CC(C(O)c1ccc(O)cc1)[NH+]1CCC(Cc2ccccc2)CC1,0
O=C([O-])c1cc(C(=O)[O-])c(C(=O)[O-])cc1C(=O)[O-],0
CC1(C)S[C@@H]2[C@H](NC(=O)Cc3ccccc3)C(=O)N2[C@H]1C(=O)[O-],0
O=C1/C(=C2\Nc3ccccc3C2=O)Nc2ccccc21,0
Oc1cc(Cl)c(Cl)cc1Cl,0
CCOC(=O)[C@H](CCc1ccccc1)[NH2+][C@@H](C)C(=O)N1Cc2ccccc2C[C@H]1C(=O)[O-],0
Cc1oncc1C(=O)Nc1ccc(C(F)(F)F)cc1,0
Cc1ccc(C=C2C(=O)C3CCC2C3(C)C)cc1,0
O=C([O-])c1ccc(OCCn2ccnc2)cc1,0
CN(C)c1ccc([O-])c2c1C[C@H]1C[C@H]3[C@H]([NH+](C)C)C([O-])=C(C(N)=O)C(=O)[C@@]3(O)C([O-])=C1C2=O,0
COC(=O)c1ccc(C)cc1,0
FC(F)(F)/C(=N/OCC1OCCO1)c1ccc(Cl)cc1,0
O=C1O[C@@H]2[C@@H](O)[C@H](O)O[C@@H]2[C@H]1O,0
CC(C)CC(=O)OCc1ccccc1,0
CCCC[N+](CCCC)(CCCC)CCCC,0
Brc1cc2ccccc2c2ccccc12,0
O=[N+]([O-])C(Cl)(Cl)Cl,0
CCCCOP(=O)(OCCCC)OCCCC,0
CC(C[N+](C)(C)C)OC(N)=O,0
N#CC1(/N=N/C2(C#N)CCCCC2)CCCCC1,0
C=CC[NH+]1CC[C@]23c4c5ccc(O)c4O[C@H]2C(=O)CC[C@@]3(O)[C@H]1C5,0
Cc1nc(-c2ccc(Cl)cc2)oc1COC(C)(C)C(=O)[O-],0
Cc1ccc(Nc2c(F)cccc2Cl)c(CC(=O)[O-])c1,0
CCOC(=O)C1OC1(C)c1ccccc1,0
O=C([O-])CCCC/C=C(\c1ccccc1)c1cccnc1,0
CCCCCCCCO[C@@H]1O[C@H](CO)[C@@H](O)[C@H](O)[C@H]1O,0
O=C([O-])c1c(Cl)ccc(Cl)c1Cl,0
CCNc1nc(NC(C)C)nc(OC)n1,0
CC(C)(O)CCCC1=CCC(C=O)CC1,0
CCOc1ccccc1C(N)=O,0
O=C1CCC(c2ccc(-n3ccnc3)cc2)=NN1,0
NC(=O)c1ncn([C@@H]2O[C@H](CO)[C@@H](O)[C@H]2O)n1,1
COC(=O)c1ccc(CBr)cc1,0
COc1cc(C(=O)NCCCCCC(=O)[O-])cc(OC)c1OC,0
CC(=O)O[C@H](CC(=O)[O-])C[N+](C)(C)C,0
CC[NH+]1CCC[C@H]1CNC(=O)c1c(OC)ccc(Br)c1OC,0
O=C([O-])COc1ccc(C(=O)c2cccs2)c(Cl)c1Cl,0
CCCCOC(=O)COC(=O)c1ccccc1C(=O)OCCCC,0
COc1ccc(/C(=C/C(=O)N2CCOCC2)c2ccc(Cl)cc2)cc1OC,0
Nc1c[n+](N2CCOCC2)no1,0
C=CCc1ccc(O)c(OC)c1,0
CCN(CC)C(=O)Nc1ccc(OCC(O)C[NH2+]C(C)(C)C)c(C(C)=O)c1,0
CC(C)=CCC[C@@](C)(O)[C@H]1CC=C(C)CC1,0
COC(=O)C(Cl)C(=O)OC,0
NC(=[NH2+])c1ccc(OCCCCCOc2ccc(C(N)=[NH2+])cc2)cc1,0
CC(C)(C)C1CCCCC1O,0
CCOC(=O)c1ccccc1OC,0
C[N+]12CCC(CC1)C(OC(=O)C(O)(c1ccccc1)c1ccccc1)C2,0
Cc1ncc(COP(=O)([O-])[O-])c(C[NH3+])c1O,0
O=c1[nH]c2ccc(Cl)cc2o1,0
CC(C)(S)C(=O)N[C@@H](CS)C(=O)[O-],0
FC(F)OC(Cl)C(F)(F)F,0
C1C[NH+](CCOCC[NH+]2CCOCC2)CCO1,0
CCOC(=O)CC(=O)OCC,0
Cc1ccc(C(=O)C(C)C[NH+]2CCCCC2)cc1,0
C[NH2+]C[C@H](O)c1cccc(O)c1,0
CCOc1ccc(NC(C)=O)cc1,0
NC(=O)Cc1cccc(C(=O)c2ccccc2)c1N,0
CCCCC[NH+](C)CCC(O)(P(=O)([O-])[O-])P(=O)([O-])[O-],0
C[NH+](C)CCc1c[nH]c2ccc(Cn3cncn3)cc12,0
Nc1ncnc2c1ncn2[C@@H]1O[C@@H]2COP(=O)([O-])O[C@H]2[C@H]1O,0
CCC1Nc2cc(Cl)c(S(N)(=O)=O)cc2S(=O)(=O)N1,0
COc1ccc(C(=O)c2ccccc2O)c(O)c1,0
CCOC(=O)n1ccn(C)c1=S,0
CC(C)C(=O)OCCOc1ccccc1,0
COC(=O)C(C[NH3+])c1c[nH]c2ccc(OC)cc12,0
CC(C)(CO)C(O)C(=O)NCCCO,0
O=C([O-])COc1ccc(CCNS(=O)(=O)c2ccccc2)s1,0
[O-][n+]1cc[n+]([O-])c2ccccc21,0
CCCCCCCCCCCl,0
CC(C)C1(C)[NH+]=C(c2ncccc2C(=O)[O-])NC1=O,0
Cc1cc(-c2ccccc2)nnc1NCC[NH+]1CCOCC1,0
CC(C)NNC(=O)c1ccncc1,0
C[C@]12C[C@H](O)[C@H]3[C@@H](CCC4=CC(=O)CC[C@@]43C)[C@@H]1CC[C@@H]2C(=O)CO,0
CCCCNc1cc(C(=O)[O-])cc(S(N)(=O)=O)c1Oc1ccccc1,0
CCC(=O)O[C@@](Cc1ccccc1)(c1ccccc1)[C@@H](C)C[NH+](C)C,0
CCCCCCC(=O)OCC,0
CCSCc1ccccc1OC(=O)NC,0
CCC(=O)OCCc1ccccc1,0
CCC[NH2+][C@H]1CCc2nc(N)sc2C1,0
CC(=O)Oc1ccc(C)cc1,0
CC(Oc1ccc(Cl)cc1Cl)C(=O)[O-],0
C=C(C)CN(CC)c1c([N+](=O)[O-])cc(C(F)(F)F)cc1[N+](=O)[O-],0
C[NH+](C1CCCCC1)C1CCCCC1,0
O=C([O-])CCCCCC(=O)[O-],0
CCC(C(=O)OCCOCC[NH+](CC)CC)c1ccccc1,0
CCOC(=O)CCC(=O)OCC,0
CC(C)=CC[NH+]1CC[C@]2(C)c3cc(O)ccc3C[C@H]1[C@H]2C,0
O=C(NS(=O)(=O)/C=C/c1ccccc1)c1ccc(F)cc1Cl,1
Cc1cc([O-])c2c(c1)C(=O)c1cccc([O-])c1C2=O,0
CCCSP(=S)(OCC)Oc1ccc(SC)cc1,0
CCCCCCCCCCCC[NH+]1CCOCC1,0
Nc1nc(N)c(-c2ccccc2)s1,0
CC(C)(O)[C@@H]1[C@H]2OC(=O)[C@@H]1[C@]1(O)C[C@H]3O[C@]34C(=O)O[C@H]2[C@]14C,0
CCOC(=O)CC(C(C)=O)C(C)=O,0
Cn1c(-c2ccccc2)cc(-c2ccccc2)[n+]1C,0
CCN(CC)c1cc(C)nc2ncnn12,0
C=CCSCC1Nc2cc(Cl)c(S(N)(=O)=O)cc2S(=O)(=O)N1,0
CCOC(=O)[C@H](CCc1ccccc1)[NH2+][C@@H](C)C(=O)N1Cc2cc(OC)c(OC)cc2C[C@H]1C(=O)[O-],0
CNC(=O)[C@H](Cc1c[nH]c2ccccc12)NC(=O)[C@@H](CC(=O)NO)CC(C)C,0
CC(=O)N1C[C@H](O)C[C@H]1C(=O)[O-],0
CC(Oc1cccc(Cl)c1)C(=O)[O-],0
CCCC(=O)N1CCCN(c2nc(N)c3cc(OC)c(OC)cc3n2)CC1,0
CC(=O)O[C@H]1CC[C@@]2(C)C(=CC[C@@H]3[C@@H]2CC[C@]2(C)C(=O)CC[C@@H]32)C1,0
CCCC(C)(COC(N)=O)COC(N)=O,0
C=CCC1([C@@H](C)CCC)C(=O)NC(=O)NC1=O,0
CCC[NH+](CCC)CCc1cccc2c1CC(=O)N2,0
C[C@@H](O)[C@H]1C(=O)N2C(C(=O)[O-])=C(SC3Cn4cnc[n+]4C3)[C@H](C)[C@H]12,0
Nc1cc(S(=O)(=O)[O-])ccc1O,0
CC1C(C)(C)C2=C(C(=O)CCC2)C1(C)C,0
O=C1c2ccccc2C(=O)C1c1ccc(Br)cc1,0
O=C([O-])CCC(=O)OC[C@@H](NC(=O)[C-](Cl)Cl)[C@H](O)c1ccc([N+](=O)[O-])cc1,0
FC(F)(F)C(F)(F)C(F)(F)C(F)(F)C(F)(F)F,0
CCC(C)(C)c1ccc(O)cc1,0
CCCCC(CC)COS(=O)(=O)[O-],0
CC(C)=C1CC[C@@H](C)CC1=O,0
Cc1ccccc1OCC(O)CO,0
O=C(Nc1ccccc1)OCC(C[NH+]1CCCCC1)OC(=O)Nc1ccccc1,0
O=C([O-])c1ccccc1C(=O)OCc1ccccc1,0
CCCCCCCCOC(=O)c1ccc(O)cc1,0
COCCOc1cc2cc(C(=O)NC3CC[NH+](C(C)C)CC3)n(CC(=O)Nc3ccc(Cl)cn3)c2cn1,0
C/C(=N/C#N)N(C)Cc1ccc(Cl)nc1,0
Nc1ccn([C@H]2CS[C@@H](CO)O2)c(=O)n1,0
Clc1cc(Cl)c(Cl)c(Cl)c1,0
Clc1ccc(Cl)c(Cl)c1Cl,0
Clc1cc(Cl)c2c(c1)[NH+]=C1CCCCCN1C2,0
CCCCP(CCCC)CCCC,0
C[NH2+][C@]1(c2ccccc2Cl)CCCCC1=O,0
CCCCNC(=S)NCCCC,0
O=C(OCCOCCOC(=O)c1ccccc1)c1ccccc1,0
CC1CCc2cc(F)cc3c(=O)c(C(=O)[O-])cn1c23,0
Clc1cccc(C(Cl)(Cl)Cl)n1,0
CC(C)(C)C(=O)CC(=O)C(C)(C)C,0
CNC(=O)Oc1cccc([NH+]=CN(C)C)c1,0
C[NH+](C)Cc1cc(C(C)(C)C)c(O)c(C(C)(C)C)c1,0
C[NH+](C)[C@@H]1C([O-])=C(C(N)=O)C(=O)[C@@]2(O)C([O-])=C3C(=O)c4c([O-])cccc4[C@@](C)(O)[C@H]3[C@H](O)[C@@H]12,0
Cc1cc(C(=O)NCCc2ccc(S(=O)(=O)NC(=O)N[NH+]3CCCCCC3)cc2)no1,0
CCOC(=O)C(C#N)=C(c1ccccc1)c1ccccc1,0
O=c1[nH]cnc2[nH]cc(C[NH+]3CCCCC3)c12,0
Cc1cc(N)c2cc(NC(=O)Nc3ccc4[nH+]c(C)cc(N)c4c3)ccc2[nH+]1,0
Cc1ccc([N+](=O)[O-])cc1N,0
NC(=S)N/N=C/c1cccnc1,0
O=C=NCC1CCCC(CN=C=O)C1,0
O=C([O-])c1ccccc1Cl,0
C#C[C@]1(O)C=C[C@H]2[C@@H]3CCC4=CC(=O)CC[C@@H]4[C@H]3CC[C@@]21CC,0
CCCCCCC1CCOC1=O,0
Cl/C(=C\n1cncn1)c1ccc(Cl)cc1Cl,0
O=C1CCCCCCCCCCOCCCCO1,0
COc1ccc(NC(=O)CC(C)=O)cc1,0
CC1=C2[C@@H]([C@H](C)CC[C@H]2/C=C(\C)C(=O)[O-])[C@H](O)C1,0
C[NH+](C)CCCCCC[NH+](C)C,0
C=CCN(CC=C)C(=O)[C-](Cl)Cl,0
CCN(CC)c1ccc(C(=O)c2ccccc2C(=O)[O-])c(O)c1,0
CCCN(CCCl)c1c([N+](=O)[O-])cc(C(F)(F)F)cc1[N+](=O)[O-],0
CCOc1ccc(NC(=O)CC(C)=O)cc1,0
CC(CC(c1ccccc1)c1ccccc1)[NH2+]C(C)(C)C,0
COc1ccc(C(=O)N2CC[NH+](CC(=O)N3CCOCC3)CC2)cc1,0
Cc1ccc(C(=O)c2ccccc2)cc1,0
COC(=O)C1(O)c2ccccc2-c2ccccc21,0
CC(C)[C@H]1CC[C@H](C)C[C@@H]1O,0
C[C@]12CC[C@@H]3c4ccc(O)cc4CC[C@H]3[C@@H]1C[C@@H](O)[C@@H]2O,0
CCc1ncnc2cc(OC)c(OC)cc12,0
CCCC(C)C1(CC)C(=O)NC(S)=[NH+]C1=O,0
CC(C)[C@@H]1CC[C@@H](C)CC1=O,0
NC(=O)Cc1cccc2ccccc12,0
Cc1ccc(Cl)cc1Cl,0
C[C@]12C=CC(=O)C=C1CC[C@@H]1[C@@H]2[C@@H](O)C[C@@]2(C)[C@H]1CC[C@]2(O)C(=O)CO,0
O=C1c2ccccc2C(=O)C1c1ccc2cc(S(=O)(=O)[O-])cc(S(=O)(=O)[O-])c2n1,0
O=C([O-])c1cn(-c2ccc(F)cc2)c2cc(N3CC[NH2+]CC3)c(F)cc2c1=O,0
Cc1cc(C(C)(C)C)c(O)c(C)c1CC1=[NH+]CCN1,0
NS(=O)(=O)c1cc(C(=O)[O-])cc(N2CCCC2)c1Oc1ccccc1,0
COc1ccc2c3c1O[C@H]1C(=O)CC[C@H]4[C@@H](C2)[NH+](C)CC[C@]314,0
ClC(Cl)C(Cl)Cl,0
Cc1ccc([O-])c([N+](=O)[O-])c1,0
O=C([O-])CNC(=O)c1ccc([N+](=O)[O-])cc1,0
O=Cc1ccc(C(=O)[O-])cc1,0
C[C@@H]1C[C@H]2[C@@H]3C[C@H](F)C4=CC(=O)C=C[C@]4(C)[C@@]3(F)[C@@H](O)C[C@]2(C)[C@@]1(O)C(=O)CO,0
O=C1OC(C[NH+]2CCOCC2)CN1N=Cc1ccc([N+](=O)[O-])o1,0
CCOC(=O)[C@@H](C)Oc1ccc(Oc2nc3ccc(Cl)cc3o2)cc1,0
Brc1ccc(-c2ccccc2)cc1,0
COc1ccc(/C=N\NC(=O)c2ccncc2)c(C(=O)[O-])c1OC,0
C=C(C)C(=O)OCC(C)(C)COC(=O)C(=C)C,0
C[NH+]1CCC[C@@H]1c1cccnc1,0
CCCOC(=O)Cc1ccc(OCC(=O)N(CC)CC)c(OC)c1,0
CC1(C)O[C@@H]2C[C@H]3[C@@H]4C[C@H](F)C5=CC(=O)C=C[C@]5(C)[C@H]4[C@@H](O)C[C@]3(C)[C@]2(C(=O)CO)O1,0
COc1cc(NS(=O)(=O)c2ccc(N)cc2)nc(OC)n1,0
CC(=O)NC1CCSC1=O,0
CN(C(=O)C[NH+](CCO)CC(=O)N(C)C(C)(C)Cc1ccccc1)C(C)(C)Cc1ccccc1,0
C=CC1=C(C(=O)[O-])N2C(=O)[C@@H](NC(=O)/C(=N/O)c3csc(N)n3)[C@H]2SC1,0
Cc1cc2c(cc1S(N)(=O)=O)S(=O)(=O)CCC2,0
COC(F)(F)C(Cl)Cl,0
CC(=O)CC(c1ccccc1)c1c([O-])c2ccccc2oc1=O,0
Nc1ccc(NC(=O)c2ccc(N)cc2)cc1,0
O=C([O-])CCC/C=C\C[C@@H]1[C@@H](/C=C/[C@@H](O)COc2cccc(Cl)c2)[C@H](O)C[C@@H]1O,0
O=C1c2cccc([O-])c2C(=O)c2c([O-])cccc21,1
C[NH+]1CCN(C(=O)O[C@H]2c3nccnc3C(=O)N2c2ccc(Cl)cn2)CC1,0
Nc1c2c([nH+]c3ccccc13)CCCC2O,0
Clc1ccc(C2(Cn3cncn3)OCCO2)c(Cl)c1,0
CCCCNP(N)(N)=S,0
CC(=O)c1sc(C)nc1C,0
COc1ccc2cc(CCC(C)=O)ccc2c1,0
COC(=O)c1ccccc1O,0
C=CC(C)(O)CCC=C(C)CCC=C(C)C,0
CC/C=C\CCOC(=O)C(C)C,0
Cc1cccc(Br)c1,0
CC1(C)Cc2cccc(O)c2O1,0
CCN1CC(CC[NH+]2CCOCC2)C(c2ccccc2)(c2ccccc2)C1=O,0
Cc1ncc([N+](=O)[O-])n1CCO,0
Nc1ccccc1S(=O)(=O)c1ccccc1,0
c1ccc(CNc2[nH]cnc3ncnc2-3)cc1,0
[NH3+]CC(O)c1ccc(O)cc1,0
CN1C(=O)CC[C@H]1c1cccnc1,0
C=CCOC(=O)c1ccc(C(=O)OCC=C)c(C(=O)OCC=C)c1,0
CNC(=[NH2+])NC(=O)Nc1c(C)cccc1C,0
O=C(C(=O)c1ccco1)c1ccco1,0
Nc1ccc(Oc2ccc(N)cc2)cc1,0
CCCCCCCCCCO[C@@H]1O[C@H](CO)[C@@H](O)[C@H](O)[C@H]1O,0
O=C([O-])c1cc(Br)c([O-])c(Br)c1,0
CCOC(=O)c1ccccc1N,0
CC1CCCCC1NC(=O)Nc1ccccc1,0
COCCCOCCCOC,0
CC(=O)c1ccc2c(c1)N(CCC[NH+](C)C)c1ccccc1S2,0
CN1CC[NH+](CC(=O)N2c3ccccc3C(=O)Nc3cccnc32)CC1,0
Cc1cc(C)c(NC(=O)C[NH+](CC(=O)[O-])CC(=O)[O-])c(C)c1Br,0
CCCCCCc1ccc(N)cc1,0
CCCCc1[nH+]cc(/C=C(\Cc2cccs2)C(=O)[O-])n1Cc1ccc(C(=O)[O-])cc1,0
O=C([O-])c1cccc(/C=C2/C[C@@H]3[C@@H](/C=C/[C@@H](O)C4CCCCC4)[C@H](O)C[C@@H]3O2)c1,0
Cc1c(C(=O)[O-])cccc1[N+](=O)[O-],0
Nc1c(Cl)cc([N+](=O)[O-])cc1Cl,0
C=CC(C)(CCC=C(C)C)OC(=O)c1ccccc1N,0
CC(C)CCOCc1ccccc1,0
OC[C@H]1OC(O)[C@H](O)[C@@H](O)[C@H]1O,0
C[NH2+]CCCC12CCC(c3ccccc31)c1ccccc12,0
O=C1NCC2(CC[NH+](CCc3ccccc3)CC2)O1,0
CCOC(=O)c1ccc(O)cc1,0
CC(C)(C)C(=O)C(Oc1ccc(Cl)cc1)n1cncn1,0
Cc1ccc(S(=O)(=O)[O-])cc1C,0
O=C([O-])CNc1ccccc1,0
CC(C/N=C/c1ccccc1O)/N=C/c1ccccc1O,0
O=C([O-])c1ccccc1-c1ccc(C(F)(F)F)cc1,0
O=C([O-])C(c1ccc(Cl)cc1)c1ccc(Cl)cc1,0
CC[NH+](CC)CCOC(=O)c1ccc(N)cc1Cl,0
CCC(C)OC(=O)N1CCCCC1CCO,0
C=Cc1cccc(CCl)c1,0
O=c1n(CC2CO2)c(=O)n(CC2CO2)c(=O)n1CC1CO1,1
CC(C)(C)[NH2+]C[C@H](O)COc1ccccc1C1CCCC1,0
CC[NH+](CC)CCOC(=O)c1cccnc1,0
C=C[C@H]1C[N@@H+]2CC[C@H]1C[C@H]2[C@H](OC(=O)OCC)c1ccnc2ccc(OC)cc12,0
C[NH+]1CCN(C2=[NH+]c3ccccc3Cc3ccccc32)CC1,0
O=[N+]([O-])c1cccc2cccnc12,0
Cc1ncc(CSSCc2cnc(C)c(O)c2CO)c(CO)c1O,0
O=C(OOC(=O)c1ccccc1)c1ccccc1,0
Cc1ccc(C)c([N+](=O)[O-])c1,0
Nc1ccc(S(=O)(=O)Nc2cnc3ccccc3n2)cc1,0
O=C([O-])/C=C/C(O)c1ccc(Cl)cc1,0
CCC1COC(Cn2cncn2)(c2ccc(Cl)cc2Cl)O1,0
CSC1=[NH+][C@@](C)(c2ccccc2)C(=O)N1Nc1ccccc1,0
CCCCCCCOC(=O)CCC,0
O=C1CCC(c2ccccc2)(C2CC[NH+](Cc3ccccc3)CC2)C(=O)N1,0
O=S(=O)([O-])NC1CCCCC1,0
C=C(C)C(=O)OCCCCCC,0
CC(=O)OCC(=O)[C@H]1CC[C@H]2[C@@H]3CCC4=CC(=O)CC[C@]4(C)[C@H]3CC[C@]12C,0
CCCCCCCCCCCC[NH3+],0
[NH3+]CCCC(O)(P(=O)([O-])[O-])P(=O)([O-])[O-],0
COc1ccc(OC)c(C(O)C(C)[NH3+])c1,0
COC(=O)/C=C(\C)CCC=C(C)C,0
CC(COC(=O)c1ccccc1)OC(=O)c1ccccc1,0
O=C([O-])c1cc(I)cc(I)c1I,0
O=[N+]([O-])c1ccc2ncccc2c1,0
CCOC(=S)SSC(=S)OCC,0
CCCCC/C=C/CC(=O)OC,0
C[N+]1(C)CCC(=C(c2ccccc2)c2ccccc2)CC1,0
Nc1c(Cl)c(F)[nH+]c(OCC(=O)[O-])c1Cl,0
O=C([O-])c1cc2cc(Cc3cccnc3)ccc2o1,0
CS(=O)(=O)NC(=O)c1cc(Oc2ccc(C(F)(F)F)cc2Cl)ccc1[N+](=O)[O-],0
CCC(C)(CCCC(C)C)OC(C)=O,0
CC(=O)c1ccc2ccccc2c1,0
CCCCC(CC)COC(=O)CS,0
Cl[C@H]1[C@H](Cl)[C@@H](Cl)[C@@H](Cl)[C@H](Cl)[C@H]1Cl,0
O=C(c1ccc2c(c1)C(=O)OC2=O)c1ccc2c(c1)C(=O)OC2=O,0
Cc1ncc(CO)c(C=O)c1O,0
CCOP(=S)(OCC)Oc1nc(Cl)c(Cl)cc1Cl,0
Nc1cccc2c(O)nnc(O)c12,0
CCC(=O)O[C@]1(C(=O)SCF)[C@H](C)C[C@H]2C3C[C@H](F)C4=CC(=O)C=C[C@]4(C)[C@@]3(F)[C@@H](O)C[C@@]21C,0
C[NH+]1CCN(c2cc3c(cc2F)c(=O)c(C(=O)[O-])cn3-c2ccc(F)cc2)CC1,0
CN(C)c1ccc(C(=N)c2ccc(N(C)C)cc2)cc1,1
CC(=O)Nc1ccc(OCC(O)C[NH2+]C(C)C)cc1,0
NS(=O)(=O)c1cc2c(cc1Cl)NC(CC1CCCC1)NS2(=O)=O,0
O=C([O-])COc1ccccc1/C=N/NC(=O)c1ccncc1,0
C[S+](C)CCC([NH3+])C(=O)[O-],0
CCCN(CCC)C(=O)C(CCC(=O)[O-])NC(=O)c1ccccc1,0
COC(=O)[C@H](c1ccccc1Cl)[NH+]1CCc2sccc2C1,0
CC(C)c1ccc(S(=O)(=O)[O-])cc1,0
C[NH+](C)[C@@H]1C([O-])=C(C(N)=O)C(=O)[C@@]2(O)C([O-])=C3C(=O)c4c([O-])ccc(Cl)c4[C@@H](O)[C@H]3C[C@@H]12,0
O=[N+]([O-])c1ccc(Oc2ccc(Cl)cc2Cl)cc1,0
CC(C)(C)C(=O)OCOC(=O)[C@@H]1N2C(=O)[C@@H]([NH+]=CN3CCCCCC3)[C@H]2SC1(C)C,0
O=C1CC[C@@H](C(=O)N2CSC[C@H]2C(=O)[O-])N1,0
C=C(C)C(=O)OCCOc1ccccc1,0
CCC1(c2ccccc2)CCC(=O)NC1=O,0
Nc1c(NC/C=C\COc2cc(C[NH+]3CCCCC3)ccn2)c(=O)c1=O,0
Cc1cc(C)cc([N+](=O)[O-])c1,0
CN/C(=N\[N+](=O)[O-])NCc1cnc(Cl)s1,0
O=C([O-])CNC(=O)CNC(=O)CNC(=O)CSC(=O)c1ccccc1,0
CCOC(=O)CP(=O)(OCC)OCC,0
CC(=O)NC(Cc1ccccc1)C(=O)[O-],0
CC(C)CC(C)(O)C#CC(C)(O)CC(C)C,0
C[N+]1(CCF)[C@@H]2CC[C@H]1C[C@@H](OC(=O)C(O)(c1ccccc1)c1ccccc1)C2,0
CC[NH+]1CCCC1CNC(=O)c1cc(S(=O)(=O)CC)c(N)cc1OC,0
CN1C(=O)CC(=O)N(c2ccccc2)c2cc(Cl)ccc21,0
CC(=O)N[C@@H](Cc1ccc(O)cc1)C(=O)[O-],0
Nc1ncnc(Nc2ccc(Cl)cc2)n1,0
Cc1ccc(=O)n(-c2ccccc2)c1,0
CCCC1CCOC(C)S1,0
CC(C)(C)C(=O)Oc1ccc(S(=O)(=O)Nc2ccccc2C(=O)NCC(=O)[O-])cc1,0
Cc1cccc(Nc2cc(Cl)nc(SCC(=O)[O-])n2)c1C,0
CCC1(CC)C(=O)NC(=O)N(C)C1=O,0
COc1ccc(/C=C/C(=O)[O-])cc1,0
CCOP(=S)(OCC)Oc1ccc([N+](=O)[O-])cc1,0
CC(C)(CO)COC(=O)C(C)(C)CO,0
Cc1cc(O)c(C(C)C)cc1Cl,0
CC(C)=CCC/C(C)=C/C=N/O,0
CC(=O)NC[C@H]1CN(c2ccc(N3CCOCC3)c(F)c2)C(=O)O1,0
CCCCNS(=O)(=O)c1ccccc1,0
CCC[N+](CCC)(CCC)CCC,0
c1ccc2c(c1)Sc1ccccc1N2C[C@@H]1C[NH+]2CCC1CC2,0
COC(=O)C1=C(C#N)NC(C)=C(C(=O)OC(C)C)C1c1cccc([N+](=O)[O-])c1,0
C=CCn1c(=O)n([C@@H]2O[C@H](CO)[C@@H](O)[C@H]2O)c2nc(N)[nH]c(=O)c21,0
CCN(CC)C(=O)C(C)Oc1cccc2ccccc12,0
CCCCCCCCCC(=O)NO,0
NS(=O)(=O)c1cc(Cl)c(Cl)c(S(N)(=O)=O)c1,0
Nc1ccc(S(=O)(=O)Nc2ccccn2)cc1,0
CCOc1ccc2nc(N)sc2c1,0
C[NH2+]CC(O)c1ccc(O)cc1,0
c1ccc(C[NH2+]Cc2ccccc2)cc1,0
Fc1ccccc1[C@@H](F)CO[C@H]1CC[C@H](Nc2[nH]cnc3nncc2-3)CC1,0
CCCCCC1CCCC(=O)O1,0
NC(=O)N[C@@H](CCC(=O)[O-])C(=O)[O-],0
COc1ccc(S(=O)(=O)N2c3ccc(Cl)cc3[C@@](O)(c3ccccc3Cl)[C@H]2C(=O)N2CCC[C@@H]2C(N)=O)cc1OC,0
O=C(c1ccc(Cl)cc1)c1ccc(Cl)cc1,0
COc1cccc(OC)c1C(=O)[O-],0
O=C1Nc2ccccc2C1(c1ccc(O)cc1)c1ccc(O)cc1,1
COc1ccc(Nc2ccccc2)c(C)c1,0
OCC1(CO)COC(C(Cl)(Cl)Cl)OC1,0
O=C1C[C@@H]2OCC=C3C[NH+]4CC[C@]56c7ccccc7N1[C@H]5[C@H]2[C@H]3C[C@H]46,0
C1CN(SSN2CCOCC2)CCO1,0
Cc1nc(N(C)C)nc(OC(=O)N(C)C)c1C,0
CC(=O)OCC1=C(C(=O)[O-])N2C(=O)[C@@H](NC(=O)Cc3cccs3)[C@H]2SC1,0
CC(=O)O[C@H]1C[C@@]2(C)[C@@H](C[C@@H](O)[C@H]3[C@@]4(C)CC[C@@H](O)[C@@H](C)[C@@H]4CC[C@@]32C)/C1=C(\CCC=C(C)C)C(=O)[O-],0
OCCSCSCCO,0
c1ccc(Sc2ccccc2)cc1,0
CCC(Cc1ccccc1)(C(=O)c1ccc(N2CCOCC2)cc1)[NH+](C)C,0
Fc1ccc(C2(Cn3cncn3)OC2c2ccccc2Cl)cc1,0
O=C(Cc1ccccc1)OCCc1ccccc1,0
CC(C(=O)[O-])c1ccc(CC2CCCC2=O)cc1,0
C=CC(=O)OCCCCCC(C)C,0
COc1ccc(OC)c(OC)c1,0
O=C(CC(C(=O)OC1CCCCC1)S(=O)(=O)[O-])OC1CCCCC1,0
C(=C/C=N/c1ccccc1)\C=C\Nc1ccccc1,0
COc1cccc([C@@]2(O)CCCC[C@@H]2C[NH+](C)C)c1,0
Cc1ccc(C(C)(C)O)cc1,0
CCN(CC[NH3+])c1cccc(C)c1,0
[NH3+][C@@H](Cc1cc(I)c(Oc2cc(I)c([O-])c(I)c2)c(I)c1)C(=O)[O-],0
Cc1cccc(C)c1[N+](=O)[O-],0
CC(=O)[C@@]1(O)CC[C@H]2[C@@H]3C[C@H](C)C4=CC(=O)CC[C@]4(C)[C@H]3CC[C@@]21C,0
C=CC[N+]1([C@H]2C[C@H]3[C@@H]4CC[C@H]5C[C@H](O)[C@@H]([NH+]6CCOCC6)C[C@]5(C)[C@H]4CC[C@]3(C)[C@H]2OC(C)=O)CCCC1,0
COC(=O)c1c(Cl)c(Cl)c(C(=O)OC)c(Cl)c1Cl,0
CC(S)C(=O)NCC(=O)[O-],0
CC(C)[NH+](CCCl)C(C)C,0
CC(=O)OC(C)(C)Cc1ccccc1,0
CCCCc1c(C)nc(NCC)nc1O,0
CC(=O)OC(C)OC(=O)C(C)c1ccc(-c2ccccc2)c(F)c1,0
CCN(CC)C(=O)/C(Cl)=C(\C)OP(=O)(OC)OC,0
CC(=O)Nc1ccc(CC(=O)[O-])cc1,0
O=P([O-])([O-])CP(=O)([O-])[O-],0
COC(=O)CCCCC(=O)[O-],0
O=c1[nH]c(=O)n([C@H]2C[C@H](O)[C@@H](CO)O2)cc1F,1
NC(=O)NC(=O)Cc1ccccc1,0
CCCN(CCC)c1c([N+](=O)[O-])cc(C(F)(F)F)cc1[N+](=O)[O-],0
O=[N+]([O-])c1ccc([O-])c([N+](=O)[O-])c1,0
C[C@H]1COc2c(C3([NH3+])CC3)c(F)cc3c(=O)c(C(=O)[O-])cn1c23,0
CCCC[NH2+]C1CC(C)(C)[NH2+]C(C)(C)C1,0
Cn1cc(C2=C(c3cn(C4CC[NH+](Cc5ccccn5)CC4)c4ccccc34)C(=O)NC2=O)c2ccccc21,1
CC(=O)N(CC(C)C(=O)[O-])c1c(I)cc(I)c(N)c1I,0
CCN(CC)C(=O)N(CC)CC,0
NS(=O)(=O)c1cc2c(cc1Cl)NCNS2(=O)=O,0
COC(=O)C1CC(=O)C(C(=O)OC)CC1=O,0
Clc1nnc(Cl)c2ccccc12,0
COc1nccnc1NS(=O)(=O)c1ccc(N)cc1,0
c1ccc(SCCSc2ccccc2)cc1,0
CCOC(=O)COc1ccc2c(C)c(CC[NH+](CC)CC)c(=O)oc2c1,0
Nc1nc(=O)n([C@@H]2CS[C@H](CO)O2)cc1F,0
OCC(CBr)(CBr)CBr,0
Nc1ccc(-c2ccc(F)cc2)cc1,0
CCNc1nc(NC(C)CC)nc(OC)n1,0
Nc1ccc([N+](=O)[O-])c(N)c1,0
O=P(Oc1ccccc1)(Oc1ccccc1)Oc1ccccc1,0
NC(=S)Nc1ccccc1,0
CC(=O)NNc1ccccc1,0
OC(c1ccc(F)cc1)(c1cncnc1)c1ccccc1Cl,0
CCCC(=O)OC(=O)CCC,0
C=CCCCCCCCCC(=O)OC,0
CNC(=O)Oc1ccccc1C(C)C,0
CC(=O)Nc1ccccc1O,0
CCn1cc(C(=O)[O-])c(=O)c2ccc(C)nc21,0
NS(=O)(=O)c1ccc(NC(=O)CCC(=O)[O-])cc1,0
CC(C)(CCl)C(=O)Cl,0
CC(=O)[C@H]1CC[C@H]2[C@@H]3CC[C@H]4C[C@H](O)CC[C@]4(C)[C@H]3C(=O)C[C@]12C,0
CC(=O)c1ccc2c(c1)N(CCCN1CC[NH+](CCO)CC1)c1ccccc1S2,0
CN/C(=N/[N+](=O)[O-])NCC1CCOC1,0
CCC(C)n1c(=O)[nH]c(C)c(Br)c1=O,0
O=C([O-])C1CCC(C(=O)[O-])CC1,0
C[C@]12CCC(=O)C=C1CC[C@@H]1[C@@H]2CC[C@@]2(C)[C@H]1CC[C@]2(O)C(=O)CO,0
Clc1ccc(Nc2nnc(Cc3ccncc3)c3ccccc23)cc1,0
CC(C)(C)C(O)(CCc1ccc(Cl)cc1)Cn1cncn1,0
CCC(=O)NCCC1CCc2ccc3c(c21)CCO3,0
COC(=O)c1cccc(C(=O)OC)c1,0
O=[N+]([O-])c1nccn1CO[C@@H](CO)[C@H](O)CO,0
CCOC(=O)c1ccc(OC(=O)CCCCCNC(N)=[NH2+])cc1,0
CCCCCCCCCC(=O)N(C)C,0
CC1CCC(C(C)C)C(OC(=O)c2ccccc2O)C1,0
CCC(=O)OC(OP(=O)(CCCCc1ccccc1)CC(=O)N1C[C@H](C2CCCCC2)C[C@H]1C(=O)[O-])C(C)C,0
Brc1ccc(Oc2ccc(Br)cc2)cc1,0
CC(C)Nc1nc(N)nc(Cl)n1,0
CC(=O)[C@H]1CC[C@H]2[C@@H]3CC[C@H]4C[C@H](O)CC[C@]4(C)[C@H]3CC[C@]12C,0
O=C([O-])[C@@H](O)[C@H](O)[C@H](O)[C@@H](O)C(=O)[O-],0
CCCOC(=O)c1ccccc1,0
CCCCCOc1ccc(C2SC(=O)[N-]C2=O)cc1OCC,0
COc1ccccc1Oc1c(NS(=O)(=O)c2ccc(C(C)(C)C)cc2)nc(-c2ncccn2)nc1OCCO,0
CC(=O)OCc1ccccc1,0
CC(C)(C)C(=O)NCCCC(=O)[O-],0
CCCCCCCC(=O)OCC(O)CO,0
Cc1cnc(C(=O)[O-])c[n+]1[O-],0
COc1c(Cl)ccc(Cl)c1C(=O)[O-],0
Cc1cc2cc3c(C)cc(=O)oc3c(C)c2o1,0
Cc1cccc(C(=O)[O-])c1O,0
C[NH2+][C@@H]1[C@H](O)[C@H]([NH2+]C)[C@H]2O[C@@]3(O)C(=O)C[C@@H](C)O[C@H]3O[C@@H]2[C@H]1O,0
CC(=O)CCCCn1c(=O)c2c(ncn2C)n(C)c1=O,0
C[NH2+]C(C)Cc1ccccc1OC,0
BrC(Br)C(Br)Br,0
Cc1cn([C@H]2C[C@H](N=[N+]=[N-])[C@@H](CO)O2)c(=O)[nH]c1=O,0
OCCOCCN1CC[NH+](C(c2ccccc2)c2ccc(Cl)cc2)CC1,0
O=C1CN=C(c2ccccc2)c2cc([N+](=O)[O-])ccc2N1,0
NC(=O)N1c2ccccc2CC(=O)c2ccccc21,0
CCCCCCCC1CCC(=O)O1,0
NS(=O)(=O)c1cc2c(cc1Cl)N=C(CSCc1ccccc1)NS2(=O)=O,0
c1ccc(CSCc2ccccc2)cc1,0
Cc1c(-c2ccccc2)oc2c(C(=O)OCC[NH+]3CCCCC3)cccc2c1=O,0
CCOc1ccc(N)c([N+](=O)[O-])c1,0
CCC(C)(CCC(C)C)C(=O)[O-],0
COc1ccccc1N1CC[NH+](CCCNc2cc(=O)n(C)c(=O)n2C)CC1,0
CC(O)C[NH+](CCC[NH+](C)C)CCC[NH+](C)C,0
C#C[C@]1(O)CC[C@H]2[C@@H]3CCC4=CC(=O)CC[C@@H]4[C@H]3CC[C@@]21C,0
Cc1ccc(C)c(OCCCC(C)(C)C(=O)[O-])c1,0
C[NH2+]CCCN1c2ccccc2CCc2ccccc21,0
CC(=O)c1ccc2c(c1)CCCC2,0
CN1C(=O)C(C)(C2=CCCCC2)C(=O)[NH+]=C1[O-],0
CC(C)=CCC1=C([O-])C(=O)c2ccccc2C1=O,1
O=C1c2ccccc2C(=O)N1CCl,0
CCCCCCC1CCCC(=O)O1,0
CNC(=O)Oc1cccc2c1OC(C)(C)C2,0
C[C@]12CC[C@H]3[C@@H](CCC4=CC(=O)CC[C@@]43C)[C@@H]1CC[C@H]2O,0
CC(=O)[C@@]1(O)CC[C@H]2[C@@H]3C=C(Cl)C4=CC(=O)[C@@H]5C[C@@H]5[C@]4(C)[C@H]3CC[C@@]21C,0
CC(C)[N+](C)(C)CC(O)COc1cccc2ccccc12,0
Cc1ccccc1OCC(=O)[O-],0
CCC(C)C1CCCCC1=O,0
Cc1ccccc1CO[C@H]1C[C@]2(C(C)C)CC[C@@]1(C)O2,0
C/C=C/C(=O)N(CC)c1ccccc1C,0
O=c1[nH]c2ccccc2c(=O)o1,0
Cc1cccc(Nc2ncccc2C(=O)[O-])c1C,0
O=C1C2CC=CCC2C(=O)N1SC(Cl)(Cl)Cl,1
C=C(C)C(=O)OCCOC(=O)C(=C)C,0
C[C@@H](O)[C@H]1C(=O)N2C(C(=O)[O-])=C(SCCNC=[NH2+])C[C@H]12,0
CC(=O)c1ccccc1[N+](=O)[O-],0
c1ccc(Oc2ccccc2)cc1,0
Cc1cc(Cl)ccc1OCCCC(=O)[O-],0
COCC(=O)N(c1c(C)cccc1C)N1CCOC1=O,0
CN(C)c1nc(N(C)C)nc(N(C)C)n1,0
OC[C@@H](O)[C@H](O)[C@@H](O)[C@@H](O)CO,0
O=C([O-])c1cc(O)c(O)c(O)c1,0
CCNc1nc(NCC)nc(SC)n1,0
O=C1O[C@H]([C@H](O)CO)C([O-])=C1O,0
C[NH+](C)CCN(Cc1cccs1)c1ccccn1,0
CNC(=O)Oc1cccc(C(C)C)c1,0
COC(=O)c1cccc(Cl)c1,0
CN1C(=O)CC(C)(c2ccccc2)C1=O,0
CC(C)(C#N)Nc1nc(Cl)nc(NC2CC2)n1,0
O=C(NC(O)C(Cl)(Cl)Cl)NC(O)C(Cl)(Cl)Cl,0
[NH3+]C(Cc1ccccc1)C(=O)[O-],0
COc1ccccc1[N+](=O)[O-],0
COC1=CC=C2[C@H]3Cc4ccc(OC)c5c4[C@@]2(CC[NH+]3C)[C@H]1O5,0
Clc1ccc2cc3ccccc3cc2c1,1
CC(CN1CC(=O)NC(=O)C1)[NH+]1CC(=O)NC(=O)C1,1
O=C([O-])c1ccccc1C(=O)Nc1ccc(S(=O)(=O)Nc2nccs2)cc1,0
C=CC(=O)OCC1CCCO1,0
NC(=O)[N-]S(=O)(=O)c1ccc(N)cc1,0
COC(=O)c1ccccc1C(=O)OC,0
COC(=O)[C@@H]1[C@H]2CC[C@@H](C[C@H]1OC(=O)c1ccccc1)[NH+]2C,0
COCCOC(=O)C1=C(C)NC(C)=C(C(=O)OC(C)C)C1c1cccc([N+](=O)[O-])c1,0
CCOC(=O)C(C)Oc1ccc(Oc2nc3ccc(Cl)cc3o2)cc1,0
CCC[NH+](CC)C(CC)C(=O)Nc1c(C)cccc1C,0
C/C=C1\[C@H]2C=C(C)C[C@]1([NH3+])c1ccc(=O)[nH]c1C2,0
Cc1onc(-c2ccccc2Cl)c1C(=O)N[C@@H]1C(=O)N2[C@@H]1SC(C)(C)[C@@H]2C(=O)[O-],0
S=C(S)N1CC[NH2+]CC1,0
OC[C@@H](O)[C@@H](O)[C@H](O)[C@H](O)CO,0
CC1(C)CCC(NC(=O)[C@@H]([NH3+])CCC(=O)[O-])CC1,0
C#CC[NH2+][C@@H]1CCc2ccccc21,0
CC[NH+](CC)Cc1nccn1-c1ccc([N+](=O)[O-])cc1C(=O)c1ccccc1Cl,0
Cc1cc(OC(=O)N(C)C)nn1C(=O)N(C)C,0
Cc1c(C(=O)NCCO)[n+]([O-])c2ccccc2[n+]1[O-],0
S=C(S)NCCNC(=S)S,0
CC(C)(Oc1ccc(C2CC2(Cl)Cl)cc1)C(=O)[O-],0
Cc1ccccc1CNc1ncnc2c1ncn2[C@@H]1O[C@H](CO)[C@@H](O)[C@H]1O,0
CCOc1nc(F)cc2nc(S(=O)(=O)Nc3c(Cl)cccc3Cl)nn12,0
CCCCCC(O)/C=C/C=O,0
C1CCC([NH2+]C2CCCCC2)CC1,0
FC(F)(Cl)C(F)(Cl)Cl,0
OCc1ccc(Cl)cc1Cl,0
CCCOC(=O)c1ccccc1C(=O)OCCC,0
c1ccc([C@H]2CN3CCSC3=[NH+]2)cc1,0
C[C@@H]1CC[C@@]2(OC1)O[C@H]1C[C@H]3[C@@H]4CC[C@H]5C[C@@H](O)CC[C@]5(C)[C@H]4CC(=O)[C@]3(C)[C@H]1[C@@H]2C,0
OCCOCCOCCO,0
CC(C)COC(=O)c1ccc(N)cc1,0
CCCCCCCCC(=O)NCc1ccc(O)c(OC)c1,0
O=[N+]([O-])c1ccccc1-c1ccccc1,0
COc1cc(CNC(=O)CCCC/C=C/C(C)C)ccc1O,0
[NH3+][C@@H](Cc1c[nH]c2ccc(O)cc12)C(=O)[O-],0
O=C([O-])Cc1sc(-c2ccccc2)nc1-c1ccc(Cl)cc1,0
CCCC[NH+](CCO)CCO,0
C[NH2+][C@@]1(c2ccccc2Cl)CCCCC1=O,0
CCOC(=O)C=CC(=O)OCC,0
CC(=O)OCCC1CCCCC1,0
CCC(=O)N(c1ccccc1)C1CC[NH+](Cc2cccs2)CC1,0
CCOC(=O)c1ccc(N)cc1,0
CCOS(=O)(=O)OCC,0
CCCN(CC1CC1)c1c([N+](=O)[O-])cc(C(F)(F)F)cc1[N+](=O)[O-],0
NC(=O)NNc1ccccc1,0
Oc1ccc(CC[NH2+]CCCCCC[NH2+]CCc2ccccc2)cc1O,0
CCCCCNC(=[NH2+])N/N=C/c1c[nH]c2ccc(OC)cc12,0
COc1cc(/C=C/c2ccccc2)oc(=O)c1,0
CC1(C)CON(Cc2ccccc2Cl)C1=O,0
Cc1cnc(NC(=O)C2=C(O)c3ccccc3S(=O)(=O)N2C)s1,0
O=C(NCC[NH2+]CC(O)COc1ccc(O)cc1)N1CCOCC1,0
NC(=[NH2+])NC(=O)Cc1c(Cl)cccc1Cl,0
CCCC(=O)OC/C=C(\C)CCC=C(C)C,0
O=C([O-])c1nn(Cc2ccc(Cl)cc2Cl)c2ccccc12,0
C=CCOC(=O)COCCC(C)C,0
CC[N+](CC)(CC)CCOC(=O)C(C1CCCC1)C1CCCC1,0
Cc1cc(Cl)ccc1OCC(=O)[O-],0
CC(=O)OCC(=O)[C@@]12N=C(C)O[C@@H]1C[C@H]1[C@@H]3CCC4=CC(=O)C=C[C@]4(C)[C@H]3[C@@H](O)C[C@@]12C,0
O=[N+]([O-])c1cccc(S(=O)(=O)[O-])c1,0
C[C@]([NH3+])(Cc1ccc(O)c(O)c1)C(=O)[O-],0
CC(O)CCCCn1c(=O)c2c(ncn2C)n(C)c1=O,0
CCc1ccc(S(=O)(=O)[O-])cc1,0
CC1=C2C[C@H]3[C@@H](CC=C4C[C@@H](O)CC[C@@]43C)[C@@H]2CC[C@]12O[C@@H]1C[C@H](C)C[NH2+][C@H]1[C@H]2C,0
CCCCN(CCCC)C(=S)S,0
CCc1ccc(C(=O)C(C)C[NH+]2CCCCC2)cc1,0
CC(C)(N=C=O)c1cccc(C(C)(C)N=C=O)c1,0
OC[C@H]1O[C@@H](n2cnc3c(O)ncnc32)[C@H](O)[C@@H]1O,0
C[NH+]1CCN(C2=[NH+]c3ccccc3Sc3ccc(Cl)cc32)CC1,0
CCC(C)(C)C1CCCCC1OC(C)=O,0
C=COC(=O)C(C)(CC)CCC(C)C,0
CCCCc1cc2c(=O)c(C(=O)OC)c[nH]c2cc1OCc1ccccc1,0
CC(=O)O[C@]1(C(C)=O)CC[C@H]2[C@@H]3C=C(Cl)C4=CC(=O)[C@@H]5C[C@@H]5[C@]4(C)[C@H]3CC[C@@]21C,0
C=CCOCC(CC)(CO)COCC=C,0
CC(C)=CCC/C(C)=C\CO,0
O=C(Cl)c1cccc(C(=O)Cl)c1,0
Cc1c(Cn2ccnc2)c2ccccc2n1CCC(=O)[O-],0
O=C([O-])Cc1ccc(CCNS(=O)(=O)c2ccc(Cl)cc2)cc1,0
Cc1nc2ccccn2c(=O)c1CC[NH+]1CCC(C(=O)c2ccc(F)cc2)CC1,0
C/C(=N\Cc1ccccc1)c1ccccc1O,0
CCC1(CC)C(=O)C=CNC1=O,0
CC(=O)Oc1cccc2c1C(=O)c1c(OC(C)=O)cc(C(=O)[O-])cc1C2=O,0
Cc1ncc(CNC(=O)N(CCCl)N=O)c(N)n1,0
CCCN(CCC)S(=O)(=O)c1ccc(C(=O)[O-])cc1,0
Cc1c([N+](=O)[O-])cccc1[N+](=O)[O-],0
O=C(NCc1cccnc1)Nc1ccc([N+](=O)[O-])cc1,0
CNC(=O)OCC[N+](C)(C)C,0
CC(=O)OCC(CCn1cnc2cnc(N)nc21)COC(C)=O,0
CC[NH2+]C1(c2cccs2)CCCCC1=O,0
C=C1c2cccc([O-])c2C(=O)C2=C([O-])[C@]3(O)C(=O)C(C(N)=O)=C([O-])[C@@H]([NH+](C)C)[C@@H]3[C@@H](O)[C@H]12,0
O=C1Cc2cc(CC[NH+]3CCN(c4nsc5ccccc45)CC3)c(Cl)cc2N1,0
CC(C)C[C@H]1C(=O)N2CCC[C@H]2[C@]2(O)O[C@](NC(=O)[C@@H]3C[C@@H]4c5cccc6[nH]cc(c56)C[C@H]4[NH+](C)C3)(C(C)C)C(=O)N12,0
CCCCC(CC)COCC1CO1,0
CCOC(=O)C(SP(=S)(OC)OC)c1ccccc1,0
CC(=O)N[C@@H](CCC(=O)[O-])C(=O)[O-],0
S=C(NC1CCCCC1)NC1CCCCC1,0
CN1C(=O)C[C@@H](C(=O)N[C@@H](Cc2c[nH]cn2)C(=O)N2CCC[C@H]2C(N)=O)NC1=O,0
COc1ccc(CN2CC[NH2+]CC2)c(OC)c1OC,0
Cc1ccc(S(=O)(=O)NC(=O)N[C@@H](C)Cc2ccccc2)cc1,0
ClC(Br)Br,0
c1cc(-c2ccncc2)ccn1,0
BrC/C=C/CBr,0
COc1ccc(OC)c(NC(=O)CC(C)=O)c1,0
CCCCCCCCCCC=O,0
CC(C)[NH2+]CC(O)c1ccc(O)c(O)c1,0
O=C(Nc1ccc(O)cc1)c1ccccc1O,0
C=CCc1ccc(OC)c(OC)c1,0
CC(C)(C)C(=O)C(Oc1ccc(Cl)cc1)n1ccnc1,0
O=P([O-])([O-])C(O)(Cc1c[nH+]c2ccccn12)P(=O)([O-])[O-],0
CCOC(=O)CCCCCCCCC(=O)OCC,0
C[NH2+]C(C)Cc1ccc2c(c1)OCO2,0
CCOP(=O)(OCC)O/C(=C/Cl)c1ccc(Cl)cc1Cl,0
CN(N=O)C(=O)N[C@@H]1[C@@H](O)[C@H](O)[C@@H](CO)O[C@@H]1O,0
ClCCOCCOCCCl,0
O=C([O-])CCCCCCC(=O)[O-],0
c1cnc2cc3c(cc2n1)C1C[NH2+]CC3C1,0
O=C(CBr)c1ccccc1,0
C=CC(=O)OCC(CC)CCCC,0
Cc1ccc(O)c(C(=O)c2ccccc2)c1,0
CC(C)(C)c1ccc2c(S(=O)(=O)[O-])c(C(C)(C)C)ccc2c1,0
COC(=O)[C@@H]([NH3+])CCCN/C(N)=N/[N+](=O)[O-],0
COc1cc(C[C@@H](C)[NH3+])c(OC)cc1C,0
C[C@H]1C[C@@H]2[C@H]([C@@H](O)C[C@@]3(C)[C@H]2CC[C@]3(O)C(=O)CO)[C@@]2(C)C=CC(=O)C=C12,0
COP(=S)(OC)Oc1ccc([N+](=O)[O-])cc1Cl,0
BrCc1ccccc1,0
CC1=CC(=O)CC(C)(C)C1(O)/C=C/C(C)=C\C(=O)[O-],0
C=C(C)C(=O)OCCOP(=O)([O-])OCCOC(=O)C(=C)C,0
CC(C[NH2+]C1CCCCC1)OC(=O)c1ccccc1,0
O=C([O-])c1cn(C2CC2)c2cc(N3CC[NH2+]CC3)c(F)cc2c1=O,0
O=[N+]([O-])c1ccccc1Nc1ccccc1,0
C[N+]1(C)CCC(OC(=O)C(O)(c2ccccc2)C2CCCC2)C1,0
C[NH+](C)CC[C@@H](c1ccc(Cl)cc1)c1ccccn1,0
CCOC(=O)CC(=O)c1cc(F)c(Cl)nc1Cl,0
CC[N+](CC)(CCNC(=O)C(=O)NCC[N+](CC)(CC)Cc1ccccc1Cl)Cc1ccccc1Cl,0
Oc1ccc(Cc2ccc(O)cc2)cc1,0
CC/C=C\CC/C=C/C(OCC)OCC,0
CC=C(C)C(=O)OCCC(C)CCC=C(C)C,0
COc1cc(OC)cc(OC)c1,0
CC(=O)N[C@@H](CS)C(=O)[O-],0
O=C([O-])c1cc([O-])c2c(c1)C(=O)c1cccc([O-])c1C2=O,1
COC(=O)CCCCC(=O)OC,0
CCN(CC)C(=O)c1cccc(C)c1,0
CN(c1nccc(=O)[nH]1)C1CCN(c2nc3ccccc3n2Cc2ccc(F)cc2)CC1,0
C[C@@H](CSC(=O)c1ccccc1)C(=O)N1C[C@@H](Sc2ccccc2)C[C@H]1C(=O)[O-],0
COc1cc(C(=O)OC(COCCC(C)C)C[NH+]2CCOCC2)cc(OC)c1OC,0
CCCc1cc(=O)[nH]c(=S)[nH]1,0
CN(C)C=[NH+]c1c(I)cc(I)c(CCC(=O)[O-])c1I,0
CC(=O)O[C@H]1C[C@@H]2CC[C@@H]3[C@H](CC[C@@]4(C)[C@H]3C[C@H]([N+]3(C)CCCCC3)[C@@H]4OC(C)=O)[C@@]2(C)C[C@@H]1[NH+]1CCCCC1,0
O=C1CN=C(c2ccccc2)c2cc(Cl)ccc2N1,0
O=C([O-])C(F)(F)C(F)(F)C(F)(F)C(F)(F)C(F)(F)C(F)(F)F,0
O=P([O-])([O-])OC[C@H](O)CO,0
Cn1c(=O)c2c(ncn2C)n(C)c1=O,0
Cc1ccnc2c1NC(=O)c1cccnc1N2C1CC1,0
COc1ccc(N)c([N+](=O)[O-])c1,0
CCOC(=O)C1=C(COCC[NH3+])NC(C)=C(C(=O)OC)C1c1ccccc1Cl,1
CC(C)C(=O)OC/C=C/c1ccccc1,0
c1ccc2c(c1)OCC(C[NH+]1CCCCC1)O2,0
COC(OC)C(C)c1ccccc1,0
Cc1cccc(C(=O)[O-])c1[N+](=O)[O-],0
C[NH+](C)[C@@H]1C([O-])=C(C(N)=O)C(=O)[C@@]2(O)C([O-])=C3C(=O)c4c([O-])ccc(Cl)c4[C@@](C)(O)[C@H]3C[C@@H]12,0
O=C1C[N+]([O-])=C(c2ccccc2)c2cc(Cl)ccc2N1,0
CCCCCCCCBr,0
C=CCc1ccc(OC(=O)Cc2ccccc2)c(OC)c1,0
CC1(C)OC[C@@H](COC(=O)CCc2ccc(OC[C@@H](O)C[NH2+]CCNC(=O)N3CCOCC3)cc2)O1,0
CC(=O)OC(C)(C)C1CC=C(C)CC1,0
c1ccc(C2(c3ccccc3)CC2C2=[NH+]CCN2)cc1,0
COc1ccc2c(c1)c(CC(=O)OCC(=O)[O-])c(C)n2C(=O)c1ccc(Cl)cc1,0
CN/C(=C\[N+](=O)[O-])[NH2+]CCSCc1csc(C[NH+](C)C)n1,0
O=C1OC(=O)C2CCCCC12,0
CC[N+](CC)(CC)CCC(O)(c1ccccc1)C1CCCCC1,0
Cc1cccc(Oc2ccccc2)c1,0
NC(=O)Nc1nc2ccccc2[nH]1,0
C[NH+](CCCl)CCCl,1
COc1nc(C)nc(NC(=O)NS(=O)(=O)c2ccccc2Cl)n1,0
NNC(=O)OCc1ccccc1,0
CCOC(=O)[C@H](CCc1ccccc1)[NH2+][C@H]1CS[C@H](c2cccs2)CN(CC(=O)[O-])C1=O,0
CCNc1nc(NC(C)C)nc(SC)n1,0
CC(C)COC(=O)COc1ccc(Cl)cc1Cl,0
O=C([O-])c1c2ccccc2cc2ccccc12,0
Cc1cc(CC(=O)[O-])c(C)n1-c1ccc(Cl)cc1,0
CCc1nnc(NS(=O)(=O)c2ccc(N)cc2)s1,0
CCCOc1ccc(S(=O)(=O)N2CC[NH+](CC)CC2)cc1-c1nc2c(CC)n(Cc3ccccn3)nc2c(=O)[nH]1,0
C[C@]12C=CC(=O)C=C1CC[C@@H]1[C@@H]2CC[C@]2(C)OC(=O)CC[C@@H]12,0
Cc1ccc(C(N)=O)cc1N,0
ClCCCCBr,0
CC(C)NC(=O)N1CC(=O)N(c2cc(Cl)cc(Cl)c2)C1=O,0
COC1=CC(=O)O[C@@H](/C=C/c2ccccc2)C1,0
COCCCC/C(=N\OCC[NH3+])c1ccc(C(F)(F)F)cc1,0
COC(=O)Nc1nc2cc(S(=O)c3ccccc3)ccc2[nH]1,1
C=CC(=O)NC(C)(C)CC(C)=O,0
Nc1ccccc1C(=O)Oc1ccc2ccccc2c1,0
CNC(=O)OCc1cccc(COC(=O)NC)n1,0
CNNCc1ccc(C(=O)NC(C)C)cc1,0
C=COCCOCCOC=C,0
CC(C)COC(=O)c1ccccc1C(=O)OCC(C)C,0
COCCOC[C@H](CC1(C(=O)N[C@H]2CC[C@@H](C(=O)[O-])CC2)CCCC1)C(=O)Oc1ccc2c(c1)CCC2,0
Cn1ccc2cc3c(cc21)CCN3C(=O)Nc1cccnc1,0
C[C@]1(O)CC[C@H]2[C@@H]3CCC4=CC(=O)CC[C@]4(C)[C@@]3(F)[C@@H](O)C[C@@]21C,0
CC(C)C(O)(c1ccc(OC(F)(F)F)cc1)c1cncnc1,0
O=C=NCCCCCCN=C=O,0
OC12N=C(c3ccccc3)SC1Cc1cc(Cl)ccc12,0
CN(C(=O)c1c([O-])c2ccccc2n(C)c1=O)c1ccccc1,0
C#CCN1CC(=O)N(COC(=O)[C@@H]2[C@@H](C=C(C)C)C2(C)C)C1=O,0
CCC(O)OCC(C)OC(O)CC,0
C=CCn1c(=O)n(CC=C)c(=O)n(CC=C)c1=O,0
Oc1ccc2c3c1O[C@H]1[C@@H](O)C=C[C@H]4[C@@H](C2)[NH2+]CC[C@@]341,0
CCN(Cc1cccc(S(=O)(=O)[O-])c1)c1ccccc1,0
C[NH+](C)CCC[NH+](C)CCC[NH+](C)C,0
CC[NH+](CCO)CCCC(C)Nc1cc[nH+]c2cc(Cl)ccc12,0
Nc1c(Cl)c(Cl)[nH+]c(C(=O)[O-])c1Cl,0
Nc1ccc(/N=N/c2ccc(N)cc2)cc1,0
CC[NH+](CC)CCOC(=O)c1ccc(N)cc1,0
CC[NH+](CC)CCOC[C@H]1O[C@@H](O)[C@H](OCC[NH+](CC)CC)[C@@H](O)[C@@H]1O,0
CCCCc1nc2cccnc2n1Cc1ccc(-c2ccccc2-c2nnn[n-]2)cc1,0
OCC[NH2+]Cc1ccccc1,0
NC(N)=[NH+]c1nc(CSCC/C(N)=N\S(N)(=O)=O)cs1,0
CCc1cc(OC)c(C[C@H](C)[NH3+])cc1OC,0
O=Cc1ccc2c(c1)OCO2,0
O=C(CCC[NH+]1CCN2CCCC2C1)c1ccc(F)cc1,0
CNC1=[NH+]c2ccc(Cl)cc2C(c2ccccc2)=[N+]([O-])C1,0
CCCCOCCOC(=O)COc1ccc(Cl)cc1Cl,0
Oc1ccc(O)c2c(O)cccc12,0
NNC(=O)CCCCC(=O)NN,0
O=C(Cl)c1ccc([N+](=O)[O-])cc1,0
CCCCNC(=O)[N-]S(=O)(=O)c1ccc(N)cc1,0
CC(C)CCCC(C)CCO,0
Cc1cc(C2CC2)nc(Nc2ccccc2)n1,0
C[NH+]1CCOC(c2ccccc2)c2ccccc2C1,0
CC1CC(OC(=O)C(O)c2ccccc2)CC(C)(C)[NH+]1C,0
Cc1nc(-c2ccccn2)ncc1C(=O)Nn1cc(C)c2cc(F)ccc21,0
CCC(c1ccccc1)c1noc(CC[NH+](CC)CC)n1,0
CN(C(=O)[C-](Cl)Cl)c1ccc(OC(=O)c2ccco2)cc1,0
O=C1NC(=O)C(c2ccccc2)(c2ccccc2)N1,0
Cc1ccsc1/C=C/C1=[NH+]CCCN1C,0
[NH2+]=C(Nc1ccccc1)Nc1ccccc1,0
COc1cc(C(=S)N2CCOCC2)cc(OC)c1OC,0
CC[C@H](O)C(C[C@H](C)[NH+](C)C)(c1ccccc1)c1ccccc1,0
CCCCC(C#N)(Cn1cncn1)c1ccc(Cl)cc1,0
O=[N+]([O-])C1(Br)COCOC1,0
[O-]c1c(Cl)ccc(Cl)c1Cl,0
CC(C)(C)c1ccc(OC(=O)c2ccccc2O)cc1,0
O=C(CCC[NH+]1CCC(O)(c2ccc(Br)cc2)CC1)c1ccc(F)cc1,0
c1ccc(/N=N/c2ccccc2)cc1,0
NC(=O)c1cc([N+](=O)[O-])cc([N+](=O)[O-])c1,0
CCOCC(O)COc1ccc(NC(=O)CC[S+](C)C)cc1,0
OC[C@H]1O[C@H](O[C@]2(CCl)O[C@H](CCl)[C@@H](O)[C@@H]2O)[C@H](O)[C@@H](O)[C@H]1Cl,0
CC(C)(C)c1ccc([S-])cc1,0
Cc1[nH]c(=O)n(C(C)(C)C)c(=O)c1Cl,0
FC(F)(F)C(F)(F)C(F)(F)C(F)(F)CCI,0
OC(C[NH+]1CCCCC1)c1cc(-c2ccccc2)on1,0
[NH3+]CCNCC[NH2+]CCNCC[NH3+],0
O=C(c1ccc(O)cc1)c1ccc(O)c(O)c1O,0
CCCCC(=O)OCC(=O)[C@H]1[C@H](C)C[C@H]2[C@@H]3C[C@H](F)C4=CC(=O)C=C[C@]4(C)[C@@]3(F)[C@@H](O)C[C@@]21C,0
C[NH2+][C@@H]1CCc2[nH]c3ccc(C(N)=O)cc3c2C1,0
COP(=S)(OC)SCN1C(=O)c2ccccc2C1=O,0
O=S(=O)([O-])c1ccc2cc(O)ccc2c1,0
O=C([O-])c1cccc(C(=O)[O-])c1C(=O)[O-],0
CN1CC[NH+](CCC(=O)N2c3ccccc3Sc3ccc(C(F)(F)F)cc32)CC1,0
Cc1ccc([N+](=O)[O-])cc1[N+](=O)[O-],0
C[C@@H](CO)NC(=O)[C@@H]1C=C2c3cccc4[nH]cc(c34)C[C@H]2[NH+](C)C1,0
CCCC[n+]1ccccc1C,0
Cc1onc(-c2c(F)cccc2Cl)c1C(=O)N[C@@H]1C(=O)N2[C@@H]1SC(C)(C)[C@@H]2C(=O)[O-],0
CC(=O)Nc1ccc(C)cc1C,0
CC1OC1C1CCC2(C)OC2C1,0
C#CC(O)C(CC)CCCC,0
CC(=O)Nc1ccc(N)cc1,0
CC(C)[C@]12CC(=O)[C@H](C)[C@H]1C2,0
COCCOCCOCCO,0
CCc1cc(S(=O)(=O)[O-])c2cc(C(C)C)cccc1-2,0
C[NH+](C)CCC[C@@]1(c2ccc(F)cc2)OCc2cc(C#N)ccc21,0
O=C(NC(=O)c1c(F)cccc1F)Nc1ccc(Cl)cc1,0
O=C([O-])C(F)(F)C(F)(F)C(F)(F)C(F)(F)C(F)(F)C(F)(F)C(F)(F)F,0
CCCCOCCOCCOCCO,0
CC(C)(C#N)c1cc(Cn2cncn2)cc(C(C)(C)C#N)c1,0
CCC(=O)N(c1ccccc1)C1CC[NH+](CC(O)c2ccccc2)CC1,0
CC12CCC(C[N+](C)(CCC[N+](C)(C)C)C1)C2(C)C,0
Nc1ccc(S(=O)(=O)[O-])cc1,0
O=C([O-])c1ccc(C(=O)[O-])c(C(=O)[O-])c1,0
C[C@H](CCC(=O)[O-])[C@H]1CC[C@H]2[C@@H]3[C@H](O)C[C@@H]4C[C@H](O)CC[C@]4(C)[C@H]3CC[C@]12C,0
CCCC[N+]1(C)CCCCC1,0
CC(=O)CC(C)(C)C1CCCCC1,0
O=[N+]([O-])c1cccc2cccc([N+](=O)[O-])c12,0
CCC1C(C)=NN=C(c2ccc(OC)c(OC)c2)c2cc(OC)c(OC)cc21,0
O=C(Nc1ccc2c(c1)Cc1ccccc1-2)C(F)(F)F,0
COc1ccc(Cl)cc1C(=O)NCCc1ccc(S(=O)(=O)NC(=O)NC2CCCCC2)cc1,0
COc1ccc(C[C@@H](C)[NH2+]C[C@H](O)c2ccc(O)c(NC=O)c2)cc1,0
[NH3+][C@@H](Cc1cc(I)c(Oc2ccc(O)c(I)c2)c(I)c1)C(=O)[O-],0
C[NH+]1CCN(C(=O)C2CCCCC2)CC1,0
CC[NH+]1CCCC1CNC(=O)c1cc(S(N)(=O)=O)ccc1OC,0
Cc1onc(-c2ccccc2)c1C(=O)N[C@@H]1C(=O)N2[C@@H]1SC(C)(C)[C@@H]2C(=O)[O-],0
COc1ncc(F)c2nc(S(=O)(=O)Nc3c(F)cccc3F)nn12,0
C[NH+](C)CCC(c1ccc(Cl)cc1)c1ccccn1,0
CC(C)CN(C[C@@H](O)[C@H](Cc1ccccc1)NC(=O)O[C@H]1CO[C@H]2OCC[C@H]21)S(=O)(=O)c1ccc(N)cc1,0
CC(C)[NH+](CCC(C(N)=O)(c1ccccc1)c1ccccn1)C(C)C,0
CON(C)C(=O)Nc1ccc(Br)cc1,0
C[C@]12C=CC(=O)C=C1[C@@H](F)C[C@@H]1[C@@H]2[C@@H](O)C[C@@]2(C)[C@H]1CC[C@]2(O)C(=O)CO,0
O=C([O-])c1ccc(C(=O)[O-])cc1,0
C=C(C)C(=O)OCC(CC)CCCC,0
c1csc(C2([NH+]3CCCCC3)CCCCC2)c1,0
CCCC[NH2+]CC(O)c1ccc(O)cc1,0
CCCCCCCCCCC(=O)[O-],0
O=c1c([O-])c(-c2ccc(O)cc2O)oc2cc(O)cc([O-])c12,0
O=C(Cl)c1ccccc1F,0
CC(C)[C@H]1CC[C@H](C(=O)N[C@H](Cc2ccccc2)C(=O)[O-])CC1,0
CNC(=O)Oc1ccccc1OC(C)C,0
c1ccc(NNc2ccccc2)cc1,0
O=[N+]([O-])c1ccc2[nH]cnc2c1,0
CCCCCCCCCCCCOCCO,0
CCOC(=O)c1ccc(N(C)C)cc1,0
O=C1c2ccccc2C(=O)c2ccccc21,0
COc1cc(Cl)ccc1Cl,0
Clc1ccc(Cn2c(C[NH+]3CCCC3)nc3ccccc32)cc1,0
C[C@H]([NH3+])[C@H](O)c1cccc(O)c1,0
Cc1cccc(OCCOc2cccc(C)c2)c1,0
O=C([O-])C(=O)Nc1cccc(-c2nnn[n-]2)c1,0
COc1cc(-c2ccc(N=C=O)c(OC)c2)ccc1N=C=O,0
COC(=O)[C@@H]([NH3+])Cc1ccc(O)c(O)c1,0
O=S(=O)([O-])c1ccccc1,0
O=C([O-])c1nc(Cl)c(Cl)c(Cl)c1Cl,0
Clc1ccccc1-c1nc(-c2ccncc2)no1,0
OC[C@H]1O[C@@H](Oc2ccc(O)cc2)[C@H](O)[C@@H](O)[C@@H]1O,0
COC(=O)[C@H]1[C@H]2C[C@@H]3c4[nH]c5cc(OC)ccc5c4CC[NH+]3C[C@H]2C[C@@H](OC(=O)C=Cc2cc(OC)c(OC)c(OC)c2)[C@@H]1OC,0
C=COCC1CCC(COC=C)CC1,0
CCCCCCC(CO)CCCC,0
CCCCCCCCCCl,0
[NH3+]CC(O)c1cccc(O)c1,0
O=C([O-])/C=C/c1ccc(Cn2ccnc2)cc1,0
Brc1ccc(Oc2ccccc2)cc1,0
CC(C)(C)[NH2+]CC(O)COc1cccc2c1CCC(=O)N2,0
O=C(NS(=O)(=O)/C=C/c1cccs1)c1ccc(F)cc1Br,1
O=C1NC(=O)[C@H]2[C@@H]1[C@@H]1C=C[C@H]2C1,0
COc1ccc(-c2cc(C(F)F)nn2-c2ccc(S(N)(=O)=O)cc2)cc1F,0
COC(=O)c1ccccc1S(=O)(=O)NC(=O)Nc1nc(C)cc(C)n1,0
CCNS(=O)(=O)c1ccc(C)cc1,0
CN(C(=O)CO)c1c(I)c(C(=O)NCC(O)CO)c(I)c(C(=O)NCC(O)CO)c1I,0
O=C1OC(=O)c2cc([N+](=O)[O-])ccc21,0
CCCCCCCc1ccc(O)cc1,0
Clc1cccc(C(c2ccc3nc[nH]c3c2)n2ccnc2)c1,0
CCOC(=O)COc1ccc(C)cc1,0
CCOC(=O)CC(CC(=O)OCC)(OC(C)=O)C(=O)OCC,0
CC(C)OC(=O)Cc1ccccc1,0
CC(C)N(C(=O)SCC(Cl)=C(Cl)Cl)C(C)C,0
O=[N+]([O-])c1cccc(I)c1,0
CC(C)(C)c1ccc(O)cc1,0
C[C@]12C(=O)OC(=O)[C@H]1[C@H]1C=C[C@@H]2C1,0
C=C(C)C(=O)OCC[NH+](CC)CC,0
OCCN(CCO)c1cccc(Cl)c1,0
Cc1ccc(S(=O)(=O)NC(=O)NC2CCCCCCC2)cc1,0
NC(=O)CS(=O)C(c1ccccc1)c1ccccc1,0
CCCCCCCCCCCCOCCC[NH3+],0
CN1c2ccccc2Oc2nnc(N3CC[NH+](C)CC3)cc21,0
CN(C)C(=O)NC1(c2ccccc2)CC[NH+](CC[C@@]2(c3ccc(F)c(F)c3)CN(C(=O)c3ccccc3)CCO2)CC1,0
COCCCOc1ccnc(CS(=O)c2nc3ccccc3[nH]2)c1C,0
O=C([O-])C(O)C(O)C(=O)[O-],0
CCN(C(=O)c1cc(C)cc(OC[C@H](C)Nc2cc[nH+]cc2)c1)C(C)C,0
[NH3+]C(Cc1ccc(F)cc1)C(=O)[O-],0
Cc1ccc(-c2ncc(Cl)cc2-c2ccc(S(C)(=O)=O)cc2)cn1,0
OCC[NH+]1C[C@H](O)[C@@H](O)[C@H](O)[C@H]1CO,0
CCN(CCO)c1cccc(C)c1,0
ClCCCCCCCl,0
CCNc1nc(NC(C)(C)C)nc(SC)n1,0
C[C@H]([NH3+])C(=O)N[C@@H](C)P(=O)([O-])[O-],0
CCOC(=O)[C@@](C)([NH3+])Cc1ccc(O)c(O)c1,0
CC(=O)CC(=O)Nc1ccccc1,0
CCCCCCNC(=O)n1cc(F)c(=O)[nH]c1=O,1
CC(C)OC(=O)Nc1ccccc1,0
COc1cc(C)nc(-n2nc(C)cc2OC)n1,0
Nc1cc(Cl)ccc1Cl,0
Cc1c(N)cccc1[N+](=O)[O-],0
C[NH+]1[C@@H](CC(=O)c2ccccc2)CCC[C@H]1C[C@H](O)c1ccccc1,0
C=CCN(C1=[NH+]CCN1)c1c(Cl)cccc1Cl,0
C[C@@H](Oc1ccc(CNC(=O)c2cccnc2Oc2ccc3c(c2)OCO3)c(F)c1)C(=O)[O-],0
Cc1cccc(C)c1NC(=O)c1ccccc1C(=O)[O-],0
Cc1nnc(NS(=O)(=O)c2ccc(N)cc2)s1,0
C[N+]1([O-])[C@@H]2C[C@@H](OC(=O)[C@H](CO)c3ccccc3)C[C@H]1[C@@H]1O[C@@H]12,0
CCCCNC(=O)n1c(NC(=O)OC)nc2ccccc21,1
COC(=O)CC(C(C)=O)C(=O)OC,0
O=C(Cl)c1c(Cl)c(Cl)c(C(=O)Cl)c(Cl)c1Cl,0
CCC(=O)OCC(=O)[C@@]1(OC(=O)CC)[C@H](C)C[C@H]2[C@H]3[C@H]([C@@H](O)C[C@@]21C)[C@@]1(C)C=CC(=O)C=C1C[C@H]3Cl,0
COc1ccc(C)cc1[N+](=O)[O-],0
C=C(C)C(=O)OCC(CC)(COC(=O)C(=C)C)COC(=O)C(=C)C,0
CC(C)[NH2+]C[C@@H](O)COc1ccc(CC(N)=O)cc1,0
COc1ccc(/C=C/S(=O)(=O)NC(=O)c2ccc(C)cc2Cl)cc1,1
CCCc1ncc(C[n+]2ccccc2C)c(N)n1,0
O=C1CCC(N2C(=O)c3ccccc3C2=O)C(=O)N1,0
CC1CCC(NC(=O)N(CCCl)N=O)CC1,0
COc1ccc(-c2cc(=S)ss2)cc1,0
Cc1ccc(NC(=O)c2ccc(C[NH+]3CCN(C)CC3)cc2)cc1Nc1nccc(-c2cccnc2)n1,0
CC(C)OP(=O)(F)OC(C)C,0
CO/N=C1\CN(c2nc3c(cc2F)c(=O)c(C(=O)[O-])cn3C2CC2)CC1C[NH3+],0
COc1ccccc1OCC(O)CO,0
CC(=O)Nc1ccc(OC(C)=O)cc1,0
O=S(=O)(Oc1ccc(Cl)cc1)c1ccc(Cl)cc1,0
CC(C)C[C@H](C[NH3+])CC(=O)[O-],0
CCN(CC)C(=O)c1cccnc1,0
CC(C)(C)OC(=O)c1cccc(N)c1,0
CC([NH2+]C(C)(C)C)C(=O)c1cccc(Cl)c1,0
CCCCOC(=O)C(=O)Nc1cccc(-c2nnn[n-]2)c1,0
CNC(=O)Oc1cccc2ccccc12,0
Nc1cc([N+](=O)[O-])ccc1C(=O)[O-],0
CCCCCCCCCCCO,0
CCCCCCCCCCCCOCC1CO1,0
COc1cc(OC)c(C(=O)CCC[NH+]2CCCC2)c(OC)c1,0
C=CC(C)(CCC=C(C)C)OC(=O)c1ccccc1,0
CC(=O)[C@@]1(O)CC[C@H]2[C@@H]3C[C@H](C)C4=CC(=O)C=C[C@]4(C)[C@@]3(F)[C@@H](O)C[C@@]21C,0
C[C@H]1[NH+]=C(N)O[C@H]1c1ccccc1,0
C=C[C@@]1(C)CC(=O)[C@]2(O)[C@@]3(C)[C@@H](O)CCC(C)(C)[C@@H]3[C@H](O)[C@H](OC(C)=O)[C@@]2(C)O1,0
CC(C(=O)[O-])c1ccc2c(c1)CC(=O)c1ccccc1S2,0
CCCCCCCCOCCC[NH3+],0
CC1CC(OC(=O)C(O)c2ccccc2)CC(C)(C)C1,0
CCC([NH3+])Cc1c[nH]c2ccccc12,0
COc1cc2nc(N(C)CCCNC(=O)C3CCCO3)nc(N)c2cc1OC,0
CS(=O)(=O)c1ccc(Cl)cc1,0
Cc1ccn2nc(S(=O)(=O)Nc3c(F)cccc3F)nc2n1,0
Nc1ccc(S(=O)(=O)Nc2ccccc2)cc1,0
O=C([O-])[C@H](O)[C@@H](O)C(=O)[O-],0
CC(C)(C)C(O)C(Cc1ccc(Cl)cc1)n1cncn1,0
O=S(=O)(c1ccccc1)c1ccc(Cl)cc1,0
COc1cccc(C(=O)NN(C(=O)c2cc(C)cc(C)c2)C(C)(C)C)c1C,0
O=C1c2ccccc2C(=O)c2cc(S(=O)(=O)[O-])ccc21,0
COC(=O)CC(=O)C(C)(C)C,0
C[C@H]1[NH2+]Cc2cc(-c3ccc4c(=O)c(C(=O)[O-])cn(C5CC5)c4c3OC(F)F)ccc21,0
COc1ccccc1OC(=O)Oc1ccccc1OC,0
O=C(OCCO)c1ccccc1O,0
CCSC(=O)N(CC)CC,0
COc1cc(C)c(Cc2cnc(N)nc2N)cc1OC,0
[NH3+][C@H](Cc1c[nH]c2ccccc12)C(=O)[O-],0
Cc1cccc(C)c1NC(=O)C1CCCC[NH+]1C,0
COc1cccc(Br)c1,0
CCOC(=O)[C@H](CCc1ccccc1)[NH2+][C@@H](C)C(=O)N1[C@H](C(=O)[O-])C[C@@H]2CCC[C@@H]21,0
CCOc1cc(OCC)c(C(C)=O)cc1OCC,0
C[C@]12CCC(=O)C=C1CC[C@H]1[C@@H]3CC[C@](O)(C(=O)CO)[C@@]3(C)C[C@H](O)[C@@]12F,0
COc1ccc(C(=O)c2ccccc2)c(O)c1,0
ClC(Cl)C(Cl)(Cl)Cl,0
C[NH+](C)CCCOc1nn(Cc2ccccc2)c2ccccc12,0
COc1ccc(NC(C)=O)cc1,0
Cn1cnc2c1c(=O)[nH]c(=O)n2C,0
Nc1nc(-c2ccccc2)cs1,0
CCCCCCCCCCC1CO1,0
CC(C)(C)[NH2+]C[C@H](O)COc1nsnc1N1CCOCC1,0
CCCC(=O)OCCC(C)CCC=C(C)C,0
CCN(Cc1cccc(S(=O)(=O)[O-])c1)c1ccc(C(=C2C=CC(=[N+](CC)Cc3cccc(S(=O)(=O)[O-])c3)C=C2)c2ccccc2S(=O)(=O)[O-])cc1,0
O=S(=O)(Oc1ccc(Cl)cc1)c1ccccc1,0
C[NH+]1Cc2c(N)cccc2C(c2ccccc2)C1,0
CCC[NH+](CC)CC1COC2(CCC(C(C)(C)C)CC2)O1,0
C[C@H]([NH2+][C@H](CCc1ccccc1)C(=O)[O-])C(=O)N1CCC[C@H]1C(=O)[O-],0
CC(=O)Nc1ccc(O)cc1,0
Cc1ccccc1C(=O)Nc1cccc(OC(C)C)c1,0
O=C([O-])c1cc(Cl)cc([N+](=O)[O-])c1Cl,0
Nc1ncnc2c1ncn2CCOCP(=O)([O-])[O-],0
CCOc1ccc(NC(N)=O)cc1,0
CC(=O)Nc1ccc2c(c1)Cc1ccccc1-2,0
C[C@H](Cc1ccc(O)c(O)c1)[C@@H](C)Cc1ccc(O)c(O)c1,0
C[NH+]1CC(O)C2=C/C(=N/NC(N)=O)C(=O)C=C21,0
N#CC(Br)Br,0
C[NH+](C)CCc1c[nH]c2ccc(CS(=O)(=O)N3CCCC3)cc12,0
COc1ccccc1OCC1CNC(=O)O1,0
O=C1NC(=O)C2CC=CCC12,0
CCOP(=S)(S)OCC,0
OC(O)C(Cl)(Cl)Cl,0
CCCCC[C@H](O)/C=C/[C@@H]1[C@@H](C/C=C\CCCC(=O)[O-])[C@@H](O)C[C@H]1O,0
Nc1nc2cc(Cl)ccc2o1,0
CS(=O)(=O)Nc1cc2occ(NC=O)c(=O)c2cc1Oc1ccccc1,0
CCCC(=O)O[C@]1(C(=O)COC(=O)CC)CC[C@H]2[C@@H]3CCC4=CC(=O)CC[C@]4(C)[C@H]3[C@@H](O)C[C@@]21C,0
Clc1ccc([C@@H]2C[C@H]3CC[C@@H]2[NH2+]3)cn1,0
CCC(Cc1c(I)cc(I)c([O-])c1I)C(=O)[O-],0
c1ccc2sc(SN3CCOCC3)nc2c1,0
CC[NH+](CC)CCNC(=O)c1cc(Cl)c(N)cc1OC,0
CCCCN(CCCC)N=O,0
Cc1onc(-c2ccccc2)c1-c1ccc(S(N)(=O)=O)cc1,0
CC(CC=O)CCCC(C)(C)O,0
O=C1CCCCC1C[NH+]1CCCCC1,0
COc1cc(OC)nc(Sc2cccc(Cl)c2C(=O)[O-])n1,0
Cc1ccc(NC(=O)N(C)C)cc1NC(=O)N(C)C,0
CC(CCl)OC(C)CCl,0
CCOP(=S)(OCC)Oc1nc(Cl)n(C(C)C)n1,0
CC(C)C(=O)OCCc1ccccc1,0
CCC(=O)OC/C=C/c1ccccc1,0
NC(=O)N/N=C/c1ccc([N+](=O)[O-])o1,0
Nc1ccc2cc3ccccc3cc2c1,1
COC(=O)[C@H]1[C@H]2C[C@@H]3c4[nH]c5cc(OC)ccc5c4CC[NH+]3C[C@H]2C[C@H](OC)[C@@H]1OC,0
Nc1ccc(S(=O)(=O)c2ccc(N)cc2)cc1,0
O=S(=O)([O-])c1cc(S(=O)(=O)[O-])c2c(/N=N/c3ccccc3)c(O)ccc2c1,0
COc1cc([C@@H]2c3cc4c(cc3[C@H](O)[C@H]3COC(=O)[C@H]23)OCO4)cc(OC)c1OC,0
[O-][N+](=Nc1ccccc1)c1ccccc1,0
CCCCOC(=O)COc1ccc(Cl)cc1Cl,0
COC(=O)c1cc(C(=O)OC)cc(S(=O)(=O)[O-])c1,0
Cc1cn([C@H]2C[C@H](F)[C@@H](CO)O2)c(=O)[nH]c1=O,0
BrC(Br)Br,0
CNC(=O)O/N=C/C(C)(C)SC,0
CN1C(=S)CN=C(c2ccccc2)c2cc(Cl)ccc21,0
CCCCC(CC)COC(=O)Cl,0
CCOC(=O)c1ccc(OCC[NH+]2C[C@H](O)[C@@H](O)[C@H](O)[C@H]2CO)cc1,0
CCCC(=O)OCc1ccccc1,0
FCOC(C(F)(F)F)C(F)(F)F,0
COc1ccc(OC)c(C[C@H](C)[NH3+])c1,0
CC1=CC(=O)[C@H]2C[C@@H]1C2(C)C,0
O=[N+]([O-])c1ccc(Cl)cc1,0
O=C1c2ccccc2C(=O)c2c([O-])ccc([O-])c21,0
CC1(C)[C@@H]2CC[C@@]1(C)[C@H](OC(=O)CSC#N)C2,0
Cc1cccc(C)c1OCC(C)[NH3+],0
CC(C)=CCOC(=O)c1ccccc1,0
CCC(C)(C)C1CCC(O)CC1,0
Cc1cnc(C(=O)NCCc2ccc(S(=O)(=O)NC(=O)NC3CCCCC3)cc2)cn1,0
CC(COc1ccc(C(C)(C)C)cc1)OS(=O)OCCCl,0
Cc1c(I)c(=O)n(-c2ccccc2)n1C,0
Cc1cc(C)c(C(=O)[O-])c(C)c1,0
CC/C(=N\OC/C=C/Cl)C1=C([O-])CC(C2CCOCC2)CC1=O,0
O[C@@H]([C@H](O)[C@H](O)CBr)[C@H](O)CBr,0
CS(=O)(=O)c1cc(C(F)(F)F)ccc1C(=O)c1cnoc1C1CC1,0
OC(c1ccccc1)(c1ccccc1)C1CC[NH2+]CC1,0
CCCCCc1cccc(=O)o1,0
Brc1ccc(Br)cc1,0
Fc1c(F)c(F)c(Br)c(F)c1F,0
CC12CCC(C1)C(C)(C)C2=O,0
CCN(CC)c1nc(C)cc(OP(=S)(OC)OC)n1,0
O=C([O-])c1snc(Cl)c1Cl,0
Nc1ccc2ccccc2c1S(=O)(=O)[O-],0
Nc1ccc(S(=O)(=O)[N-]c2ncccn2)cc1,0
COc1cc(C(=O)NC2CCC[NH2+]C2)cc(OC)c1OC,0
CCCN(CCC)C(=O)SCC,0
CN1CC(=O)N2[C@H](c3ccc4c(c3)OCO4)c3[nH]c4ccccc4c3C[C@@H]2C1=O,0
O=C([O-])c1cc(Cl)ccc1Cl,0
Clc1cc(Cl)nc(Cl)n1,0
Brc1ccc(Br)c(Br)c1,0
C[NH+](C)CCc1c[nH]c2ccc(C[C@H]3COC(=O)N3)cc12,0
CCCCOC(=O)c1ccc(O)cc1,0
CCC(Cc1c(I)cc(I)c(N)c1I)C(=O)[O-],0
CCCC(=O)O[C@]1(C(=O)COC(=O)CC)[C@@H](C)C[C@H]2[C@@H]3CCC4=CC(=O)C=C[C@]4(C)[C@@]3(F)[C@@H](O)C[C@@]21C,0
C=C(C)C1CC=C(C)C(OC(C)=O)C1,0
O=S(=O)([O-])C(F)(F)C(F)(F)C(F)(F)C(F)(F)C(F)(F)C(F)(F)F,0
CCC(=O)c1ccc(O)cc1,0
CCC(=O)OCC(=O)[C@@]1(OC(=O)CC)[C@@H](C)C[C@H]2[C@@H]3CCC4=CC(=O)C=C[C@]4(C)[C@@]3(Cl)[C@@H](O)C[C@@]21C,0
COc1cc2[nH]c(=O)[nH]c(=O)c2cc1OC,0
CC(=O)OCCOCCOCCOC(C)=O,0
CC(C)NC(=[NH2+])NC(=[NH2+])Nc1ccc(Cl)cc1,0
CCOP(=O)(Cl)Cl,0
CCCc1c2oc(C(=O)[O-])cc(=O)c2cc2c(=O)cc(C(=O)[O-])n(CC)c12,0
O=C([O-])c1cc(C(=O)[O-])cc(S(=O)(=O)[O-])c1,0
CCOP(=S)(Oc1ccc([N+](=O)[O-])cc1)c1ccccc1,0
C[C@]([NH3+])(Cc1ccc(O)cc1)C(=O)[O-],0
CC(C)OC(=O)C(C(=O)OC(C)C)=C1SC=CS1,0
O=C([O-])Cc1ccc(OCC[NH2+]C[C@H](O)c2ccccc2)cc1,0
c1ccc(CNc2ncnc3c2ncn3C2CCCCO2)cc1,0
CCOC(=O)O[C@]1(C(=O)COC(=O)CC)CC[C@H]2[C@@H]3CCC4=CC(=O)C=C[C@]4(C)[C@H]3[C@@H](O)C[C@@]21C,0
CCCCN(CC)C(=O)SCCC,0
C=C(C)[C@@H]1CC=C(C)C(=O)C1,0
O=C(/C=C/c1cccc(F)c1)NC1CC1,0
C[C@@H]1[C@@H]2Cc3ccc(O)cc3[C@@]1(C)CC[NH+]2CC1CC1,0
CC(C)[NH2+]CC(O)COc1ccc(COCCOC(C)C)cc1,0
CCCCCCCCOS(=O)(=O)[O-],0
CC(C)CCCCCOC(=O)CCS,0
CCCCCCOCCOCCO,0
Nc1ncn([C@H]2C[C@H](O)[C@@H](CO)O2)c(=O)n1,1
C[C@@H]1CC2(OC3C[C@@]4(C)C5=CC[C@H]6C(C)(C)C(O[C@@H]7OC[C@@H](O)[C@H](O)[C@H]7O)CC[C@@]67C[C@@]57CC[C@]4(C)C31)OC(O)C1(C)OC21,0
Cc1cc2nc(N)sc2cc1C,0
CCCCOC(=O)C(C)CC,0
CC[C@@H]1C(=O)OC[C@@H]1Cc1cncn1C,0
CC1CC[NH+](CCCC(=O)c2ccc(F)cc2)CC1,0
Oc1ccccc1Cc1ccccc1O,0
NS(=O)(=O)c1cc2c(cc1C(F)(F)F)NC(Cc1ccccc1)NS2(=O)=O,0
CCn1nc(C(=O)[O-])c(=O)c2cc3c(cc21)OCO3,0
C#CC[NH+](C)Cc1ccccc1,0
CCOC(=N)CC(=O)OCC,0
C=C1c2c(Cl)ccc([O-])c2C(=O)C2=C([O-])[C@]3(O)C(=O)C(C(N)=O)=C([O-])[C@@H]([NH+](C)C)[C@@H]3[C@@H](O)[C@H]12,0
C[N+](C)(C)CCCCCC[N+](C)(C)C,0
COc1ccc(S(=O)(=O)N2C(=O)[C@@](c3ccccc3OC)([NH+]3C[C@H](O)C[C@H]3C(=O)N(C)C)c3cc(Cl)ccc32)c(OC)c1,0
BrCCCCCBr,0
COc1ccc(C(O)(c2cncnc2)C2CC2)cc1,0
CCCCCCCCCC[NH3+],0
Clc1ccc(Cl)c(Cl)c1,0
C1CCN(C[NH+]2CCCCC2)CC1,0
O=C(Cl)OCCOCCOC(=O)Cl,0
O=C(/C=C/c1ccccc1)OC/C=C/c1ccccc1,0
CC[NH2+]C(C)Cc1cccc(C(F)(F)F)c1,0
CC[NH+](CC)C(C)C(=O)c1ccccc1,0
CCC(C)CCCC(C)(C)O,0
O=C([O-])c1cccc(C(F)(F)F)c1,0
COc1c2ccoc2cc2oc(=O)ccc12,0
O=C([O-])Cc1ccc(Cl)cc1Cl,0
CCOP(=S)(OCC)SCSCC,0
CCn1cc(C(=O)[O-])c(=O)c2cc(F)c(N3CC[NH2+]CC3)nc21,0
c1ccc(COCc2ccccc2)cc1,0
OCCO[C@@H]1[C@@H](O)[C@H](O)[C@@H](CO)O[C@@H]1O,0
O=C([O-])C1=NN(c2ccc(S(=O)(=O)[O-])cc2)C(=O)C1,0
COC(=O)[C@@H]1CC2=CC(=O)CC[C@]2(C)[C@@]23O[C@@H]2C[C@@]2(C)[C@@H](CC[C@@]24CCC(=O)O4)[C@H]13,0
O=C([O-])CC(C(=O)[O-])S(=O)(=O)[O-],0
O=C(c1cc2ccccc2o1)N1CC[NH+](Cc2ccccc2)CC1,0
C=CCCCCCCCCC(=O)OCC,0
O=c1[nH]c(=O)n([C@H]2C[C@H](O)[C@@H](CO)O2)cc1I,0
CCCCOCCOCCOCCOCCO,0
O=C([O-])c1cc(C(=O)[O-])cc(C(=O)[O-])c1,0
CCCCOc1cc(C(=O)OCC[NH+](CC)CC)ccc1N,0
CNC(=O)Oc1ccc(N(C)C)c(C)c1,0
CC(=O)c1cccc([N+](=O)[O-])c1,0
Cc1ccc(OC(=O)c2ccccc2O)cc1,0
COC1=CC(=O)OC(CCc2ccccc2)C1,0
CC[NH+](CC)CCNC(=O)c1ccc(NS(C)(=O)=O)cc1,0
Cc1ccc(Nc2ccc([O-])c3c2C(=O)c2ccccc2C3=O)cc1,0
CC(C(=O)[O-])c1ccc(N2Cc3ccccc3C2=O)cc1,0
COCc1ccc(COC)cc1,0
CCOc1cc([N+](=O)[O-])c(OCC)cc1N1CCOCC1,0
CCN(CC)C(=O)N1CC[NH+](C)CC1,0
Nc1cc(C(=O)[O-])c(O)c(S(=O)(=O)[O-])c1,0
O=C([O-])c1cccc(Cl)n1,0
CC(C)=CCC[C@](C)(O)[C@@H]1CC=C(C)CC1,0
CCOC(=O)c1cnc2c(cnn2CC)c1NN=C(C)C,0
CCC(C)(S(=O)(=O)CC)S(=O)(=O)CC,0
CC(=O)CC(=O)OC(C)(C)C,0
CC(=O)Oc1cc(C(F)(F)F)ccc1C(=O)[O-],0
CO/N=C(\C(=O)N[C@@H]1C(=O)N2C(C(=O)[O-])=C(C[n+]3cccc4c3CCC4)CS[C@H]12)c1csc(N)n1,0
Cc1ncc([C@@H](CCCCCCc2ccc3c(n2)NCCC3)CC(=O)[O-])cn1,0
CC(C)OP(=O)(CP(=O)(OC(C)C)OC(C)C)OC(C)C,0
NC(=S)NNC(N)=S,0
COc1ccc(CCO)cc1,0
CC(C)[NH2+]CC(O)c1cc(O)cc(O)c1,0
Cc1ccc(C(=O)c2ccc(CC(=O)[O-])n2C)cc1,0
O=C([O-])c1cc(/N=N/c2ccc(O)c(C(=O)[O-])c2)ccc1O,0
CC(C)(COC(=O)c1ccccc1)COC(=O)c1ccccc1,0
O=c1oc2ccccc2c([O-])c1C1CCCc2ccccc21,0
C=CCN1C(=O)C(CC(C)C)NC1=S,0
O=C([O-])c1c(Cl)cccc1Cl,0
C[C@@](Cc1ccc(O)c(O)c1)(NN)C(=O)[O-],0
CC[NH+](CC)CCc1nc(-c2ccccc2)no1,0
CC(C)COC(=O)c1ccccc1O,0
C=C1[C@H](CO)[C@@H](O)C[C@@H]1n1cnc2c(=O)[nH]c(N)nc21,0
C=CCOc1cc(Cl)ccc1C(=O)NCC[NH+](CC)CC,0
CCC1(c2cccc(O)c2)CCCC[NH+](C)C1,0
Nc1ccc2c(c1)Cc1ccccc1-2,0
CCOc1ccc(C(=O)OCC[NH+](CC)CC)cc1,0
CC(NNC(=O)c1ccccc1)c1ccccc1,0
ClC(Cl)=C(Cl)Cl,0
CC(=O)Nc1ccc(OC(=O)c2ccccc2OC(C)=O)cc1,0
COc1ccc(C(C[NH+](C)C)C2(O)CCCCC2)cc1,0
CCCOc1cc(N)ccc1C(=O)OCC[NH+](CC)CC,0
CCOC(=O)C(Cl)C(C)=O,0
CC(=O)OC1CCC(C(C)(C)C)CC1,0
CC1(C)C2CCC3(C2)[C@H]1C(=O)CCC3(C)C,0
CCC(CC)C(C)CCOC(C)=O,0
CC1=NN(c2cccc(S(=O)(=O)[O-])c2)C(=O)C1,0
CC1CC(CC2CCC([NH3+])C(C)C2)CCC1[NH3+],0
C=CCc1cc(OC)c(O)c(C(=O)NCCO)c1,0
O=P(c1ccccc1)(c1ccccc1)c1ccccc1,0
Clc1ccc(C2(Cn3cncn3)CC(Br)CO2)c(Cl)c1,0
CCOP(=O)(N=C1SCCS1)OCC,0
C[N+]1(CC2COC(c3ccccc3)(C3CCCCC3)O2)CCCCC1,0
Oc1ccccc1-c1ccccc1,0
CCCCc1c(C)nc(NCC)nc1OS(=O)(=O)N(C)C,0
O=C(NCCO[N+](=O)[O-])c1cccnc1,0
CC1(C)CC(N=C=O)CC(C)(CN=C=O)C1,0
Cc1cccc(C)c1NC(=O)c1cc(S(N)(=O)=O)c(Cl)cc1[O-],0
CC1CCC(C(C)(C)S)C(=O)C1,0
Oc1ccc(Cl)cc1Cl,0
CC(C)(C)C1CCC(=O)CC1,0
CC(C)(C)[NH2+]C[C@H](O)c1ccc(O)cc1Cl,0
CCCCOc1ccc(CC(=O)NO)cc1,0
CCCCC(CC)COC(=O)c1ccccc1O,0
CC(C)NC(=O)c1ccccc1N,0
Cc1ccc([N+](=O)[O-])cc1Cl,0
CC[NH+](CC)CC1CCCCN1CC(=O)N1c2ccccc2C(=O)Nc2cccnc21,0
COC(=O)[C@H]1[C@@H](OC(=O)c2ccccc2)C[C@@H]2CC[C@H]1[NH+]2C,0
CCOCCOCCOCCO,0
COC(=O)[C@H]1[C@H]2C[C@H]3c4[nH]c5ccccc5c4CC[NH+]3C[C@H]2CC[C@@H]1O,0
CC(=O)N[C@@H](CC(C)C)C(=O)[O-],0
Cc1nnc2n1-c1sc(CCC(=O)N3CCOCC3)cc1C(c1ccccc1Cl)=NC2,0
O=C1[C@H]2CCCC[C@H]2C(=O)N1CCCC[NH+]1CCN(c2nsc3ccccc23)CC1,0
O=C([O-])COc1ccc2ccccc2c1,0
O=C([O-])COC(=O)Cc1ccccc1Nc1c(Cl)cccc1Cl,0
COc1c(N2C[C@@H]3CCC[NH2+][C@@H]3C2)c(F)cc2c(=O)c(C(=O)[O-])cn(C3CC3)c12,0
CCCC[P+](CC)(CCCC)CCCC,0
CC(C)(C)[NH2+]CC(O)c1ccccc1Cl,0
O=C([O-])c1cc(Oc2ccc(C(F)(F)F)cc2Cl)ccc1[N+](=O)[O-],0
O=C([O-])Cc1c[nH]c2ccccc12,0
C#C[C@]1(O)CC[C@H]2[C@@H]3CCC4=CC(=O)CC[C@@H]4[C@H]3CC[C@@]21CC,0
COC(=O)c1ccc(C(=O)OC)c(C(=O)OC)c1,0
Cc1ncc(CO)c(CO)c1O,0
CC1(C)S[C@@H]2[C@H](NC(=O)[C@@H](NC(=O)N3CCNC3=O)c3ccccc3)C(=O)N2[C@H]1C(=O)[O-],0
OC[P+](CO)(CO)CO,0
C=CC[NH+]1CC[C@]23c4c5ccc(O)c4O[C@H]2[C@@H](O)C=C[C@H]3[C@H]1C5,0
CC1=NN(c2ccccc2)C(=O)C1,0
O=C(C(=O)c1ccccc1)c1ccccc1,0
O=C1CCN(c2ccccc2)N1,0
CC[N+]1(CC)CCC(=C(c2ccccc2)c2ccccc2)C1C,0
C[C@@H](Cc1ccccc1)[NH+](C)C,0
C[NH+]1CCN(C2=[NH+]c3cc(Cl)ccc3Nc3ccccc32)CC1,0
c1ccc2c(CCC3CC[NH2+]CC3)c[nH]c2c1,0
CC1=C(C(=O)[O-])N2C(=O)[C@@H](NC(=O)[C@H]([NH3+])C3=CCC=CC3)[C@H]2SC1,0
C[NH+](C)CCOC(c1ccc(Cl)cc1)c1ccccn1,0
FC(F)(F)c1cccc(Cl)c1,0
Cn1nnnc1SCC1=C(C(=O)[O-])N2C(=O)[C@@H](NC(=O)[C@H](O)c3ccccc3)[C@H]2SC1,0
CC(=O)Nc1ccc(C(=O)CCl)cc1,0
O=P([O-])(Oc1ccccc1)Oc1ccccc1,0
COc1ccccc1NC(=O)CC(C)=O,0
CCOC(=O)[C@H](CCc1ccccc1)[NH2+][C@@H](C)C(=O)N1C(=O)N(C)C[C@H]1C(=O)[O-],0
CCCCCCOC(=O)C(C)CC,0
CC(C)Nc1cccnc1N1CCN(C(=O)c2cc3cc(NS(C)(=O)=O)ccc3[nH]2)CC1,0
Fc1ccccc1-c1ccccc1,0
CCCCCCCCCCCCOC(C)=O,0
CC1(C)[C@H]2CC[C@](C)(C2)[C@H]1O,0
Nc1ccccc1S(=O)(=O)[O-],0
O=C([O-])CCC(=O)c1ccc(-c2ccccc2)cc1,0
CCCCCOC(=O)CCC,0
Cn1cc(S(C)=O)c(=O)c2ccc(F)cc21,0
CC([NH3+])Cc1ccc2c(c1)OCO2,0
CCCCOCCOCCSC#N,0
O[C@H]1[C@H]2[C@H](O)CCC[NH+]2C[C@H]1O,0
COc1cc(CC(C)[NH3+])cc2c1OCO2,0
CC(C)C/C=C(/C=O)c1ccccc1,0
CC1=C2[C@H]3OC(=O)[C@@H](C)[C@@H]3CC[C@@]2(C)C=CC1=O,0
CC[NH+](CC)CCOc1ccccc1OC,0
COc1ccc2c3c1O[C@H]1[C@H](O)CC[C@H]4[C@@H](C2)[NH+](C)CC[C@@]341,0
CCNc1nc(Cl)nc(NC(C)C)n1,0
O=C(Nc1ccccc1)c1ccccc1I,0
COC(=O)c1c(C(F)F)nc(C(F)(F)F)c(C2=NCCS2)c1CC(C)C,0
C[NH+](C)CC/C=C1/c2ccccc2COc2ccc(CC(=O)[O-])cc21,0
CC(=O)OCC(=O)[C@@]1(O)CCC2C3CCC4=CC(=O)CC[C@]4(C)C3[C@@H](O)C[C@@]21C,0
CC[NH2+][C@H](C)Cc1cccc(C(F)(F)F)c1,0
Cc1[nH]cnc1C[C@H]1CCc2c(C)c3ccccc3n2C1=O,0
CCCCC1=[NH+]C2(CCCC2)C(=O)N1Cc1ccc(-c2ccccc2-c2nnn[n-]2)cc1,0
CCOc1ccccc1OCC[NH2+][C@H](C)Cc1ccc(OC)c(S(N)(=O)=O)c1,0
CC(C)[NH2+]CC(O)COc1ccc(CCOCC2CC2)cc1,0
O=[N+]([O-])c1cccc(S(=O)(=O)NCCNS(=O)(=O)c2cccc([N+](=O)[O-])c2)c1,0
O=C([O-])Cc1cn(-c2ccccc2)nc1-c1ccc(Cl)cc1,0
Cn1cc(-c2ccccc2)c(=O)c(-c2cccc(C(F)(F)F)c2)c1,0
O=P(OCCCl)(OCCCl)OCCCl,0
CC(C)(C)c1n[nH]c(=S)n(N)c1=O,0
CC(C)(C)OC(=O)c1ncn2c1[C@@H]1CCCN1C(=O)c1c(Br)cccc1-2,0
CC(C)(C)c1cc(O)ccc1O,0
C[NH+]1C(C)(C)CC(O)CC1(C)C,0
O=C([O-])CCCCCCCCC(=O)[O-],0
CC1(C)S[C@@H]2[C@H](NC(=O)[C@H]([NH3+])c3ccccc3)C(=O)N2[C@H]1C(=O)[O-],0
CC(C)(C(=O)c1cccnc1)c1cccnc1,0
CN(C)c1ccc(CCO)cc1,0
O=c1[nH]c2cc(Cl)ccc2o1,0
Nc1ccc(S(=O)(=O)[O-])c(N)c1,0
Cc1ccc(Cl)c(N)c1Cl,0
CCOP(=O)([O-])OCC,0
Cn1c([N+](=O)[O-])cnc1COC(N)=O,0
CCOC(=O)C1=NOC(c2ccccc2)(c2ccccc2)C1,0
OC1CCCCC1c1ccccc1,0
CCOP(=O)(OCC)SCCSCC,0
C[NH+](C)CCC(O)(c1ccccc1)c1ccccc1Cl,0
COc1ccc2c(c1OC)C(=O)O[C@@H]2[C@H]1c2cc3c(cc2CC[NH+]1C)OCO3,0
COc1ccc(N=[N+]([O-])c2ccc(OC)cc2)cc1,0
NC(=[NH2+])NC(=O)c1nc(Cl)c(N)nc1N,0
c1ccc(CNCC[NH2+]Cc2ccccc2)cc1,0
CC[NH+](CCO)CCn1c(Cc2ccccc2)nc2c1c(=O)n(C)c(=O)n2C,0
NC(=O)N1c2ccccc2C=Cc2ccccc21,0
O=C(CS(=O)Cc1ccco1)NC/C=C\COc1cc(C[NH+]2CCCCC2)ccn1,0
Nc1nc(N)nc(NC2CC2)n1,0
O=C([O-])c1ccccc1OP(=O)([O-])[O-],0
CN(C)c1ccc(C(=C2C=CC(=[N+](C)C)C=C2)c2c(O)c(S(=O)(=O)[O-])cc3cc(S(=O)(=O)[O-])ccc23)cc1,0
NS(=O)(=O)c1cc2c(cc1Cl)NC(C1CC3C=CC1C3)NS2(=O)=O,0
COC(=O)[C@H]1[C@H]2C[C@@H]3c4[nH]c5cc(OC)ccc5c4CC[NH+]3C[C@H]2C[C@@H](OC(=O)c2cc(OC)c(OC)c(OC)c2)[C@@H]1OC,0
O=[N+]([O-])c1cccc2c([N+](=O)[O-])cccc12,0
COC(=O)c1ccc2cc(C(=O)OC)ccc2c1,0
CCC(C)(C[NH+](C)C)OC(=O)c1ccccc1,0
Nc1cc(Cl)cc(C(=O)[O-])c1Cl,0
CC(C)c1ccc(CO)cc1,0
CCCSSCCC,0
Oc1ccc(Cc2ccccc2O)cc1,0
Cc1c(Nc2ncccc2C(=O)[O-])cccc1C(F)(F)F,0
C=C(C)C(=O)NCCC[N+](C)(C)C,0
COc1ccc(OC)c(Cl)c1,0
Oc1ccc(Cl)c(Cl)c1,0
CC(=O)OCC(COC(C)=O)OC(C)=O,0
CC(COCC(C)OC(=O)c1ccccc1)OC(=O)c1ccccc1,0
Cc1cc(-c2cc(C)c(N)c(C)c2)cc(C)c1N,0
CC(C)(C)C(=O)c1ccccc1,0
OCCC(F)(F)C(F)(F)C(F)(F)C(F)(F)C(F)(F)C(F)(F)F,0
CNC(=O)Oc1cccc2c1OC(C)(C)O2,0
c1ccc2[nH]c(-c3cscn3)nc2c1,0
COC(=O)C1=CCC[NH+](C)C1,0
CCOP(=O)(CC)OCC,0
OC(Cn1cncn1)(c1ccc(F)cc1)c1ccccc1F,0
C=CCOC(=O)CCC1CCCCC1,0
OCC(CO)(CBr)CBr,0
CC(C)CC(=O)C1C(=O)c2ccccc2C1=O,0
COCCOCCOCCOCCOC,0
Clc1ccc2nsnc2c1NC1=[NH+]CCN1,0
Nc1c(CC(=O)[O-])cccc1C(=O)c1ccc(Br)cc1,0
CC1(C)C(=O)N(Br)C(=O)N1Br,0
O=S(=O)(c1cccc2cnccc12)N1CCC[NH2+]CC1,0
CCNC(=O)C(C)OC(=O)Nc1ccccc1,0
CC1(C)S[C@@H]2[C@H](NC(=O)COc3ccccc3)C(=O)N2[C@H]1C(=O)[O-],0
CC12CCC(C(=O)C1=O)C2(C)C,0
Nc1c(Br)cc(Br)cc1C[NH2+][C@H]1CC[C@H](O)CC1,0
CN1CC[NH+](C(c2ccccc2)c2ccc(Cl)cc2)CC1,0
COCCc1ccc(OCC(O)C[NH2+]C(C)C)cc1,0
Oc1ccc(Cl)c2c1CCC2,0
C=C(C)C(=O)O[C@@H]1C[C@H]2CC[C@]1(C)C2(C)C,0
O=C(Nc1cccc(C2=[NH+]CCN2)c1)Nc1cccc(C2=[NH+]CCN2)c1,0
[NH3+]C[C@H](O)c1ccc(O)c(O)c1,0
Cc1cc(Cl)ccc1OC(C)C(=O)[O-],0
C[C@@H]([NH3+])[C@@H](O)c1ccccc1,0
ClCc1ccccc1Cl,0
OC[C@]1(O)OC[C@@H](O)[C@H](O)[C@@H]1O,0
CC(C)CCCCCOC(=O)CS,0
O=C1NS(=O)(=O)c2ccccc21,0
CCCC(=O)C(CC)Sc1ccoc1C,0
CC(=O)OC1C2(C)CCC(C2)C1(C)C,0
Nc1cnn(-c2ccccc2)c(=O)c1Cl,0
OC(CC[NH+]1CCCCC1)(c1ccccc1)c1ccccc1,0
Cc1ccc(N=C=O)cc1N=C=O,0
C[NH+](C)CCOC(C)(c1ccccc1)c1ccccn1,0
CCOC(=O)c1ccccc1O,0
Cc1cc(O)c2c(O)c3c(O)cccc3cc2c1,0
COC(=O)c1ccc(I)cc1S(=O)(=O)NC(=O)Nc1nc(C)nc(OC)n1,0
CNC(=O)C(c1ccccc1)c1ccccc1,0
O=C([O-])CC(C(=O)[O-])C(CC(=O)[O-])C(=O)[O-],0
O=C([O-])c1ccc(O)c(O)c1,0
CCOC(=O)CC(SP(=O)(OC)OC)C(=O)OCC,0
C=CC(C)(CCC=C(C)C)OC(=O)CC,0
CN(N=O)c1ccc([N+](=O)[O-])cc1,0
ClC(Cl)(Cl)c1ccccc1,0
C/C=C(\C)C(=O)OC/C=C(\C)CCC=C(C)C,0
COc1cc2nc(N3CCN(C(=O)C4COc5ccccc5O4)CC3)nc(N)c2cc1OC,0
O=C([O-])Cc1nn(Cc2ccc(Br)cc2F)c(=O)c2ccccc12,0
CC(C)(O)c1ccc(C(C)(C)O)cc1,0
O=[N+]([O-])c1cccc(CCl)c1,0
CN1C(C(=O)Nc2ccccn2)=C(O)c2ccccc2S1(=O)=O,0
CN(C)c1ccc(C(=O)c2ccc(N(C)C)cc2)cc1,1
O=C(Cc1cccs1)N[C@@H]1C(=O)N2C(C(=O)[O-])=C(C[n+]3ccccc3)CS[C@H]12,0
COc1ccc2c(c1OC)C[NH+]1CCc3cc4c(cc3C1C2)OCO4,0
CC(C)[NH2+]CC(O)COc1cccc2[nH]ccc12,0
Cc1nccn1CC1CCc2c(c3ccccc3n2C)C1=O,0
CCOC(=O)c1cccnc1,0
CCCCCOC(=O)CCCC,0
Cc1nc(-c2ccc(OCC(C)C)c(C#N)c2)sc1C(=O)[O-],0
CCOC(=O)Nc1ccc2c(c1)N(C(=O)CC[NH+]1CCOCC1)c1ccccc1S2,0
NS(=O)(=O)c1cc(C2(O)NC(=O)c3ccccc32)ccc1Cl,0
CC(C)c1nc(N(C)S(C)(=O)=O)nc(-c2ccc(F)cc2)c1/C=C/C(O)CC(O)CC(=O)[O-],0
CC(C)(C)NC(=O)[C@H]1CC[C@H]2[C@@H]3CC[C@H]4NC(=O)C=C[C@]4(C)[C@H]3CC[C@]12C,0
Cn1c(=O)c2[nH]cnc2n(C)c1=O,0
Cc1c(N(C)CS(=O)(=O)[O-])c(=O)n(-c2ccccc2)n1C,0
CC1(C)S[C@@H]2[C@H]([NH+]=CN3CCCCCC3)C(=O)N2[C@H]1C(=O)[O-],0
CC1(C)CC(=O)CC(C)(C)[NH2+]1,0
C=CC(C)(CCC=C(C)C)OC(C)=O,0
C=CCOC(=O)c1ccccc1C(=O)OCC=C,0
CCC(=O)N(c1ccccc1)[C@@H]1CC[NH+](CCc2ccccc2)C[C@@H]1C,0
Cc1ccc2c(c1)c1c3n2CC[NH2+]C3CCC1,0
C[NH+](C)CCOc1ccccc1Cc1ccccc1,0
O=C(NCC[NH+]1CCOCC1)c1ccc(Cl)cc1,0
CCN(C(=O)N(CC)c1ccccc1)c1ccccc1,0
CCC(=O)O[C@](Cc1ccccc1)(c1ccccc1)[C@H](C)C[NH+](C)C,0
C[NH+](CC(=O)N1CCOCC1)Cc1c(Cl)cccc1NC(=O)c1ccccc1,0
Cc1cc(NC(=O)C2=C(O)c3ccccc3S(=O)(=O)N2C)no1,0
Nc1c(CC(=O)[O-])cccc1C(=O)c1ccccc1,0
N#CCN(CC#N)CCN(CC#N)CC#N,0
C=CC(C)(O)CCC=C(C)C,0
O=C(OCc1ccccc1)c1ccccc1O,0
CC(Cl)COP(=O)(OCC(C)Cl)OCC(C)Cl,0
COc1cc(C[C@@H]2[NH2+]CCc3cc(O)c(O)cc32)cc(OC)c1OC,0
CC(C)(CO)[C@@H](O)C(=O)NCCCO,0
Cc1cc(=O)n(-c2ccccc2)n1C,0
CCOCCn1c(N2CCC[NH+](C)CC2)nc2ccccc21,0
C=CCCCCCCCCC(=O)[O-],0
C[C@H]1C[C@H]2[C@@H]3CCC4=CC(=O)C=C[C@]4(C)[C@@]3(F)[C@@H](O)C[C@]2(C)[C@@]1(O)C(=O)COP(=O)([O-])[O-],0
CC(=O)[C@@]1(O)CC[C@H]2[C@@H]3CCC4=CC(=O)CC[C@]4(C)C3(F)[C@@H](O)C[C@@]21C,0
C[NH+](C)CCOC(=O)C(c1ccccc1)C1(O)CCCC1,0
Nc1ccn([C@H]2CC[C@@H](CO)O2)c(=O)n1,0
C[NH2+]C(C)(C)Cc1ccccc1,0
O=C([O-])Cn1c(=O)n(Cc2ccc(Br)cc2F)c(=O)c2ccc(Cl)cc21,0
Nc1ccc(Cl)cc1[N+](=O)[O-],0
COCCOCCOCCOC,0
CC(=O)N1CCN(c2ccc(OC[C@H]3CO[C@](Cn4ccnc4)(c4ccc(Cl)cc4Cl)O3)cc2)CC1,0
Nc1ccc(S(=O)(=O)Nc2ccnn2-c2ccccc2)cc1,0
O=C([O-])Cn1c2ccccc2c(=O)c2ccccc21,1
CC1(C)S[C@@H]2[C@H](NC(=O)C(C(=O)[O-])c3ccccc3)C(=O)N2[C@H]1C(=O)[O-],0
CCCC(CC)CCCCCCC[NH3+],0
c1cncc([C@@H]2CCCC[NH2+]2)c1,0
C[C@@H]1C[C@H]2[C@@H]3C[C@H](F)C4=CC(=O)C(Cl)=C[C@]4(C)[C@@]3(F)[C@@H](O)C[C@]2(C)[C@@]1(O)C(=O)CO,0
Cc1cc(C)c(N)c(Cl)c1,0
CC(C)(CO)[C@@H](O)C(=O)NCCCC(=O)[O-],0
CC(COc1ccc(Oc2ccccc2)cc1)Oc1ccccn1,0
Nc1nc(=O)c2ncn(CCC(CO)CO)c2[nH]1,0
CC(=O)O[C@H]1CC[C@H]2[C@@H]3CCC4=CC(=O)CCC4=C3C=C[C@]12C,0
CC(C)[NH2+]CC(O)c1ccccc1Cl,0
O=C(OCCCCCCOC(=O)c1ccccc1)c1ccccc1,0
O=[N+]([O-])c1ccc(NCCO)c(OCCO)c1,0
Cc1scc2c1N(C(=O)C[NH+]1CCN(C)CC1)c1ccccc1NC2=O,0
CN1CCC[NH+]=C1COC(=O)C(O)(c1ccccc1)C1CCCCC1,0
C[NH+]1[C@@H]2C[C@@H](OC(=O)[C@H](CO)c3ccccc3)C[C@H]1[C@@H]1O[C@@H]12,0
Cc1nnc2n1-c1ccc(Cl)cc1C(c1ccccc1Cl)=NC2,0
O=P([O-])([O-])OC(Cn1cncn1)(Cn1cncn1)c1ccc(F)cc1F,0
CC(C)N1C(=O)c2ccccc2NS1(=O)=O,0
CCOC(=O)CC(=O)c1ccccc1,0
O=c1ccc2cc(O[C@@H]3O[C@H](CO)[C@@H](O)[C@H](O)[C@H]3O)c(O)cc2o1,1
O=C1c2ccccc2C(=O)c2c([O-])c(O)cc([O-])c21,0
COC(=O)[C@H](Cc1ccccc1)NC(=O)[C@@H]([NH3+])CC(=O)[O-],0
CC(C)OC(=O)c1ccccc1C(=O)OC(C)C,0
O=C([O-])c1ccccc1Nc1cc(Cl)ccc1C(=O)[O-],0
C=CC(=O)OCC[N+](C)(C)C,0
O=C(c1ccccc1)c1ccccc1O,0
CCCOC(=O)c1ccccc1O,0
COc1ccc(C[C@H](C)[NH2+]C[C@@H](O)c2ccc(O)c(NC=O)c2)cc1,0
C=CC1(C)OC(=O)N(c2cc(Cl)cc(Cl)c2)C1=O,0
CSc1ccc(C(=O)C(C)(C)[NH+]2CCOCC2)cc1,0
CCCCOC(=O)c1ccccc1,0
ClC(Cl)c1ccccc1,0
COP(=O)(NC(C)=O)SC,0
COS(=O)(=O)C(F)(F)F,0
O=C(CCC[NH+]1CCC(n2c(=O)[nH]c3ccccc32)CC1)c1ccc(F)cc1,0
CC(C)Nc1nc(Cl)nc(NC(C)C)n1,0
NC(=O)OCCCc1ccccc1,0
C=CC(=O)OCCCCCCCC(C)C,0
CC(C)CC(C)CC(O)CC(C)C,0
O=Cc1cccc(Br)c1,0
NC(=[NH2+])Nc1ccc(C(=O)Oc2ccc3cc(C(N)=[NH2+])ccc3c2)cc1,0
C=C(C)C(=O)NCCC[NH+](C)C,0
O=C([O-])C(Cl)(Cl)Cl,0
Nc1ccn([C@@H]2O[C@H](CO)[C@@H](O)[C@@H]2O)c(=O)n1,1
Cc1ccccc1-n1c(CF)nc2ccc(N)cc2c1=O,0
CC(C)(C)NC(=O)[C@@H]1CN(Cc2cccnc2)CC[NH+]1C[C@@H](O)C[C@@H](Cc1ccccc1)C(=O)N[C@H]1c2ccccc2C[C@H]1O,0
O=C(c1ccccc1)c1ccc(O)cc1O,0
Nc1ccc(S(=O)(=O)Nc2nccs2)cc1,0
CC1=Nc2ccccc2C1(C)C,0
CCCCN(CCCCO)N=O,0
C/C=C\c1ccc(OCC)c(O)c1,0
O=C([O-])CCCCCCCCCCCC(=O)[O-],0
O=[PH]1Oc2ccccc2-c2ccccc21,0
NS(=O)(=O)c1ccc(Cl)c(S(N)(=O)=O)c1,0
CCCCCCCCSCCO,0
CC(C)C[P+](C)(CC(C)C)CC(C)C,0
CC(=O)Nc1cc(S(=O)(=O)[O-])cc2cc(S(=O)(=O)[O-])c(/N=N\c3ccccc3)c(O)c12,0
CC(C)(C)c1ccc(OCC2CO2)cc1,0
O=C(CS(=O)C(c1ccccc1)c1ccccc1)NO,0
Cc1ccccc1-n1c(C)nc2ccccc2c1=O,0
CC1=CC(=O)[N-]S(=O)(=O)O1,0
BrCCCCCCBr,0
O=C([O-])[C@H](O)c1ccccc1,0
C[C@]12CCC(=O)C=C1C=C[C@@H]1[C@@H]2CC[C@@]2(C)[C@H]1CC[C@@]2(O)CCC(=O)[O-],0
NC(=O)c1ccc([N+](=O)[O-])cc1Cl,0
CCc1cc(OC)c(C[C@@H](C)[NH3+])cc1OC,0
CCCCCCC1CCC(=O)O1,0
Cc1c(NC(C)C)c(=O)n(-c2ccccc2)n1C,0
CC(c1cc2ccccc2s1)N(O)C(N)=O,0
CCCC(=NOCC)C1=C([O-])CC(CC(C)SCC)CC1=O,0
O=[N+]([O-])O[C@@H]1CO[C@H]2[C@@H]1OC[C@@H]2O,0
CCCC[N+]1(C)[C@@H]2C[C@@H](OC(=O)[C@H](CO)c3ccccc3)C[C@H]1[C@@H]1O[C@@H]12,0
O=[N+]([O-])c1ccc(Cl)cc1Cl,0
C=C1CC[C@@]2(O)[C@H]3Cc4ccc(O)c5c4[C@@]2(CC[NH+]3CC2CC2)[C@H]1O5,0
O=c1c2ccccc2nnn1CCl,0
CCCCOCCOCCOCCCC,0
CNC(=O)N(C)c1nnc(C(C)(C)C)s1,0
Nc1nc(CC(=O)[O-])cs1,0
CCOc1ccc2nc(S(N)(=O)=O)sc2c1,0
COc1ccc(CC[NH2+]C[C@H](O)c2ccc(O)cc2)cc1OC,0
C=C(C)C(=O)OCCOC1CC2CC1C1C=CCC21,0
COc1cc(C)ccc1C(C)C,0
CCNC(=O)/C=C/c1cccc(Br)c1,0
CCCC(=O)O[C@]1(C(=O)CO)CC[C@H]2[C@@H]3CCC4=CC(=O)CC[C@]4(C)[C@H]3[C@@H](O)C[C@@]21C,0
NC(=[NH2+])NCc1cccc(I)c1,0
Cc1nc2ccccc2c(=O)n1-c1ccccc1Cl,0
COC(=O)c1ccc(C=O)cc1,0
CCC1(c2ccc(N)cc2)CCC(=O)NC1=O,0
O=C([O-])CCC/C=C\C[C@@H]1[C@@H](/C=C/[C@@H](O)COc2cccc(C(F)(F)F)c2)[C@H](O)C[C@@H]1O,0
CCOP(=O)(C[NH+](CCO)CCO)OCC,0
O=C([O-])c1cc(O)c2c3nc4ccccc4oc-3cc(=O)c2n1,0
COc1c(O)cc2c(c1O)[C@@H]1O[C@H](CO)[C@@H](O)[C@H](O)[C@H]1OC2=O,0
O=C(N[C@H]1C[NH+]2CCC1CC2)c1cc2ccoc2cn1,0
CCCCCCOC(=O)CC,0
CC(=O)CCc1ccc2c(c1)OCO2,0
OCCCCCCCCCCCCBr,1
O=C(OCC1CCC2OC2C1)C1CCC2OC2C1,0
CC(=O)OCC(=O)[C@H]1CC[C@H]2[C@@H]3CC[C@H]4C[C@H](O)CC[C@]4(C)[C@H]3C(=O)C[C@]12C,0
CC1([NH3+])CCC(C(C)(C)[NH3+])CC1,0
CCCCOC(CC)OC(C)COC(O)CC,0
COc1cc(C(=O)N2CCOCC2)cc(OC)c1OC,0
O=C1c2ccccc2C(=O)c2cc(Cl)ccc21,0
COc1ccc2c3c1O[C@H]1[C@@H](O)C=C[C@H]4[C@@H](C2)[NH2+]CC[C@@]341,0
OC(C#CC[NH+]1CCCC1)(c1ccccc1)c1ccccc1,0
N#Cc1c[nH]cc1-c1cccc2c1OC(F)(F)O2,1
[S-]c1nc2ccccc2s1,0
C[C@]12CCC(=O)C[C@@H]1CC[C@@H]1[C@@H]2CC[C@]2(C)[C@@H](O)CC[C@@H]12,0
CC(=O)CC(c1ccc(Cl)cc1)c1c([O-])c2ccccc2oc1=O,0
C[C@]12C=CC(=O)C=C1CC[C@H]1[C@@H]3C[C@@H](O)[C@](O)(C(=O)CO)[C@@]3(C)C[C@H](O)[C@@]12F,0
CCOc1ccc(NC(=O)OC(C)C)cc1OCC,0
C[NH+](C)CCOCC[NH+](C)CCO,0
