smiles,y
NC(=O)Nc1ccc(Cl)cc1,0
CCOC(=O)C1=C(C)NC(C)=C(C(=O)OC)C1c1cccc([N+](=O)[O-])c1,0
CCCCOCCOCCOC(C)=O,0
C[NH+](C)CCOCC[NH+](C)CCO,0
O=Cc1ccccc1[N+](=O)[O-],0
COP(=S)(OC)Oc1ccc(S(N)(=O)=O)cc1,0
C=C(C)C(=O)NCCC[N+](C)(C)C,0
OC(CCC[NH+]1CCCCC1)(c1ccccc1)c1ccccc1,0
C[C@]([NH3+])(Cc1ccc(O)c(O)c1)C(=O)[O-],0
ClC1=C(Cl)C(Cl)(Cl)C(Cl)=C1Cl,0
COc1ccc(C(c2ccc(OC)cc2)C(Cl)(Cl)Cl)cc1,0
CCCCN(CC)c1c([N+](=O)[O-])cc(C(F)(F)F)cc1[N+](=O)[O-],0
O=C([O-])c1ccccc1Cl,0
CC1=CC[C@H](CC=O)C1(C)C,0
C/C=C(\CC)C(=O)NC(N)=O,0
CCCCC(CC)COCCO,0
CCc1cccc(CC)c1NC(=O)C[NH+](CC(=O)[O-])CC(=O)[O-],0
CC(C)(C1CCC(O)CC1)C1CCC(O)CC1,0
OC(C#CC[NH+]1CCCC1)(c1ccccc1)c1ccccc1,0
NC(=O)c1cccc([N+](=O)[O-])c1,0
CC(C)(C)[NH2+]C[C@H](O)COc1cccc2c1CCCC2=O,0
CC(=O)O[C@H]1C[C@@H]2CC[C@@H]3[C@H](CC[C@@]4(C)[C@H]3C[C@H](N3CC[N+](C)(C)CC3)[C@@H]4OC(C)=O)[C@@]2(C)C[C@@H]1N1CC[N+](C)(C)CC1,0
Cc1cccc(C(=O)[O-])c1O,0
O=C([O-])c1cccc([N+](=O)[O-])c1,0
CN(C)c1ccc(/N=N/S(=O)(=O)[O-])cc1,0
CCC(=O)c1ccc2c(c1)N(CCC[NH+](C)C)c1ccccc1S2,0
CCSC(=O)N(CC)CC,0
ClC1C(Cl)C(Cl)C(Cl)C(Cl)C1Cl,0
CC(C(=O)[O-])c1ccc2c(c1)Cc1cccnc1O2,0
CCCCN(CCCC)C(=S)S,0
CN1CC[NH+](C2Cc3ccccc3Sc3ccc(Cl)cc32)CC1,0
COC(/C=C(\C)CCC=C(C)C)OC,0
CC/C(=N\OC/C=C/Cl)C1=C([O-])CC(C2CCOCC2)CC1=O,0
CN(C(=O)CCCOc1ccc2[nH]c(=O)ccc2c1)C1CCCCC1,1
O=C(OCCOCCO)c1ccccc1Nc1cccc(C(F)(F)F)c1,0
O=C(Oc1ccccc1)c1ccccc1O,0
CC(C)=C[C@@H]1[C@@H](C(=O)OCc2coc(Cc3ccccc3)c2)C1(C)C,0
O=C([O-])Cc1cccc2ccccc12,0
CC(=O)O[C@H]1C[C@@H]2CC[C@@H]3[C@H](CC[C@@]4(C)[C@H]3C[C@H]([N+]3(C)CCCCC3)[C@@H]4OC(C)=O)[C@@]2(C)C[C@@H]1[N+]1(C)CCCCC1,0
Cc1cc([N-]S(=O)(=O)c2ccc(N)cc2)no1,0
CC(=O)OCc1ccccc1,0
CNC(=O)Oc1ccc2c(c1)[C@]1(C)CC[NH+](C)[C@@H]1N2C,0
CCOC(=O)Cc1ccc(-c2ccccc2)cc1,0
CCN(C(=O)c1cc(C)cc(OC[C@H](C)Nc2cc[nH+]cc2)c1)C(C)C,0
NS(=O)(=O)c1cc2c(cc1C(F)(F)F)NCNS2(=O)=O,0
CC1(C)Oc2ccc(C#N)cc2[C@@H](N2CCCC2=O)[C@@H]1O,0
C[NH+](CC(=O)N1CCOCC1)Cc1c(Cl)cccc1NC(=O)c1ccccc1,0
CCC(C)(C)C1CCC(O)CC1,0
CCCCc1[nH+]cc(/C=C(\Cc2cccs2)C(=O)[O-])n1Cc1ccc(C(=O)[O-])cc1,0
CC(C)(C)c1cccc(O)c1,0
CCc1cccc(N(C)C(=[NH2+])Nc2cccc3ccccc23)c1,0
COCCc1ccc(OCC(O)C[NH2+]C(C)C)cc1,0
[NH3+]C[C@H]1CC[C@H](C(=O)Oc2ccc(CCC(=O)[O-])cc2)CC1,1
CC1(C)S[C@@H]2[C@H]([NH+]=CN3CCCCCC3)C(=O)N2[C@H]1C(=O)[O-],0
CNC(=O)O/N=C(\C)C(C)S(C)(=O)=O,0
ClCCOP(OCCCl)OCCCl,0
CC(C)Nc1cccnc1N1CCN(C(=O)c2cc3cc(NS(C)(=O)=O)ccc3[nH]2)CC1,0
CC[NH+](CC)CCOC(=O)C(Cc1cccc2ccccc12)CC1CCCO1,0
Nc1ccc([N+](=O)[O-])cc1N,0
CCCSS/C(CCO)=C(\C)N(C=O)Cc1cnc(C)nc1N,0
CCc1ccc(C(=O)NN(C(=O)c2cc(C)cc(C)c2)C(C)(C)C)cc1,0
CC(C)(O)c1coc(S(=O)(=O)NC(=O)Nc2c3c(cc4c2CCC4)CCC3)c1,0
Cc1ccccc1OCC(=O)[O-],0
CC(C)(C)OC(=O)c1ccccc1C(=O)[O-],0
CCC1(c2ccccc2)CCC(=O)NC1=O,0
CC(=O)OCc1ccc2c(c1)OCO2,0
Cc1nccn1-c1ccc(Sc2cccc(C3(C(N)=O)CCOCC3)c2)cc1,1
CCC(C)(C#N)/N=N/C(C)(C#N)CC,0
Nc1ccccc1Nc1ccccc1,0
CC(COC(C)(C)C)OCCCO,0
CCCC1([C@H](O)C/C=C/[C@H]2[C@H](O)CC(=O)[C@@H]2CCCCCCC(=O)OC)CCC1,0
Cc1ccc2c(c1)C1C[NH+](C)CCC1N2,0
COc1ccc(Br)c(C)c1,0
CCCCCc1cccc(=O)o1,0
CC(C)C(=O)OCCOc1ccccc1,0
CCC(C)OC(=O)N1CCCCC1CCO,0
O=C([O-])c1ccccc1-c1c2cc(Br)c(=O)c(Br)c-2oc2c(Br)c([O-])c(Br)cc12,0
CCOC(=O)COc1ccc(C)cc1,0
C=CC(=O)OCCOCCOCC,0
Clc1ccc(C(OCC[NH+]2CCCCC2)c2ccccc2)cc1,0
O=C([O-])c1ccc(O)cc1O,0
O=C([O-])C1C(C(=O)[O-])C2(Cl)C(Cl)=C(Cl)C1(Cl)C2(Cl)Cl,0
BrCCCCCCBr,0
ClC(Cl)(Cl)C(Cl)(Cl)Cl,0
CCOc1cccc(-n2cc(C(=O)N3CCN(c4cc(C(=O)[O-])c5ccccc5c4)CC3)[nH+]c2-c2ccc(C)cc2)c1,0
C=CC(=O)NC(C)(C)CC(C)=O,0
CCn1c2ccccc2c2cc([N+](=O)[O-])ccc21,0
Oc1ccc2c3c1O[C@H]1[C@@H](O)C=C[C@H]4[C@@H](C2)[NH2+]CC[C@@]341,0
Cc1cc(C(=O)[O-])ccc1[N+](=O)[O-],0
CCOC(=O)Nc1ccc2c(c1)N(C(=O)CC[NH+]1CCOCC1)c1ccccc1S2,0
O=C([O-])c1cccc(Cl)c1Cl,0
CC(CCc1ccccc1)[NH2+]C(C)C(O)c1ccc(O)cc1,0
O=C([O-])C[C@H](NC(=O)OCc1ccccc1)C(=O)[O-],0
CC(C)N1C(=O)c2ccccc2C1=O,0
CCSC(=O)N1CCCCCC1,0
Cc1ccc(C(C)(C)O)cc1,0
CC12CCC(C[N+](C)(CCC[N+](C)(C)C)C1)C2(C)C,0
CC(Oc1ccccc1)C(=O)N[C@@H]1C(=O)N2[C@@H]1SC(C)(C)[C@@H]2C(=O)[O-],0
NC(=O)OCCCc1ccccc1,0
CCOC(=O)c1ccc(C)cc1,0
OC[C@H](Cc1cccc(O)c1)[C@H](CO)Cc1cccc(O)c1,0
O=C([O-])c1ccc2cc(C(=O)[O-])ccc2c1,0
Cc1ccc([N+](=O)[O-])cc1N,0
CCOC(=O)c1nc(C(Cl)(Cl)Cl)n(-c2ccc(Cl)cc2Cl)n1,0
ClC(Cl)(Cl)c1ccc(C(Cl)(Cl)Cl)cc1,0
CCCCCCCCOC(=O)c1ccc(O)cc1,0
ClCc1ccc(Cl)cc1Cl,0
CCCCP(CCCC)CCCC,0
CC(=O)c1ccccc1[N+](=O)[O-],0
O=[N+]([O-])c1cc(C(F)(F)F)ccc1Cl,0
CCCCCCCCBr,0
CC1(C)S[C@@H]2[C@H](NC(=O)C(C(=O)[O-])c3ccccc3)C(=O)N2[C@H]1C(=O)[O-],0
O=C([O-])c1cccc(Cl)c1,0
Nc1ccc2cc(S(=O)(=O)[O-])cc(O)c2c1/N=N/c1ccccc1C(F)(F)F,0
C=CC(=O)OCCOC(=O)CCC(=O)[O-],0
CCNc1nc(NC(C)C(C)C)nc(SC)n1,0
CCCC[C@H]1CN(CC2CCOCC2)C(=O)OC12CC[NH+](C1(C)CCN(C(=O)c3c(C)ncnc3C)CC1)CC2,0
Cc1c(C)c([N+](=O)[O-])c(C(C)(C)C)c([N+](=O)[O-])c1C,0
CCN(C(=O)N(CC)c1ccccc1)c1ccccc1,0
O=C([O-])c1c(Cl)ccc2cc(Cl)cnc12,0
ClC(Cl)(Cl)Cl,0
Cc1cccc(S(=O)(=O)[O-])c1C,0
C/C=C/c1ccc(O)c(OC)c1,0
Cc1ccccc1OCC(O)CO,0
CCCc1nc(C(C)(C)O)c(C(=O)OCc2oc(=O)oc2C)n1Cc1ccc(-c2ccccc2-c2nn[n-]n2)cc1,0
CCCCCCC(O)CCOC(C)=O,0
Nc1c(CC(=O)[O-])cccc1C(=O)c1ccccc1,0
CCCCNP(N)(N)=S,0
CC(=O)Oc1cccc(C(=O)[O-])c1OC(C)=O,0
Cc1ccccc1OCC1CO1,0
CC[NH+](CC)CCOc1ccccc1C(=O)CCc1ccccc1,0
CCN1CN(CC)C[NH+](CC)C1,0
CC1=C2[C@H]3OC(=O)[C@@H](C)[C@@H]3CC[C@@]2(C)C=CC1=O,0
O=C([O-])C(F)(F)C(F)(F)C(F)(F)C(F)(F)C(F)(F)C(F)(F)C(F)(F)C(F)(F)F,0
Fc1ccc(Br)cc1,0
CC(=O)Nc1ccc(OCCOCCOc2ccc(NC(C)=O)cc2)cc1,0
O=C([O-])Cn1c2ccccc2c(=O)c2ccccc21,0
CCN(Cc1cccc(S(=O)(=O)[O-])c1)c1ccc(C(=C2C=CC(=[N+](CC)Cc3cccc(S(=O)(=O)[O-])c3)C=C2)c2ccccc2)cc1,0
O=P([O-])(Oc1ccccc1)Oc1ccccc1,0
C[NH+]1CC[C@]23c4c5ccc(O)c4O[C@H]2[C@@H](O)C=C[C@H]3[C@H]1C5,0
COc1ccc(C(=O)N2CC[NH+](CC(=O)N3CCOCC3)CC2)cc1,0
Nc1ccc([O-])c([N+](=O)[O-])c1,0
S=c1[nH]c2ccccc2[nH]1,0
Fc1cccc(Cl)c1CCl,0
CC(C)(C)c1n[nH]c(=S)n(N)c1=O,0
Clc1ccc(CO/N=C(\Cn2ccnc2)c2ccc(Cl)cc2Cl)c(Cl)c1,1
Cc1ccc(N)cc1[N+](=O)[O-],0
CC1[NH2+]CCOC1c1ccccc1,0
NS(=O)(=O)c1cc2c(cc1Cl)N=CNS2(=O)=O,0
NC(=[NH2+])NC(=[NH2+])N1CCOCC1,0
CCC(C)c1cccc(C(C)CC)c1O,0
CCOC(=O)OC(C)OC(=O)[C@@H]1N2C(=O)[C@@H](NC(=O)[C@H]([NH3+])c3ccccc3)[C@H]2SC1(C)C,0
CC(=O)c1ccc2c(c1)[C@H](NC(=O)c1ccc(F)cc1)[C@@H](O)C(C)(C)O2,0
CN(C)c1ccc([O-])c2c1C[C@H]1C[C@H]3[C@H]([NH+](C)C)C([O-])=C(C(N)=O)C(=O)[C@@]3(O)C([O-])=C1C2=O,0
COc1ccc(NC(C)=O)cc1N,0
CSSc1ccoc1C,0
CC(C)(C)C1=CC(=O)C=C(C(C)(C)C)C1=O,0
c1cc2c(c(NC3=[NH+]CCN3)c1)CCCC2,0
CCOc1nc(F)cc2nc(S(=O)(=O)Nc3c(Cl)cccc3Cl)nn12,0
O=C([O-])c1cc(Cl)cc(Cl)c1O,0
O=C([O-])c1cc(Cl)cc(Cl)c1,0
CC(=O)NNc1ccccc1,0
C=C(C)C(=O)OCC[NH2+]C(C)(C)C,0
Cc1ccc([N+](=O)[O-])cc1Cl,0
CCCCCC1=CCCC1=O,0
COP(=S)(OC)Oc1ccc(S(=O)(=O)N(C)C)cc1,0
O=S(=O)([O-])NC1CCCCC1,0
CCCCC(CC)COC(=O)Cl,0
O=c1[nH][nH]c(=O)c2cc([N+](=O)[O-])ccc12,0
O=C([O-])c1cc(-c2ccccc2)nc2ccccc12,0
CC(C)([NH3+])Cc1ccc(Cl)cc1,0
C=CCC1([C@@H](C)CCC)C(=O)NC(=O)NC1=O,0
CN(C)C(=O)Oc1cc(OC(=O)N(C)C)cc(C(O)C[NH2+]C(C)(C)C)c1,0
CCOCCOCCOCC,0
C=CCN1C[C@H](C)[NH+]([C@H](c2ccc(C(=O)N(CC)CC)cc2)c2cccc(OC)c2)C[C@H]1C,0
CCOP(=O)(NC(C)C)Oc1ccc(SC)c(C)c1,0
Nc1cc(S(=O)(=O)[O-])cc2cc(S(=O)(=O)[O-])cc(O)c12,0
CC[NH+]1CCCC1CNC(=O)c1cc(S(=O)(=O)CC)c(N)cc1OC,0
O=C([O-])CNC(=O)c1ccc([N+](=O)[O-])cc1,0
CC1(C)CCC(=Cc2ccc(Cl)cc2)C1(O)Cn1cncn1,0
CC(=O)Nc1c(I)cc(I)c(C(=O)[O-])c1I,0
O=[N+]([O-])c1cccc(CCl)c1,0
CC(=O)NC(Cc1ccccc1)C(=O)[O-],0
C[NH2+]Cc1ccc(NC(=O)c2c[nH]c3c2C(=O)CCC3)cc1,0
CC1=CC(=O)CC(C)(C)C1(O)/C=C/C(C)=C\C(=O)[O-],0
CCCCCCCCC1CO1,0
CC(=O)CC(=O)Nc1ccccc1,0
Nc1ccc2cc(S(=O)(=O)[O-])ccc2c1,0
NS(=O)(=O)c1cc(C(=O)[O-])cc(N2CCCC2)c1Oc1ccccc1,0
Nc1cc(Cl)cc(Cl)c1,0
Cc1c([N+](=O)[O-])cc2c(c1[N+](=O)[O-])C(C)(C)CC2(C)C,1
O=c1oc2cc(O)ccc2s1,0
CCOC(=O)[C@H](CCc1ccccc1)[NH2+][C@@H](C)C(=O)N1CCC[C@H]1C(=O)[O-],0
C[NH+]1[C@@H]2CC[C@H]1C[C@@H](OC(=O)C(CO)c1ccccc1)C2,0
c1cnc(N2CC[NH+](Cc3ccc4c(c3)OCO4)CC2)nc1,0
CC1CCc2c(N3CCC(O)CC3)c(F)cc3c(=O)c(C(=O)[O-])cn1c23,0
C[NH+](C)CCOC(=O)C(c1ccccc1)C1(O)CCCC1,0
Nc1nc(=O)c(Br)c(-c2ccccc2)[nH]1,0
Clc1cccc2ccccc12,0
c1ccc2c(c1)Oc1ccccc1S2,0
ClC1=C(Cl)[C@]2(Cl)[C@@H]3[C@H]4C=CC(C4)[C@@H]3C1(Cl)C2(Cl)Cl,0
CC(=O)N/N=C/c1ccc([N+](=O)[O-])o1,0
Oc1ccc(Cc2ccccc2O)cc1,0
CC(CC=O)CCCC(C)(C)O,0
CCC[NH2+]CC(O)COc1ccccc1C(=O)CCc1ccccc1,0
O=C(c1ccc(O)cc1)c1ccc(O)cc1,0
O=C1c2ccccc2C(=O)c2c([O-])ccc([O-])c21,0
CCC(Oc1ccccc1)C(=O)N[C@@H]1C(=O)N2[C@@H]1SC(C)(C)[C@@H]2C(=O)[O-],0
CC1(C)CC(OC(=O)CCCCCCCCC(=O)OC2CC(C)(C)[NH2+]C(C)(C)C2)CC(C)(C)[NH2+]1,0
COS(=O)(=O)C(F)(F)F,0
Brc1ccc(Br)cc1,0
CC(C)[C@H]1CC[C@H](C(=O)N[C@H](Cc2ccccc2)C(=O)[O-])CC1,0
C[C@H]1[NH+]=C(N)O[C@H]1c1ccccc1,0
CCCCOC(=O)c1ccccc1C(=O)OCCCC,0
Oc1cccc(Cl)c1Cl,0
Nc1cc(S(=O)(=O)[O-])ccc1O,0
C[NH+](C)CCC[C@@]1(c2ccc(F)cc2)OCc2cc(C#N)ccc21,0
COc1cc2nc(N3CCN(C(=O)c4ccco4)CC3)nc(N)c2cc1OC,0
CCOC(=O)CCN(SN(C)C(=O)Oc1cccc2c1OC(C)(C)C2)C(C)C,0
Nc1c(Br)cc(Br)c2c1C(=O)c1ccccc1C2=O,0
O=C1NCC2(CC[NH+](CCc3ccccc3)CC2)O1,0
CCOP(=S)(OCC)Oc1nc(Cl)n(C(C)C)n1,0
COP(=S)(OC)SCN1C(=O)c2ccccc2C1=O,0
CCOC(=O)c1c(C)n(C)c2ccc(O)cc12,0
O=C([O-])C(F)(F)C(F)(F)C(F)(F)C(F)(F)C(F)(F)F,0
O=C([O-])/C=C(\CC(=O)[O-])C(=O)[O-],0
ClC(Cl)(Cl)c1ccccc1,0
CC(C)NC(=O)c1ccccc1N,0
CC[N+](C)(CC)CCOC(=O)C1c2ccccc2Oc2ccccc21,0
Nc1ccc(S(=O)(=O)Nc2nccs2)cc1,0
CC(=O)OCC(=O)[C@H]1CC[C@H]2[C@@H]3CC[C@H]4C[C@H](O)CC[C@]4(C)[C@H]3C(=O)C[C@]12C,0
OC[C@@H](O)[C@H](O)[C@@H](O)CO,0
CN(C)C(=O)NC1(c2ccccc2)CC[NH+](CC[C@@]2(c3ccc(F)c(F)c3)CN(C(=O)c3ccccc3)CCO2)CC1,0
C[C@H](C[NH+]1CCOCC1)C(C(=O)N1CCCC1)(c1ccccc1)c1ccccc1,0
CCC(=O)OC(C)(C)C1CC=C(C)CC1,0
CCOc1cc(OCC)c(C(C)=O)cc1OCC,0
Nc1c(NC/C=C\COc2cc(C[NH+]3CCCCC3)ccn2)c(=O)c1=O,0
CC(=O)N[C@@H](CCC(=O)[O-])C(=O)[O-],0
Cc1ccccc1S(=O)(=O)[O-],0
C[C@H](Cc1ccc(O)c(O)c1)[C@@H](C)Cc1ccc(O)c(O)c1,0
CC[NH2+]C1(c2cccs2)CCCCC1=O,0
CNC(=O)Oc1cc(C)cc(C(C)C)c1,0
CCCC(=O)C(CC)Sc1ccoc1C,0
C=COCCOCCOC=C,0
OC/C(Br)=C(\Br)CO,0
O=C1/C(=C2\Nc3ccc(S(=O)(=O)[O-])cc3C2=O)Nc2ccc(S(=O)(=O)[O-])cc21,0
CC[NH2+][C@@H](C)Cc1cccc(C(F)(F)F)c1,0
CCCCCCCCC/C=C/CC1CC(=O)OC1=O,0
CCCCCC(=O)OCCc1ccccc1,0
CON(C)C(=O)Nc1ccc(Cl)cc1,0
CCOC(=O)C(C)Oc1ccc(Oc2cnc3cc(Cl)ccc3n2)cc1,0
Cc1c(C(N)=O)cc([N+](=O)[O-])cc1[N+](=O)[O-],0
CCCCN1C(=O)c2ccccc2C1=O,0
CCON=C(CC)C1=C([O-])CC(c2c(C)cc(C)cc2C)CC1=O,0
NS(=O)(=O)c1ccccc1Cl,0
CCN(CC)C(=O)[C@]1(c2ccccc2)C[C@@H]1C[NH3+],0
O=C1OC(=O)C2CC=CCC12,0
c1ccc(CNCC[NH2+]Cc2ccccc2)cc1,0
CCCCCCCCCCCSCC(=O)[O-],0
CC(C)=CCC/C(C)=C/C=O,0
NC(=O)NNc1ccccc1,0
C[NH+](C)CCN(Cc1cccs1)c1ccccn1,0
CC(=O)[C@H]1CC[C@H]2[C@@H]3CC=C4C[C@@H](O)CC[C@]4(C)[C@H]3CC[C@]12C,0
Clc1nc(Cl)nc(Cl)n1,0
O=C([O-])c1cccnc1Nc1cccc(C(F)(F)F)c1,0
CC(C)OC(=O)C(C)N(C(=O)c1ccccc1)c1ccc(F)c(Cl)c1,0
COCC(=O)Nc1c(I)c(C(=O)NCC(O)CO)c(I)c(C(=O)N(C)CC(O)CO)c1I,0
c1ccc(Sc2ccccc2)cc1,0
COc1cc2c(c(OC)c1OC)-c1ccc(OC)c(=O)cc1[C@@H](NC(C)=O)CC2,1
O=C1c2ccccc2C(=O)N1CO,0
Cc1nc2ccccc2c(=O)n1-c1ccccc1Cl,0
CCOC(=S)SSC(=S)OCC,0
CCNP(=S)(OC)O/C(C)=C/C(=O)OC(C)C,0
CCC1C(C)=NN=C(c2ccc(OC)c(OC)c2)c2cc(OC)c(OC)cc21,0
Cn1c(=O)c2[nH]cnc2n(C)c1=O,0
CC(C)(C)C(=O)c1ccccc1,0
c1ccc(CSCc2ccccc2)cc1,0
O=C(CCNNC(=O)c1ccncc1)NCc1ccccc1,0
CC(C(=O)[O-])c1ccc(CC2CCCC2=O)cc1,0
NC(=O)c1cc([N+](=O)[O-])cc([N+](=O)[O-])c1,0
O=[N+]([O-])c1c(Cl)cc(Cl)cc1Cl,0
COC[C@H](c1ccc(C(F)(F)F)cc1)[NH+]1CCN(C2(C)CCN(C(=O)c3c(C)ncnc3C)CC2)C[C@H]1C,0
O=C(/C=C/c1ccccc1)NCCO,0
CC(=O)OCCOCCOCCOC(C)=O,0
COc1ccc(CN(CC[NH+](C)C)c2ncccn2)cc1,0
[NH3+]CCCOCCOCCOCCC[NH3+],0
CCCCc1ccc2cccc(S(=O)(=O)[O-])c2c1,0
O=C(c1ccc(O)cc1)c1ccc(O)cc1O,0
c1ccc2c(c1)ccc1ncccc12,0
CCC1(c2ccccc2)C(=O)NC([O-])=[NH+]C1=O,0
Nc1ccc(Cc2ccc(N)cc2)cc1,0
C[NH+]1CCN2c3ncccc3Cc3ccccc3C2C1,0
O=C([O-])c1cc(I)cc(I)c1I,0
Nc1c(Cl)c(Cl)c(Cl)c(Cl)c1Cl,0
OC(CC[NH+]1CCCC1)(c1ccccc1)C1CCCCC1,0
COc1cc(C(C)C)c2c(c1)S(=O)(=O)N(COc1cc(=O)n3cccc(OCC[NH+]4CCCCC4)c3n1)C2=O,0
COc1ccc(OC)c(Cl)c1,0
O=C([O-])CCC(=O)OC[C@@H](NC(=O)[C-](Cl)Cl)[C@H](O)c1ccc([N+](=O)[O-])cc1,0
CCN1C(=O)NC(c2ccccc2)C1=O,0
C[NH2+][C@@H]1[C@H](O)[C@H]([NH2+]C)[C@H]2O[C@@]3(O)C(=O)C[C@@H](C)O[C@H]3O[C@@H]2[C@H]1O,0
C=C[C@H]1C[N@@H+]2CC[C@H]1C[C@H]2[C@H](OC(=O)OCC)c1ccnc2ccc(OC)cc12,0
C[C@H]([NH3+])[C@H](O)c1cccc(O)c1,0
CC(=O)[C@H]1[C@H](C#N)C[C@H]2[C@@H]3CC=C4C[C@@H](O)CC[C@]4(C)[C@H]3CC[C@@]21C,0
COc1cccc(OC)c1C(=O)N[C@@H]1C(=O)N2[C@@H]1SC(C)(C)[C@@H]2C(=O)[O-],0
CCN(CC[NH3+])c1cccc(C)c1,0
O=[N+]([O-])c1ccc(S(=O)(=O)[O-])c([N+](=O)[O-])c1,0
O=S(=O)(c1ccc([O-])cc1)c1ccc([O-])cc1,0
O=c1nc([O-])n(Cl)c(=O)n1Cl,0
COc1ccc(OC)c(OC)c1,0
O=C(OCc1ccccc1)c1ccccc1O,0
Nc1ccc(C(=O)NCC(=O)[O-])cc1,0
Nc1ccc(S(=O)(=O)Nc2cnc3ccccc3n2)cc1,0
COC(=O)c1cc(Cl)ccc1[N+](=O)[O-],0
O=C(CCC[NH+]1CCN(c2ccccn2)CC1)c1ccc(F)cc1,0
S=C(S)N1CC[NH2+]CC1,0
O=C(c1ccc(O)c(O)c1)c1ccc(O)cc1O,0
NC(=O)CC[C@H](Nc1ccc([N+](=O)[O-])cc1)C(=O)[O-],0
C=CCOC(=O)COCCC(C)C,0
C[NH+](C)CCC=C1c2ccccc2C(C)(C)c2ccccc21,0
O=C([O-])Cc1ccc(-c2ccccc2)cc1,0
CC(=O)O[C@H]1CC[C@@]2(C)C(=CC[C@@H]3[C@@H]2CC[C@]2(C)C(=O)CC[C@@H]32)C1,0
c1ccc(OP(Oc2ccccc2)Oc2ccccc2)cc1,0
Cc1cccc(NC(=S)N(C)C)c1,0
Nc1ccc(S(=O)(=O)[O-])c(N)c1,0
CSc1ccc2c(c1)C([NH+]1CCN(C)CC1)Cc1ccccc1S2,0
C[C@@H]1CN(c2c(F)c(F)c3c(=O)c(C(=O)[O-])cn(C4CC4)c3c2F)C[C@H](C)[NH2+]1,0
Cn1cnc2c(F)c(Nc3ccc(Br)cc3Cl)c(C(=O)NOCCO)cc21,0
CCCCC(=O)N(Cc1ccc(-c2ccccc2-c2nnn[n-]2)cc1)[C@@H](C(=O)[O-])C(C)C,0
O=C1c2ccccc2C(=O)C1C(=O)C(c1ccccc1)c1ccccc1,0
CCn1cc(C(=O)[O-])c(=O)c2cc(F)c(N3CC[NH2+]CC3)nc21,0
Cn1cc(S(C)=O)c(=O)c2ccc(F)cc21,0
O=[N+]([O-])c1nccn1CO[C@@H](CO)[C@H](O)CO,0
COc1ccccc1Oc1c(NS(=O)(=O)c2ccc(C(C)(C)C)cc2)nc(-c2ncccn2)nc1OCCO,0
[NH3+]CCC(O)(P(=O)([O-])[O-])P(=O)([O-])[O-],0
O=C([O-])c1cc(Oc2ccc(C(F)(F)F)cc2Cl)ccc1[N+](=O)[O-],0
O=C1Nc2ccc([N+](=O)[O-])cc2C1=O,0
CCC(=O)/C=C/C1C(C)=CCCC1(C)C,0
CC(C)CCOC(=O)CC(C)C,0
CCOC(=O)N1CCC(=C2c3ccc(Cl)cc3CCc3cccnc32)CC1,0
CC(Cc1ccc(OCC(=O)[O-])cc1)[NH2+]CC(O)c1csc(C(F)(F)F)n1,0
C[NH+]1CCCC(CN2c3ccccc3Sc3ccccc32)C1,0
Nc1ccc(C(=O)[O-])c(O)c1,0
Clc1cccc(C(c2ccc3nc[nH]c3c2)n2ccnc2)c1,1
CC(C)=CC1C(C(=O)OCc2coc(Cc3ccccc3)c2)C1(C)C,0
NC(=O)Cn1c(=O)cc(CC[NH+]2CCN(c3nccc4sccc34)CC2)c2ccc(F)cc21,0
O=C(OCc1ccccc1)C(=O)OCc1ccccc1,0
O=C([O-])Cc1ccc(CCNS(=O)(=O)c2ccc(Cl)cc2)cc1,0
OC(O)C(Cl)(Cl)Cl,0
C[C@]12C=CC(=O)C=C1CC[C@@H]1[C@@H]2C(=O)C[C@@]2(C)[C@H]1CC[C@]2(O)C(=O)CO,0
NC(=[NH2+])NN=C1C=CC(=NNC(N)=S)C=C1,0
CC1=C(C(=O)[O-])N2C(=O)[C@@H](NC(=O)[C@H]([NH3+])c3ccccc3)[C@H]2SC1,0
C=CCCCCCCCCC(=O)OC,0
O=C([O-])COc1nn(Cc2ccccc2)c2ccccc12,0
CC=CC1=C(C(=O)[O-])N2C(=O)[C@@H](NC(=O)[C@H]([NH3+])c3ccc(O)cc3)[C@H]2SC1,0
CC(=O)OCC(=O)[C@@]1(O)CC[C@H]2[C@@H]3CCC4=CC(=O)CC[C@]4(C)C3=CC[C@@]21C,0
CCCCCOC(=O)CCCC,0
CCC(C)CCCC(C)(C)O,0
CC(C)(C#N)/N=N/C(C)(C)C#N,0
C=C(C)C(=O)OCCOCCOCCOC(=O)C(=C)C,0
FCOC(C(F)(F)F)C(F)(F)F,0
CCC(=O)OCCC(C)CCC=C(C)C,0
CCSC(=O)N(CC)C1CCCCC1,0
CC(=O)NS(=O)(=O)c1ccc(N)cc1,0
CC(C)(C)C(=O)OCOC(=O)[C@@H]1N2C(=O)[C@@H](NC(=O)[C@H]([NH3+])c3ccccc3)[C@H]2SC1(C)C,0
CC(C)(C#N)Nc1nc(Cl)nc(NC2CC2)n1,0
NC(=O)NC(=O)Cc1ccccc1,0
CC1=NN(c2ccc(S(=O)(=O)[O-])cc2)C(=O)C1,0
O=C([O-])Cn1c(C(=O)Nc2nc(-c3ccccc3Cl)cs2)cc2ccccc21,0
CCOc1ccc(S(=O)(=O)[O-])c2cccnc12,0
CCOc1cc(OP(=S)(OC)OC)nc(CC)n1,0
O=C(c1ccccc1)C1CCC1,0
Cc1ccc(Br)cc1,0
COCc1nnc(-c2ccc[n+]([O-])c2)n1-c1c(Cl)c(Cl)cc2[nH]c(=O)c(=O)[nH]c12,0
CC1(C)O[C@@H]2[C@@H](CO[C@@]3(COS(N)(=O)=O)OC(C)(C)O[C@@H]23)O1,0
ClC(Cl)C(Cl)Cl,0
O=C([O-])CCn1c2c(c3ccccc31)C[C@H](NS(=O)(=O)c1ccc(F)cc1)CC2,0
C=CC(C)(CCC=C(C)C)OC=O,0
C1C2OC2C2C1C1CC2C2OC12,0
c1ccc(COCc2ccccc2)cc1,0
CCCCCCCCSCCO,0
COc1ccc(CCO)cc1,0
C=CC1(C)OC(=O)N(c2cc(Cl)cc(Cl)c2)C1=O,0
COC(=O)c1ccc(OC)cc1,0
CC(=O)Nc1ccc(OC(=O)c2ccccc2O)cc1,0
C[NH+](C)CCCNCCC#N,0
CCN(Cc1ccccc1)c1ccccc1,0
COc1cc(Cl)c(OC)cc1N,0
COC(=O)/C=C(\C)OP(=O)(OC)OC,0
CN1C(=O)C(C)(C2=CCCCC2)C(=O)[NH+]=C1[O-],0
Nc1ccc(/N=N/c2ccc(N)cc2)cc1,0
Cc1cc(CC(=O)[O-])c(C)n1-c1ccc(Cl)cc1,0
OCC[NH+]1CCN(CCCN2c3ccccc3Sc3ccc(Cl)cc32)CC1,0
CC(=O)/C(C)=C/C1C(C)=CCCC1(C)C,0
CC(C)N(C(=O)SCC(Cl)=C(Cl)Cl)C(C)C,0
CNC(=O)OCC[N+](C)(C)C,0
CCC(C)(O)CCCC(C)C,0
C[NH+](C)Cc1cc(C[NH+](C)C)c(O)c(C[NH+](C)C)c1,0
CC(C)(CCC(=O)[O-])C(=O)[O-],0
COc1ccc(C2C(=O)c3ccccc3C2=O)cc1,0
CNC(=O)Oc1ccc(N(C)C)c(C)c1,0
CCCOC(=O)CCCCC(=O)OCCC,0
C=COCCOCCOCCOC=C,0
CC(=O)OCC1=C(C(=O)[O-])N2C(=O)[C@@H](NC(=O)Cc3ccccc3)[C@H]2SC1,0
CC(C)(C)NC(=O)[C@@H]1CN(Cc2cccnc2)CC[NH+]1C[C@@H](O)C[C@@H](Cc1ccccc1)C(=O)N[C@H]1c2ccccc2C[C@H]1O,0
CC(C)(C)c1cccc(C(C)(C)C)c1O,0
COC(=O)c1ccccc1CS(=O)(=O)NC(=O)Nc1nc(OC)cc(OC)n1,0
[NH3+]CCNCC[NH2+]CCNCC[NH3+],0
C/C=C(\C)C(=O)OCc1ccccc1,0
CNC(=O)O/N=C(\SC)C(=O)N(C)C,0
COC(=O)c1c(Cl)c(Cl)c(C(=O)OC)c(Cl)c1Cl,0
O=P([O-])([O-])C(O)(Cc1c[nH+]c2ccccn12)P(=O)([O-])[O-],0
COc1ccccc1N1CC[NH+](CCCC(=O)c2ccc(F)cc2)CC1,0
CCCCc1cc2c(=O)c(C(=O)OC)c[nH]c2cc1OCc1ccccc1,0
CCOC(=O)Cn1c(=O)sc2cccc(Cl)c21,0
C=C(C)C(=O)OCC1CCCO1,0
CCCCOCC(C)OCC(C)O,0
CCC(=O)c1ccc(O)cc1,0
CC(=O)c1ccc2c(c1)N(CCCN1CC[NH+](CCO)CC1)c1ccccc1S2,0
COc1cc(C[C@H](C)[NH3+])c(OC)cc1Br,0
CCCCOC(=O)C(C)OC(=O)CCC,0
CCOC(=O)NNc1nncc2ccccc12,0
C=C[C@H]1C[NH+]2CCC1C[C@@H]2[C@@H](O)c1ccnc2ccc(OC)cc12,0
CCCCCCCCCCCC(C)=O,0
Clc1cc(Cl)cc(Cl)c1,0
CC(C)(C)C(=O)Oc1ccc(S(=O)(=O)Nc2ccccc2C(=O)NCC(=O)[O-])cc1,0
N#Cc1cc2ccccc2c2ccccc12,0
CCNc1cc(O)ccc1C,0
CSC(=O)c1cccc2nnsc12,0
CCCCC[NH2+]CCCCC,0
CO[C@H]1O[C@@H]2O[C@@]3(C)CC[C@H]4[C@H](C)CC[C@@H]([C@H]1C)C24OO3,0
C[C@]12CCC(=O)C[C@@H]1CC[C@@H]1[C@@H]2CC[C@]2(C)C=CC[C@@H]12,0
O=c1oc2c(O)c(O)cc3c(=O)oc4c(O)c(O)cc1c4c23,0
[NH3+][C@H]1C(O)O[C@H](CO)[C@H](O)[C@@H]1O,0
O=c1[nH]c(=O)n([C@H]2C[C@H](O)[C@@H](CO)O2)cc1C(F)(F)F,0
O=C1OC(C[NH+]2CCOCC2)CN1N=Cc1ccc([N+](=O)[O-])o1,0
CC(CCc1ccc(O)cc1)[NH2+]CCc1ccc(O)c(O)c1,0
CC[NH+](CC)CCNC(=O)c1ccc(N)cc1,0
O=[N+]([O-])c1cccc(Cl)c1,0
NC(=O)Cc1cccc(C(=O)c2ccccc2)c1N,0
Nc1ccc(S(=O)(=O)Nc2ccnn2-c2ccccc2)cc1,0
CC(C)(O)c1ccc(C(C)(C)O)cc1,0
CC1(C)S[C@@H]2[C@H](NC(=O)[C@H](C(=O)[O-])c3ccsc3)C(=O)N2[C@H]1C(=O)[O-],0
ClCCCCCCCl,0
CCCCNC(=[NH2+])NC(N)=[NH2+],1
O=P(OCC(Br)CBr)(OCC(Br)CBr)OCC(Br)CBr,0
O=C1NC(=O)c2cc([N+](=O)[O-])ccc21,0
O=C(OC(=O)c1ccccc1)c1ccccc1,0
CC1(C)S[C@@H]2[C@H](NC(=O)[C@H]([NH3+])c3ccccc3)C(=O)N2[C@H]1C(=O)[O-],0
C[N+](C)(C)Cc1ccccc1,0
COc1ccc(Cl)cc1C,0
CCCCOC(=O)COC(=O)c1ccccc1C(=O)OCCCC,0
CC(O)C[NH+](CC(C)O)CC(C)O,0
CCCCCCI,0
Cc1cc(=O)nc(C(C)C)[nH]1,0
CCCCOCCOCCOCCCC,0
ClC(Cl)C(Cl)(Cl)Cl,0
CCC(OCCCOC)OC(C)=O,0
C#CC(C)(C)NC(=O)c1cc(Cl)cc(Cl)c1,0
Nc1ccc([N+](=O)[O-])c(N)c1,0
O=C(c1ccccc1)C(O)c1ccccc1,0
O=C1NC(=O)[C@@]2(CCOc3ccc(F)cc32)N1,0
O=C(N[C@H]1C[NH+]2CCC1CC2)c1cc2ccoc2cn1,0
CCc1cccc(C)c1N(C(=O)CCl)C(C)COC,0
CCOCCOCCOCCO,0
CN(C)P(=O)(N(C)C)N(C)C,0
COCCOCCOCCOCCO,0
CCOC(=O)c1ccc(OC(=O)CCCCCNC(N)=[NH2+])cc1,0
C=CC(C)(O)CC/C=C(\C)CC,0
C=C(C)[C@@H]1CC=C(C)C(=O)C1,0
CC(=O)c1ccc2c(c1)CCCC2,0
Oc1ccc(Cl)cc1Cl,0
[NH2+]=c1ccn2c(n1)O[C@H]1[C@H](O)[C@@H](CO)O[C@H]12,0
CC(C)(C(=O)[O-])c1ccc(C(O)CCC[NH+]2CCC(C(O)(c3ccccc3)c3ccccc3)CC2)cc1,0
CCCCCC#CC(=O)OC,0
CC(C)(C)OOC(C)(C)CCC(C)(C)OOC(C)(C)C,0
CC([NH3+])Cc1ccc(O)cc1,0
CCCCCCCCCC(C)C=O,0
O=C(Cl)c1ccc([N+](=O)[O-])cc1,0
CNC(=O)OCc1cccc(COC(=O)NC)n1,0
Nc1cc(Cl)cc(S(=O)(=O)[O-])c1O,0
Brc1ccccc1,0
Cc1ccc(C(C)C)cc1O,0
CN(C)CC[NH+](C)CCN(C)C,0
COc1cc2c(cc1OC)C1CC(=O)C(CC(C)C)C[NH+]1CC2,0
O=C([O-])c1cccc(C(=O)[O-])n1,0
C[NH+]1CCC[C@@H]1CCO[C@](C)(c1ccccc1)c1ccc(Cl)cc1,0
CN1COCN(Cc2cnc(Cl)s2)/C1=N/[N+](=O)[O-],0
CC(C)(C)[NH2+]C[C@H](O)COc1ccccc1C1CCCC1,0
O=C1CCCCCCCCCCC1,0
Fc1ccccc1-c1ccccc1,0
O=C(Cc1cccs1)N[C@@H]1C(=O)N2C(C(=O)[O-])=C(C[n+]3ccccc3)CS[C@H]12,0
CC[NH2+][C@H](C)Cc1cccc(C(F)(F)F)c1,0
CCCCCCCCCCCCOCC1CO1,0
CC(C)OC(=O)C(C(=O)OC(C)C)=C1SC=CS1,0
O=C([O-])COc1ccccc1,0
CCCCCCCC(=O)Cl,0
CN1CCN=C(c2ccccc2)c2cc(Cl)ccc21,0
CCCCOC(=O)CCC(=O)OCCCC,0
COc1cc(N)c(Cl)cc1C(=O)NC1C[NH+]2CCC1CC2,0
CC(C)C1(C)[NH+]=C(c2ncccc2C(=O)[O-])NC1=O,0
CC1(C)C(=O)N(Cl)C(=O)N1Cl,0
CC(=O)NCCCCCC(=O)[O-],0
CC[NH2+][C@H]1C[C@H](C)S(=O)(=O)c2sc(S(N)(=O)=O)cc21,0
CC(=O)CC(=O)Nc1ccccc1C,0
Cc1cccc2sc(N)nc12,0
COc1ccc2c(c1)c(CC(=O)OCC(=O)[O-])c(C)n2C(=O)c1ccc(Cl)cc1,0
CCC(=O)O[C@@H]1C[C@H]2CC[C@]1(C)C2(C)C,0
O=P(Cl)(Oc1ccccc1)Oc1ccccc1,0
N#Cc1ccc2c(c1)N(CCC[NH+]1CCC(O)CC1)c1ccccc1S2,0
CC1CCC(C(C)C)C(O)C1,0
NC(=O)NC1NC(=O)NC1=O,0
Nc1ccc(S(=O)(=O)[N-]c2ncccn2)cc1,0
C[NH2+][C@@H](C)[C@H](O)c1ccccc1,0
O=[N+]([O-])c1ccccc1C(F)(F)F,0
CC(=O)[C@H]1CC[C@H]2[C@@H]3CC[C@H]4C[C@H](O)CC[C@]4(C)[C@H]3C(=O)C[C@]12C,0
CC(=O)C1(C)CC2=C(CCCC2(C)C)CC1C,0
CCCCCCCCN1CCCC1=O,0
CS/C(C)=N/OC(=O)N(C)SN(C)C(=O)O/N=C(\C)SC,0
C[NH+]1CCC(=C2c3ccccc3CCc3cccnc32)CC1,0
CC[NH+](CC)CCOC(=O)C(C)(c1ccccc1)c1ccccc1,0
O=C([O-])c1cc(=O)c2ccccc2o1,0
Fc1ccc([C@@H]2CC[NH2+]C[C@H]2COc2ccc3c(c2)OCO3)cc1,0
Cc1c(Cl)c(=O)oc2cc(OP(=O)(OCCCl)OCCCl)ccc12,0
O=C(N[C@H](CO)[C@H](O)c1ccc([N+](=O)[O-])cc1)[C-](Cl)Cl,0
CCCC1COC(Cn2cncn2)(c2ccc(Cl)cc2Cl)O1,1
CNNCc1ccc(C(=O)NC(C)C)cc1,0
CC1(C[NH+]2CCC(n3c(=O)[nH]c4ccccc43)CC2)OCc2ccccc2-n2cccc21,1
Cc1cc([O-])c2c(c1)C(=O)c1cc(O)cc([O-])c1C2=O,0
O=C([O-])C(Cl)(Cl)Br,0
c1ccc2c(c1)OCC(C[NH+]1CCCCC1)O2,0
ClC1=C(Cl)C1(Cl)Cl,0
O=C1Cc2cc(CC[NH+]3CCN(c4nsc5ccccc45)CC3)c(Cl)cc2N1,0
O=S(=O)([O-])C(F)(F)F,0
CN(C)C(=O)C(c1ccccc1)c1ccccc1,0
COc1nccnc1NS(=O)(=O)c1ccc(N)cc1,0
CCCCC(CC)COS(=O)(=O)[O-],0
NNC(=O)CCCCC(=O)NN,0
Clc1ccc(C2(Cn3cncn3)OCCO2)c(Cl)c1,0
CCC(C)n1c(=O)[nH]c(C)c(Br)c1=O,0
OC(c1ccc(Cl)cc1)(c1ccc(Cl)cc1)c1cccnc1,0
Nc1c[n+](N2CCOCC2)no1,0
Cc1cc(=O)n(-c2ccccc2)n1C,0
Nc1cccc2c(N)cccc12,0
NC(=[NH2+])NCC1COC2(CCCCC2)O1,0
CCCCCCC(CO)CCCC,0
CCCCCCCCCC#N,0
O=C(OCCOCCOC(=O)c1ccccc1)c1ccccc1,0
CCCCCCCCCCCCCCOS(=O)(=O)[O-],0
O=C([O-])c1ccc2[nH]cc(CCCC[NH+]3CC=C(c4ccccc4)CC3)c2c1,0
O=C1CC[C@H](C(=O)N2CCCCC2)N1,0
CCOC(=O)c1cccnc1,0
OC(c1ccccc1)(c1ccccc1)C1C[NH+]2CCC1CC2,0
C[NH+]1CCN(C2=[NH+]c3ccccc3Cc3ccccc32)CC1,0
CCN(CC)c1ccc(C(=C2C=CC(=[N+](CC)CC)C=C2)c2ccc(S(=O)(=O)[O-])cc2S(=O)(=O)[O-])cc1,1
C=C1[C@H](CO)[C@@H](O)C[C@@H]1n1cnc2c(=O)[nH]c(N)nc21,0
COc1ncnc(NS(=O)(=O)c2ccc(N)cc2)c1OC,0
O=S(=O)(c1ccc(Cl)cc1)c1ccc(Cl)cc1,1
CCCCCCCCCCO[C@@H]1O[C@H](CO)[C@@H](O)[C@H](O)[C@H]1O,0
OC(c1ccc(Cl)cc1)(c1cncnc1)c1ccccc1Cl,0
O=[N+]([O-])c1ccc(F)cc1F,0
Nc1nc(N)nc(NC2CC2)n1,0
Cc1ccc(Cl)cc1Cl,0
C1CCN(C[NH+]2CCCCC2)CC1,0
CCOC(=O)[C@H](CCc1ccccc1)[NH2+][C@@H](C)C(=O)N1[C@H](C(=O)[O-])C[C@@H]2CCC[C@@H]21,0
O=C(CC[NH+]1CCC(c2ccccc2)C1)c1ccc2c(c1)OCCO2,0
OCc1ccc(Cl)cc1Cl,0
CC(C)COC(=O)c1ccccc1O,0
CCOc1ccc(NC(=O)OC(C)C)cc1OCC,0
CC1=Nc2ccccc2C1(C)C,0
O=C([O-])c1cc([O-])c2c(c1)C(=O)c1cccc([O-])c1C2=O,0
CN(N=O)C(=O)N[C@@H]1[C@@H](O)[C@H](O)[C@@H](CO)O[C@@H]1O,0
O=C1c2ccccc2C(=O)N1CCl,0
CCOC(=O)Nc1ccc(NCc2ccc(F)cc2)nc1N,0
Cc1cccc(C)c1NC(=O)CC12CCC[NH+]1CCC2,0
CCCCCSCCCCC,0
CC1=CC(C)C(C=O)C(C)C1,0
CC(C)Nc1nc(N)nc(Cl)n1,0
Cc1nc2ccc(Cl)cc2[nH]1,0
CC(CC(c1ccccc1)c1ccccc1)[NH2+]C(C)(C)C,0
COc1cc2c(N3CCN(C(=O)Nc4ccc(OC(C)C)cc4)CC3)ncnc2cc1OCCC[NH+]1CCCCC1,0
C=C(C)C(=O)OCC(CC)CCCC,0
BrCBr,0
COc1ccc(COC=O)cc1,0
O=C1[NH+]=C2SCCN2C(=O)C1Cc1ccc(Cl)cc1,0
Nc1nc2ccccc2s1,0
C[C@H](CCC(=O)[O-])[C@H]1CC[C@H]2[C@@H]3CC[C@@H]4C[C@H](O)CC[C@]4(C)[C@H]3C[C@H](O)[C@]12C,0
O=C([O-])c1c(Cl)ccc(Cl)c1Cl,0
C#C[C@]1(O)C=C[C@H]2[C@@H]3CCC4=CC(=O)CC[C@@H]4[C@H]3CC[C@@]21CC,0
CC(C)CP(=S)(S)CC(C)C,0
O=c1[nH]c(=O)c2[nH]c(=O)[nH]c2[nH]1,0
CCC(C)(CC)c1cc(NC(=O)c2c(OC)cccc2OC)on1,0
COC(C)COC(C)COC(C)CO,0
Nc1ccc(C(=O)OCCCOC(=O)c2ccc(N)cc2)cc1,0
CN(C)C(=O)Nc1ccc(Cl)cc1,0
CC1=C2C[C@H]3[C@@H](CC=C4C[C@@H](O)CC[C@@]43C)[C@@H]2CC[C@]12O[C@@H]1C[C@H](C)C[NH2+][C@H]1[C@H]2C,0
CC1(C)S[C@@H]2[C@H](NC(=O)[C@H](NC(=O)N3CCN(S(C)(=O)=O)C3=O)c3ccccc3)C(=O)N2[C@H]1C(=O)[O-],0
CCC(=O)OC/C=C/c1ccccc1,0
C=C(C)C(=O)OCC[N+](C)(C)C,0
COP(=S)(OC)Oc1ccc([N+](=O)[O-])cc1,0
CC1(C)S[C@@H]2[C@H](NC(=O)COc3ccccc3)C(=O)N2[C@H]1C(=O)[O-],0
C[C@]12CC[C@H]3[C@@H](CCC4=CC(=O)CC[C@@]43C)[C@@H]1CC[C@@H]2C(=O)CO,0
COC(=O)N/N=C/c1c[n+]([O-])c2ccccc2[n+]1[O-],0
CC1(C)CON(Cc2ccccc2Cl)C1=O,0
CCOP(=S)(OCC)Oc1cnc2ccccc2n1,0
CC(C)(C)C1CCCCC1=O,0
CC(=O)OC(C)C[N+](C)(C)C,0
CCOC(=O)CCc1ccccc1,0
O=C([O-])/C=C/c1ccc(O)c(O)c1,0
CC[N+](CC)(CC)CCOC(=O)C(C1CCCC1)C1CCCC1,0
Cc1cccc([N+](=O)[O-])c1[N+](=O)[O-],0
CCOP(=S)(OCC)OC(Cl)C(Cl)(Cl)Cl,0
ClP(Cl)c1ccccc1,0
CCCCS(=O)(=O)N[C@@H](Cc1ccc(OCCCCC2CC[NH2+]CC2)cc1)C(=O)[O-],0
NC1=[NH+]C(=O)C(c2ccccc2)O1,0
COc1ccc2ccccc2c1,0
NC(=O)c1ncn([C@@H]2O[C@H](CO)[C@@H](O)[C@H]2O)n1,0
CC(C)(C)c1ccccc1O,0
CCCC[NH+]1CCCC[C@H]1C(=O)Nc1c(C)cccc1C,0
CC(=O)OC1C2(C)CCC(C2)C1(C)C,0
C[C@@H]1CCN(C(=O)[C@H](CCCNC(N)=[NH2+])NS(=O)(=O)c2cccc3c2NC[C@H](C)C3)[C@@H](C(=O)[O-])C1,0
O=C(c1ccc(O)cc1)c1ccc(O)c(O)c1O,0
C/C(=C(/CCOP(=O)([O-])[O-])SC(=O)c1ccccc1)N(C=O)Cc1cnc(C)nc1N,0
Clc1cccc(Cl)c1[NH+]=C1NCCN1,0
OCCOc1cccc(OCCO)c1,0
CC1=C2[C@@H]([C@H](C)CC[C@H]2/C=C(\C)C(=O)[O-])[C@H](O)C1,0
CN(C)C(=O)Nc1cccc(OC(=O)NC(C)(C)C)c1,0
CCn1cc[nH+]c1CC1COc2ccccc2O1,0
C[C@]12CC[C@@H]3c4ccc(OS(=O)(=O)[O-])cc4CC[C@H]3[C@@H]1CCC2=O,0
CCOC(=O)C1(c2ccccc2)CCC[NH+](C)CC1,0
CN1CC[NH+](CCC(=O)N2c3ccccc3Sc3ccc(C(F)(F)F)cc32)CC1,0
CCCC(=O)OCCC(C)C,0
CC(C)=CCOC(=O)c1ccccc1,0
[NH3+]C[C@H](O)c1ccc(O)c(O)c1,0
[NH3+][C@H]1C(O)O[C@H](CO)[C@@H](O)[C@@H]1O,0
Clc1ccc(Nc2nnc(Cc3ccncc3)c3ccccc23)cc1,1
Cn1cnc2c1c(=O)[nH]c(=O)n2C,0
CCC(C)c1nccnc1OC,0
CCn1cc(C(=O)[O-])c(=O)c2cc(F)c(N3CC[NH2+]CC3)cc21,0
Cc1ccc(Nc2c(F)cccc2Cl)c(CC(=O)[O-])c1,0
CC(C)[NH2+]C(C)Cc1ccc(I)cc1,0
Cc1ccc(-c2nc3ccc(C)cn3c2CC(=O)N(C)C)cc1,0
c1cnc2cc3c(cc2n1)C1C[NH2+]CC3C1,0
CC1CCCC(C)N1NC(=O)c1ccc(Cl)c(S(N)(=O)=O)c1,0
O=C1NCN(c2ccccc2)C12CC[NH+](CC1COc3ccccc3O1)CC2,0
CCC(CC)Nc1c([N+](=O)[O-])cc(C)c(C)c1[N+](=O)[O-],0
O=[N+]([O-])c1ccc2c3c(cccc13)CC2,0
C[NH+]1CCCC(n2nc(Cc3ccc(Cl)cc3)c3ccccc3c2=O)CC1,0
CCN(CC)C(=O)/C(Cl)=C(\C)OP(=O)(OC)OC,0
CC[N+](CC)(CCNC(=O)C(=O)NCC[N+](CC)(CC)Cc1ccccc1Cl)Cc1ccccc1Cl,0
CC(COCC(C)OC(=O)c1ccccc1)OC(=O)c1ccccc1,0
O=c1[nH]cnc2c1ncn2[C@H]1CC[C@@H](CO)O1,0
CC(C)(C)C(O)C(Cc1ccc(Cl)cc1)n1cncn1,0
CCCCCCCCO[C@@H]1O[C@H](CO)[C@@H](O)[C@H](O)[C@H]1O,0
CC(C)(C)C(=O)CC(=O)C(C)(C)C,0
Cc1cc(-c2ccccc2)nnc1NCC[NH+]1CCOCC1,0
C=CC(C)CCCC(C)(C)O,0
CCOC(=O)C1OC1c1ccccc1,0
IC(I)I,0
CCN1C(=O)c2ccccc2C1Nc1ccc(OCC[NH+]2CCCCC2)cc1,0
Cc1noc(NS(=O)(=O)c2ccc(N)cc2)c1C,0
O=C1c2ccccc2C(=O)C1c1ccc(Br)cc1,0
O=C([O-])c1cccc(C[C@@H]2COc3ccc(OCc4nc5cc(F)ccc5s4)cc3[C@@H]2O)c1,0
CNC(=O)Oc1ccccc1C1OCCO1,0
Cc1ccc(S(=O)(=O)[O-])cc1C,0
CC(=O)C(Cl)C(=O)N(C)C,0
CNC(=O)/C=C(\C)OP(=O)(OC)OC,0
CC(C)(C)C(O)/C=C/c1ccc2c(c1)OCO2,0
CC(C)(C)[NH2+]CC(O)CSc1nc(-c2ccc(C(N)=O)s2)cs1,0
O=S(=O)([O-])c1ccccc1/C=C/c1ccc(-c2ccc(/C=C/c3ccccc3S(=O)(=O)[O-])cc2)cc1,0
C=CCC1=C(C)C(OC(=O)C2C(C=C(C)C)C2(C)C)CC1=O,1
CCc1cc2c(s1)-n1c(C)nnc1CN=C2c1ccccc1Cl,1
COc1ccc(/C=N/NC(=O)c2ccncc2)cc1OC,0
C[C@]12C=CC3=C4CCC(=O)C=C4CC[C@H]3[C@@H]1CC[C@@H]2O,0
C[C@]12CCC(=O)C[C@@H]1CC[C@@H]1[C@@H]2CC[C@@]2(C)[C@H]1CC[C@]2(C)O,0
CC1(C)Cc2cccc(O)c2O1,0
O=C([O-])CCCCCCCCCCCC(=O)[O-],0
CNC(=O)Oc1cccc(C(C)C)c1,0
CCCCOCCOCCOCCOCCO,0
Cc1ccccc1CNc1ncnc2c1ncn2[C@@H]1O[C@H](CO)[C@@H](O)[C@H]1O,0
Cc1ccc(S(=O)(=O)NC(=O)NC2CCCC2)cc1,0
O=C(NC(O)C(Cl)(Cl)Cl)NC(O)C(Cl)(Cl)Cl,0
CC(=O)Oc1cc(C)c(OC(C)=O)c2ccccc12,0
COc1ccc2[nH]c(S(=O)Cc3ncc(C)c(OC)c3C)nc2n1,0
c1ccc([C@H]2CN3CCSC3=[NH+]2)cc1,0
Cc1nnc(C(=O)NC(C)(C)c2nc(C(=O)NCc3ccc(F)cc3)c([O-])c(=O)n2C)o1,0
CCCCCCOC(=O)C(C)CC,0
CCCCCCCCCCOCC(O)C[NH3+],0
CC(C)N(C(=O)CCl)c1ccccc1,1
Cc1ncc(C[n+]2csc(CCO)c2C)c(N)n1,0
COC(=O)[C@@H]1[C@H]2C[C@H]3c4[nH]c5ccccc5c4CC[NH+]3C[C@@H]2CC[C@@H]1O,0
Cc1ccc(N(CCO)CCO)cc1,0
O=[N+]([O-])C(Br)(CO)CO,0
C[N+](C)(C)CCCCCC[N+](C)(C)C,0
Cc1cccc(Nc2cc(Cl)nc(SCC(=O)[O-])n2)c1C,0
CC12CCCC=C1C(=O)OC2=O,0
COC(=O)Nc1nc2ccccc2[nH]1,0
C[NH+](C)CC[C@@H](c1ccc(Cl)cc1)c1ccccn1,0
CCOC(=O)CC(C(C)=O)C(C)=O,0
CC(C)=CCC[C@](C)(O)[C@@H]1CC=C(C)CC1,0
CCCCOCCOCCOCCO,0
CCCCOCCOCCO,0
CCCCS(=O)(=O)Cl,0
CC(C)[C@H]1CC[C@H](C)C[C@@H]1O,0
O=C(Cl)/C=C/C(=O)Cl,0
CCCCc1nc(Cl)c(CO)n1Cc1ccc(-c2ccccc2-c2nnn[n-]2)cc1,0
NC(=O)[N-]S(=O)(=O)c1ccc(N)cc1,0
CN/C(=N\C#N)NCCSCc1nc[nH]c1C,0
NNS(=O)(=O)c1ccc(Oc2ccc(S(=O)(=O)NN)cc2)cc1,0
CCOC(=O)c1cncn1C(C)c1ccccc1,0
Cc1ccc(O)c2ncccc12,0
CC(C=O)Cc1ccc(C(C)C)cc1,0
CCOc1cc(C=O)ccc1O,0
N#CCCN(CCO)CCO,0
O=NN(CCCl)C(=O)NCCCl,0
CC1(C)C(=O)N(Cl)C(=O)N1Br,0
CCCCC(CC)C(=O)Cl,0
Cn1cc(NC(=O)c2cc(NC(=O)c3cc(NC=O)cn3C)cn2C)cc1C(=O)NCCC(N)=[NH2+],0
O=C1CC[C@@H](C(=O)N[C@H]2C[C@@H]2c2ccccc2)N1,0
COc1ccc(CC[NH2+]CC(O)COc2cccc(C)c2)cc1OC,0
O=C1Nc2ccc(Cl)cc2C(c2ccccc2Cl)=NC1O,0
C#CCOC(C(=O)OCC[NH+](C)C)(c1ccccc1)c1ccccc1,0
CC12CC3CC(C)(C1)CC([NH3+])(C3)C2,0
CCOC(=O)COc1ccc2c(C)c(CC[NH+](CC)CC)c(=O)oc2c1,0
O=C([O-])c1cccc(Oc2ccccc2)c1,0
C[C@H]1C[NH2+]CCc2ccc(Cl)cc21,0
Cc1ccc([NH+]=CN(C)C=[NH+]c2ccc(C)cc2C)c(C)c1,0
CC(=O)OC1CCCCC1C(C)(C)C,0
C[NH+](C)CCCCCC[NH+](C)C,0
O=C(Cl)c1c(Cl)c(Cl)c(C(=O)Cl)c(Cl)c1Cl,0
C[NH+]1CCC(CN2c3ccccc3Sc3ccccc32)C1,0
O=C(Nc1ccc(S(=O)(=O)N2CCOCC2)cc1)c1cc(Cl)ccc1NS(=O)(=O)c1ccc(Cl)s1,0
C1CN(SSN2CCOCC2)CCO1,0
O=Cc1c(Cl)cccc1Cl,0
O=C(c1ccccc1)C1(O)CCCCC1,0
OCCC(F)(F)C(F)(F)C(F)(F)C(F)(F)C(F)(F)C(F)(F)F,0
COC(=O)/C=C/c1ccccc1,0
CC(C)(C)C(=O)C(Oc1ccc(Cl)cc1)n1ccnc1,0
COC(=O)CCCCC(=O)[O-],0
CCC1(c2ccccc2)C(=O)N(COC)C(=O)N(COC)C1=O,0
Nc1cc(Cl)cc(C(=O)[O-])c1Cl,0
C[NH+](C)[C@@H]1C([O-])=C(C(N)=O)C(=O)[C@@]2(O)C([O-])=C3C(=O)c4c([O-])cccc4[C@@](C)(O)[C@H]3[C@H](O)[C@@H]12,0
CCOC(=O)[C@H](CCc1ccccc1)[NH2+][C@@H](C)C(=O)N1Cc2ccccc2C[C@H]1C(=O)[O-],0
Cc1cc(=O)oc2cc(O)cc(O)c12,0
C/C=C/C=N/NC(=O)c1ccncc1,0
CC(C)Cc1ccc([C@@H](C)C(=O)NS(C)(=O)=O)cc1,0
Cc1cc(C(C)(C)C)cc(C)c1CC1=[NH+]CCN1,0
Cn1nnc2c(C(N)=O)ncn2c1=O,0
O[C@@H]([C@H](O)[C@H](O)CBr)[C@H](O)CBr,0
O=C([O-])c1cc2ccccc2cc1O,0
CC(C)(OOC(C)(C)c1ccccc1)c1ccccc1,0
CCc1ccc(Br)cc1,0
O=Cc1ccc(Cl)c(Cl)c1,0
CCCCOC(=O)COc1ccc(Cl)cc1Cl,0
CO/N=C(/C(=O)OC)c1ccccc1CO/N=C(\C)c1cccc(C(F)(F)F)c1,1
CC1=CCC(O)(C(C)C)CC1,0
CC(=O)Nc1ccc(S(=O)(=O)Cl)cc1,0
OC[C@@H](O)[C@H]1O[C@@H]2O[C@H](C(Cl)(Cl)Cl)O[C@@H]2[C@H]1O,0
C=C1c2cccc([O-])c2C(=O)C2=C([O-])[C@]3(O)C(=O)C(C(N)=O)=C([O-])[C@@H]([NH+](C)C)[C@@H]3[C@@H](O)[C@H]12,0
Nc1ccc(S(=O)(=O)[O-])cc1,0
CC1CC(OC(=O)c2ccccc2O)CC(C)(C)C1,0
CC(=O)N[C@@H](Cc1ccc(O)cc1)C(=O)[O-],0
C=CC(=C)CCCC(C)(C)OC(C)=O,0
CCOP(=S)(OCC)SC(CCl)N1C(=O)c2ccccc2C1=O,0
COc1c2occc2c(OC)c2c(=O)cc(C)oc12,0
CC(C)(C)C(=O)NCCCC(=O)[O-],0
C[NH2+]CCCCOc1ccccc1Cc1ccccc1,0
Cc1ccc(N)c([N+](=O)[O-])c1,0
CC(C)(Oc1ccc(C2CCCc3ccccc32)cc1)C(=O)[O-],0
Cc1cnc(C(=O)[O-])c[n+]1[O-],0
O=C1c2c([O-])cccc2Cc2cccc([O-])c21,0
CC1(COc2ccc(CC3SC(=O)[N-]C3=O)cc2)CCCCC1,0
COc1cc(C(=O)OC(COCCC(C)C)C[NH+]2CCOCC2)cc(OC)c1OC,0
CCCCNS(=O)(=O)c1ccc(C)cc1,0
O=S(=O)([O-])CCC[NH+]1CCOCC1,0
Cc1cc(Cl)ccc1OC(C)C(=O)[O-],0
CC12CCC(C(=O)C1=O)C2(C)C,0
CC(C)C[P+](C)(CC(C)C)CC(C)C,0
C=CCOC(=O)CCCCCC,0
O=C([O-])CCN(C1(C(=O)NO)CCCC1)S(=O)(=O)c1ccc(Oc2ccc(F)cc2)cc1,0
Oc1cc(O)c2c(c1)O[C@H](c1ccc(O)c(O)c1)[C@H](O)C2,0
COc1ccc([N+](=O)[O-])cc1N,0
O=C([O-])c1ccc(Cl)c(Cl)c1,0
C[C@H]1[C@H](OC(=O)CCC(=O)[O-])O[C@@H]2O[C@@]3(C)CC[C@H]4[C@H](C)CC[C@@H]1C24OO3,0
CC1(C)[C@H](C(=O)[O-])N2C(=O)C[C@H]2S1(=O)=O,0
CC[NH+](CC)CCOC(=O)C(O)(c1ccccc1)c1ccccc1,0
CC(C)N1C(=O)c2ccccc2NS1(=O)=O,0
CCCCc1nc2cccnc2n1Cc1ccc(-c2ccccc2-c2nnn[n-]2)cc1,0
CCCCC(CC)COC(=O)c1ccccc1O,0
CCn1nc(C)c2c1C(=O)NCC(c1ccc(O)cc1)=N2,0
CC(=O)CC(=O)Nc1ccc(C)cc1C,0
OC[P+](CO)(CO)CO,0
[O-]c1c(Cl)cccc1Cl,0
CC(C)[N+](C)(CCC(C(N)=O)(c1ccccc1)c1ccccc1)C(C)C,0
O=C(Cl)c1ccccc1[N+](=O)[O-],0
CN(CC1(C)CCCO1)S(=O)(=O)c1ccc(Cl)c(S(N)(=O)=O)c1,0
O=C([O-])/C=C/c1ccc(/C=C/C(=O)[O-])cc1,0
CCCCC(CC)COCC1CO1,0
NS(=O)(=O)Cc1noc2ccccc12,0
CC(C)(S)C(=O)N[C@@H](CS)C(=O)[O-],0
C=C(C)[C@@H]1CC[C@@H](C)C[C@@H]1O,0
C=C(C)C(=O)OCCOC(=O)C(=C)C,0
c1ccc2c(c1)Nc1ccccc1S2,0
CCCCO[PH](=O)OCCCC,0
CCC[C@H]([NH2+][C@@H](C)C(=O)N1[C@H](C(=O)[O-])C[C@@H]2CCCC[C@@H]21)C(=O)OCC,0
CC(=O)[C@H]1CC[C@H]2[C@@H]3CC[C@H]4C[C@](C)(O)CC[C@]4(C)[C@H]3CC[C@]12C,0
CCC(C)COC(=O)CC(C)C,0
CC(=O)OC1C[NH+]2CCC1CC2,0
CCCCCOC(=O)CCCCC,0
FC(F)(F)c1cccc(Cl)c1,0
C[C@H]1CC[C@]2([NH2+]C1)O[C@H]1C[C@H]3[C@@H]4CC[C@H]5C[C@@H](O)CC[C@]5(C)[C@H]4CC[C@]3(C)[C@H]1[C@@H]2C,0
CCOP(=O)(OCC)Oc1ccc([N+](=O)[O-])cc1,0
CC12CCC(CC1)C(C)(C)O2,0
CN(C(=O)Cc1ccccc1)[C@H]1CC[C@@]2(CCCO2)C[C@@H]1[NH+]1CCCC1,0
O=C1OC(=O)C2C3C=CC(C3)C12,0
CC(=O)CN(CC(C)=O)N=O,0
Nc1nc(=O)n([C@@H]2CS[C@H](CO)O2)cc1F,0
CC(C)NC(=O)N1CC(=O)N(c2cc(Cl)cc(Cl)c2)C1=O,0
CCCC(=O)Nc1ccc(OCC(O)C[NH2+]C(C)C)c(C(C)=O)c1,0
COc1ccccc1OC(=O)Oc1ccccc1OC,0
C=CC1(C)CC(OC(=O)CO)C2(C)C(C)CCC3(CCC(=O)C32)C(C)C1O,0
C[NH+]1CC(O)C2=C/C(=N/NC(N)=O)C(=O)C=C21,0
CCN(CC)c1nc(C)cc(OP(=S)(OC)OC)n1,0
Cc1[nH+]cc2n1-c1ccc(Cl)cc1C(c1ccccc1F)=NC2,1
O=C(CCBr)N1CCN(C(=O)CCBr)CC1,0
C=Cc1ccc(OC(C)=O)cc1,0
CC[NH+]1CCCC(OC(=O)C(c2ccccc2)c2ccccc2)C1,0
Cc1cccc(C)c1NC1=[NH+]CCCS1,0
CCOC(=O)Nc1c[n+](N2CCOCC2)no1,0
OCCCCCCCCCCCCBr,0
CCCc1ccc(C(=O)[O-])cc1,0
[N-]=[N+]=C1C=Cc2c(cccc2S(=O)(=O)[O-])C1=O,0
ClCCOCCOCCCl,0
CCCCc1ccc(C(=O)[O-])nc1,0
CC1CCC(C(C)C)C(OC(=O)c2ccccc2O)C1,0
C[NH+]1CC[C@@]23CCCC[C@@H]2[C@@H]1Cc1ccc(O)cc13,0
CN1C(CSCC(F)(F)F)Nc2cc(Cl)c(S(N)(=O)=O)cc2S1(=O)=O,0
CCCCOC(=O)c1ccccc1C(=O)[O-],0
CN1C(=O)CCS(=O)(=O)C1c1ccc(Cl)cc1,0
O=C([O-])CCCCCC[NH2+]C1c2ccccc2CCc2ccccc21,0
BrCC(Br)C1CCC(Br)C(Br)C1,0
c1ccc(-c2ccccn2)nc1,0
C[NH+](C)CCOC(C)(c1ccccc1)c1ccccn1,0
Cc1cccc(C)c1NC(=O)C[NH+]1CCCCCC1,0
CC1=C(C(=O)[O-])N2C(=O)[C@@H](NC(=O)[C@H]([NH3+])C3=CCC=CC3)[C@H]2SC1,0
Cc1cc(Cl)c(C)cc1Cl,0
C=CCn1c(=O)n([C@@H]2O[C@H](CO)[C@@H](O)[C@H]2O)c2nc(N)[nH]c(=O)c21,0
O=P([O-])([O-])CP(=O)([O-])[O-],0
CCC(C)C(C(=O)OCC[N+](C)(CC)CC)c1ccccc1,0
CC(C)c1c(C[NH+](C)C(C)Cc2ccccc2)n(C)n(-c2ccccc2)c1=O,0
BrCc1ccc(Br)cc1,0
C[N+]12CCC(CC1)C(OC(=O)C(O)(c1ccccc1)c1ccccc1)C2,0
CC(C#N)(CCC(=O)[O-])/N=N/C(C)(C#N)CCC(=O)[O-],0
COC(=O)COc1ccc(Cl)cc1Cl,0
C/C=C(\C)C(=O)OCC/C=C\CC,0
O=C(NC[NH+]1CCOCC1)c1cnccn1,0
CCCC[n+]1ccc(C)cc1,0
C[NH+](C)CCN(Cc1ccccc1)c1ccccn1,0
O=C(Cl)c1c(Cl)cccc1Cl,0
COc1ccc2c(c1OC)C[NH+]1CCc3cc4c(cc3C1C2)OCO4,0
C[C@@H](CN1CC(=O)NC(=O)C1)[NH+]1CC(=O)NC(=O)C1,0
C[NH+](C)CCOC(c1ccccc1)c1ccccc1,0
[NH3+]C(Cc1ccc(F)cc1)C(=O)[O-],0
CCCCCN(CCCCC)C(=O)C(CCC(=O)[O-])NC(=O)c1ccc(Cl)c(Cl)c1,0
CC1(C)Cc2cccc(N)c2O1,0
CCCCCCCCCCCC[N+](C)(C)CC(=O)[O-],0
CCCCCCCCCCC=CC1CC(=O)OC1=O,0
N#CCc1cccc(C(F)(F)F)c1,0
CCNS(=O)(=O)C(F)(F)C(F)(F)C(F)(F)C(F)(F)C(F)(F)C(F)(F)C(F)(F)C(F)(F)F,0
Cn1c(=O)c2c(ncn2CC(O)CO)n(C)c1=O,0
O=C(c1ccccc1O)c1ccccc1O,0
CC(Br)C(=O)[O-],0
[NH3+][C@@H](Cc1ccc(O)cc1)C(=O)[O-],0
CC(=O)O[C@]1(C(C)=O)CC[C@H]2[C@@H]3C=C(Cl)C4=CC(=O)[C@@H]5C[C@@H]5[C@]4(C)[C@H]3CC[C@@]21C,0
C[NH+]1CCN(c2c(F)cc3c(=O)c(C(=O)[O-])cn(CCF)c3c2F)CC1,0
C=CCOCC(CO)(COCC=C)COCC=C,0
C=CCOC(=O)c1ccccc1C(=O)OCC=C,0
Oc1cc(Cl)c(Cl)cc1Cl,0
C[NH2+][C@@H]1C[C@@H](c2ccc(Cl)c(Cl)c2)c2ccccc21,0
COc1cc(C(=S)N2CCOCC2)cc(OC)c1OC,0
O=Cc1cccc([N+](=O)[O-])c1,0
O=C([O-])CCc1ccccc1,0
NC(=O)[C@@H]1C[C@]2(NC(=O)NC2=O)c2cc(F)ccc2O1,0
Cn1cnc2c(=O)nc(N)[nH]c21,0
CCN(CCC#N)c1ccccc1,0
O=C(C(=O)c1ccc(Br)cc1)c1ccc(Br)cc1,0
CN1CC[NH+](CCCN2c3ccccc3Sc3ccccc32)CC1,0
COc1cc2nc(N(C)CCCNC(=O)C3CCCO3)nc(N)c2cc1OC,0
CCCCc1ccc(Cl)cc1,0
OCCSc1ccccc1,0
[NH3+][C@@H](Cc1cc(I)c(Oc2cc(I)c([O-])c(I)c2)c(I)c1)C(=O)[O-],0
Cc1nc2ccc(CN(C)c3ccc(C(=O)N[C@@H](CCC(=O)[O-])C(=O)[O-])s3)cc2c(=O)[nH]1,0
CC(C)CC(C)CC(O)CC(C)C,0
C/C(=N/C#N)N(C)Cc1ccc(Cl)nc1,0
CCCC[N+](C)(CCCC)CCCC,0
CCCCNc1c(C(=O)OCC)c(C)[nH+]c2c1cnn2CC,0
C[C@@H](CSC(=O)c1ccccc1)C(=O)N1C[C@@H](Sc2ccccc2)C[C@H]1C(=O)[O-],0
O=C([O-])c1snc(Cl)c1Cl,0
O=C(CCC[NH+]1CCC(O)(c2cccc(C(F)(F)F)c2)CC1)c1ccc(F)cc1,0
CCOP(=S)(OCC)Oc1nc(Cl)c(Cl)cc1Cl,0
Nc1cccc2c(O)nnc(O)c12,0
C[C@H]1[NH2+]Cc2cc(-c3ccc4c(=O)c(C(=O)[O-])cn(C5CC5)c4c3OC(F)F)ccc21,0
O=P([O-])([O-])C(Cl)(Cl)P(=O)([O-])[O-],0
CCC[NH+]1CCC[C@@H]2Cc3n[nH]cc3C[C@H]21,0
O=C1CCC(c2ccccc2)(C2CC[NH+](Cc3ccccc3)CC2)C(=O)N1,0
CC(=O)Oc1ccccc1C(=O)[O-],0
O=C1c2ccccc2-c2ccccc21,0
CCCOc1nn(C(=O)NS(=O)(=O)c2ccccc2C(=O)OC)c(=O)n1C,0
CC(C)(C)OC(=O)N1C[C@@H](F)C[C@H]1C(=O)[O-],0
CC(=O)Nc1cccc(O)c1,0
O=P(OC(CCl)CCl)(OC(CCl)CCl)OC(CCl)CCl,0
CC(C=O)Cc1ccc2c(c1)OCO2,0
O=c1[nH]c(=O)n([C@H]2C[C@H](O)[C@@H](CO)O2)cc1/C=C/Br,0
NC(=[NH2+])c1ccc(/C=C/c2ccc(C(N)=[NH2+])cc2O)cc1,0
CCCCNC(=O)NS(=O)(=O)c1ccc(C)cc1,0
CC(C)[NH2+]CC(O)c1ccc(O)c(O)c1,0
CC(C)(C)C(=O)OCOC(=O)[C@@H]1N2C(=O)[C@@H]([NH+]=CN3CCCCCC3)[C@H]2SC1(C)C,0
CC(C)C(=O)Nc1ccc([N+](=O)[O-])c(C(F)(F)F)c1,1
CC(C)(O)CCCC1=CCC(C=O)CC1,0
CC(C[NH+](C)C)C(C)(O)Cc1ccc(Cl)cc1,0
CC1CCC(C(C)CS)CC1S,0
C[C@H]1C[C@H]2[C@@H]3CCC4=CC(=O)C=C[C@]4(C)[C@H]3C(=O)C[C@]2(C)[C@@]1(O)C(=O)CO,0
BrC(Br)Br,0
CC1(C)C(=O)NC(=O)N1CO,0
O=C([O-])COc1ccc(C(=O)c2cccs2)c(Cl)c1Cl,0
CCCCNC(=S)NCCCC,0
O=C([O-])c1ccccc1C(c1ccc(O)cc1)c1ccc(O)cc1,0
C#CC(O)C(CC)CCCC,0
CCC1(c2ccccc2)C(=O)NC(=O)N(C)C1=O,0
C[N+]1(CCC(C(N)=O)(c2ccccc2)c2ccccc2)CCCCC1,0
CCOc1ccc2c(c1)C(C)CC(C)(C)N2,0
CCC(C)(C)C1CCC(OC)CC1,0
CC(C)C1=CC2=CC[C@@H]3[C@](C)(CCC[C@@]3(C)C(=O)[O-])[C@H]2CC1,0
CCCc1nn(C)c2c(=O)[nH]c(-c3cc(S(=O)(=O)N4CC[NH+](C)CC4)ccc3OCC)nc12,0
CO[C@@]1(NC(=O)Cc2cccs2)C(=O)N2C(C(=O)[O-])=C(COC(N)=O)CS[C@@H]21,0
CC(=O)Nc1c(I)c(NC(C)=O)c(I)c(C(=O)[O-])c1I,0
C[NH+]1CCC[C@@H]1Cc1c[nH]c2ccc(CCS(=O)(=O)c3ccccc3)cc12,0
ClC1=C(Cl)[C@]2(Cl)[C@@H]3[C@H]4C[C@H]([C@@H]5O[C@H]45)[C@@H]3[C@@]1(Cl)C2(Cl)Cl,0
CN(C)/N=N/c1nc[nH]c1C(N)=O,0
CCOc1ccccc1O[C@H](c1ccccc1)[C@H]1C[NH2+]CCO1,0
CN1C(=O)[C@@H](NC(=O)c2cc3ccccc3[nH]2)N=C(c2ccccc2)c2ccccc21,1
CC(C)CN(C[C@@H](OP(=O)([O-])[O-])[C@H](Cc1ccccc1)NC(=O)O[C@H]1CCOC1)S(=O)(=O)c1ccc(N)cc1,0
O=C([O-])c1cc(-c2ccc(F)cc2F)ccc1O,0
CCN(CC)C(=O)[C@@H]1C=C2c3cccc4[nH]cc(c34)C[C@H]2[NH+](C)C1,0
CC(O)COc1ccccc1,0
O=C([O-])CCC(=O)Nc1ccc(S(=O)(=O)Nc2nccs2)cc1,0
CC(=O)N1CCN(c2ccc(OC[C@H]3CO[C@](Cn4ccnc4)(c4ccc(Cl)cc4Cl)O3)cc2)CC1,1
NC(=O)OCC(COC(N)=O)c1ccccc1,0
COc1cc2c(c(OC)c1OC)-c1c(cc3c(c1OC)OCO3)C[C@@H](C)[C@](C)(O)C2,0
CC(COc1ccc(C(C)(C)C)cc1)OS(=O)OCCCl,0
COc1ccc(S(=O)(=O)N2c3ccc(Cl)cc3[C@@](O)(c3ccccc3Cl)[C@H]2C(=O)N2CCC[C@@H]2C(N)=O)cc1OC,0
COc1nc(C)nc(Cl)c1NC1=[NH+]CCN1,0
[NH3+][C@@H](Cc1cc(I)c([O-])c(I)c1)C(=O)[O-],0
CO/N=C(\C(=O)N[C@@H]1C(=O)N2C(C(=O)[O-])=C(C[N+]3(C)CCCC3)CS[C@H]12)c1csc(N)n1,0
OC1CCCCCCCCCCC1,0
CCNc1nc(NCC)nc(SC)n1,0
CCS(=O)(=O)CCn1c([N+](=O)[O-])cnc1C,0
CN1C(=O)CC[C@H]1c1cccnc1,0
COc1nn(CSP(=S)(OC)OC)c(=O)s1,0
COC(=O)c1ccc(C(=O)OC)c(C(=O)OC)c1,0
COc1cc(-c2ccc(N)c(OC)c2)ccc1N,0
C[C@@H]1CC2(OC3C[C@@]4(C)C5=CC[C@H]6C(C)(C)C(O[C@@H]7OC[C@@H](O)[C@H](O)[C@H]7O)CC[C@@]67C[C@@]57CC[C@]4(C)C31)OC(O)C1(C)OC21,0
N#Cc1ccc(N(CC(N)=O)CC(F)(F)F)cc1C(F)(F)F,0
CCCCCNC(=[NH2+])N/N=C/c1c[nH]c2ccc(OC)cc12,0
COC(=O)c1ccc(C(=O)OC)cc1,0
Cc1cccc(C)c1OCC(=O)N[C@@H](Cc1ccccc1)[C@@H](O)C[C@H](Cc1ccccc1)NC(=O)[C@H](C(C)C)N1CCCNC1=O,0
CNC(=O)O/N=C(\CSC)C(C)(C)C,0
O=c1[nH]c2cc(C(F)(F)F)c(N3CCOCC3)cc2n(CP(=O)([O-])[O-])c1=O,0
CCCCOC(=O)c1ccccc1N,0
c1ccc2c(c1)Sc1ccccc1N2CC[NH+]1CCCC1,0
CC[NH+](CC)CCNC(=O)c1cc(S(C)(=O)=O)ccc1OC,0
CC(C)N(Cc1ccccc1)C(=O)C(C)(C)C,0
Nc1cc(Cl)c([O-])c(Cl)c1,0
CC(C)(C)OC(=O)c1ncn2c1[C@@H]1CCCN1C(=O)c1c(Br)cccc1-2,0
O=C(C(=O)c1ccco1)c1ccco1,0
O=C(CS(=O)C(c1ccccc1)c1ccccc1)NO,0
N#CC(Br)Br,0
C[NH+]1CCCCC1CCN1c2ccccc2Sc2ccc(S(C)=O)cc21,0
C=C(C)[C@H]1CC=C(C)C(=O)C1,0
NS(=O)(=O)c1ccc(NC(=O)CCC(=O)[O-])cc1,0
COc1ccc(COC(C)=O)cc1,0
CC(C)[NH2+]CC1CCc2cc(CO)c([N+](=O)[O-])cc2N1,0
CCCCCCCCCOCC1CO1,0
CC(C)[N+](C)(C)CC(O)COc1cccc2ccccc12,0
CC(C)(Oc1ccc(CCNC(=O)c2ccc(Cl)cc2)cc1)C(=O)[O-],0
CC1(C)[C@H](C=C(Cl)Cl)[C@H]1C(=O)OCc1c(F)c(F)cc(F)c1F,0
Cc1cc(C)c(C(=O)[O-])c(C)c1,0
O=C([O-])CCNC(=O)c1ccccc1,0
COc1ccc(C[C@H](C)[NH2+]C[C@@H](O)c2ccc(O)c(NC=O)c2)cc1,0
CC(C)CN(C[C@@H](O)[C@H](Cc1ccccc1)NC(=O)O[C@H]1CO[C@H]2OCC[C@H]21)S(=O)(=O)c1ccc(N)cc1,0
CNC(=O)CSP(=S)(OC)OC,0
N#CCc1ccccc1[N+](=O)[O-],0
O=C1CCC(N2C(=O)c3ccccc3C2=O)C(=O)N1,0
Nc1nc(N)c(-c2ccccc2)s1,0
CCOP(OCC)OCC,0
Nc1cc(Cl)c(NC2=[NH+]CCN2)c(Cl)c1,0
CCC([NH3+])Cc1c[nH]c2ccccc12,0
ClC1=C(Cl)C2(Cl)C3C4OC4C(Cl)C3C1(Cl)C2(Cl)Cl,0
CCN(CC#N)c1cccc(C)c1,0
C#C[C@]1(O)CC[C@H]2[C@@H]3CCC4=CC(=O)CC[C@@H]4[C@H]3CC[C@@]21C,0
CCCCC(O)c1ccccc1,0
COc1cccc(OC)c1C(=O)[O-],0
O=C(C=Cc1ccc(O)c(O)c1)O[C@@H]1C[C@](O)(C(=O)[O-])C[C@@H](O)[C@H]1O,0
CCN(CC)c1ccc2c(C)cc(=O)oc2c1,0
CNC(=O)O/N=C/C(C)(C)S(C)=O,0
COP(N)(=S)Oc1ccccc1C(=O)OC(C)C,0
C[NH+]1CCN(C2=[NH+]c3ccccc3Oc3ccc(Cl)cc32)CC1,0
CC(COc1ccccc1)NN,0
Cc1ncc(CSSCc2cnc(C)c(O)c2CO)c(CO)c1O,0
C=C(C)C(=O)OCCOCC,0
CC(C)(O)CCc1ccccc1,0
CCCSP(=S)(OCC)Oc1ccc(SC)cc1,0
CCCCc1cc2ccccc2c(OCC[NH+](C)C)n1,0
Nc1ccc2c(O)cc(S(=O)(=O)[O-])cc2c1,0
CC[NH+](CC)CCOC(=O)c1cccnc1,0
C/C(=N\Cc1ccccc1)c1ccccc1O,0
CN(C)c1ccc(SC#N)cc1,0
CN1C(=O)C[NH+]2CCc3ccccc3C2c2cc(Cl)ccc21,1
CC(=O)N(CC(C)C(=O)[O-])c1c(I)cc(I)c(N)c1I,0
OCCN1CC[NH+](CCO)CC1,0
O=C([O-])c1cc2ccccc2c(Cc2c(O)c(C(=O)[O-])cc3ccccc23)c1O,0
COP(=S)(OC)Oc1ccc([N+](=O)[O-])c(C)c1,0
O=[N+]([O-])c1ccccc1-c1ccccc1,0
C[NH+]1[C@@H]2CC[C@H]1C[C@@H](OC(c1ccccc1)c1ccccc1)C2,0
C=CC(=O)OCCCCCCCCCC,0
CC[C@H]([NH2+]C(C)C)[C@H](O)c1ccc(O)c2[nH]c(=O)ccc12,0
Nc1ccc(O)c(C(=O)[O-])c1,0
CCCCOc1cc(C(=O)NCC[NH+](CC)CC)c2ccccc2n1,0
O=c1[nH]c2ccccc2c(=O)o1,0
Cc1ccccc1C(=O)N1CC/C(=N\OS(=O)(=O)[O-])c2ccc(Cl)cc21,0
N#CCCCC(C#N)CCC#N,0
Cn1c(=O)c2c(ncn2CC(O)C[NH+](C)CCO)n(C)c1=O,0
Oc1ccc(CC[NH2+]CCCCCC[NH2+]CCc2ccccc2)cc1O,0
O=[N+]([O-])c1ccc(-c2nnc(O)o2)o1,0
CC[NH+](CCO)CCCC(C)Nc1cc[nH+]c2cc(Cl)ccc12,0
CCN(CC)C(=O)N(CC)CC,0
O=C([O-])CCCc1ccc(N(CCCl)CCCl)cc1,0
CC(CCc1ccc2c(c1)OCO2)NN,0
CCOP(=S)(OCC)Oc1ccc(Cl)cc1Cl,0
COCC(=O)N(c1c(C)cccc1C)N1CCOC1=O,0
C=CC[N+]1([C@H]2C[C@H]3[C@@H]4CC[C@H]5C[C@H](O)[C@@H]([NH+]6CCOCC6)C[C@]5(C)[C@H]4CC[C@]3(C)[C@H]2OC(C)=O)CCCC1,0
Cc1cn([C@H]2C[C@H](F)[C@@H](CO)O2)c(=O)[nH]c1=O,0
CC(N/C(=N\C#N)Nc1cc[nH+]cc1)C(C)(C)C,0
CN1C(=O)CC(C)(c2ccccc2)C1=O,0
O=CNC(N1CC[NH+](C(NC=O)C(Cl)(Cl)Cl)CC1)C(Cl)(Cl)Cl,0
Cc1ccc(C(C)NC(=O)[C@@H](NC(=O)OC(C)C)C(C)C)cc1,0
CC1=C(C)S(=O)(=O)CCS1(=O)=O,0
O=C1C([O-])=C([O-])C(=O)C([O-])=C1[O-],0
CC(=O)OC(C)(C)Cc1ccccc1,0
C=C(C)C(=O)OCCOC(=O)CC(C)=O,0
COCCCOCCCOC,0
Cc1ccc(/C=N/n2c(-c3ccccc3)csc2=S)cc1,0
CCNc1nc(N)nc(Cl)n1,0
C[NH+]1CCC(O)(c2ccc(F)cc2)C(C(=O)c2ccc(F)cc2)C1,0
CN(C)C(=O)Oc1ccc[n+](C)c1,0
CC(C)c1cccc(C(C)C)c1N,0
CCCN(CCC)C(=O)SCC,0
CC12CCC(CC1=O)C2(C)C,0
CC(C)COC(=O)c1ccccc1C(=O)OCC(C)C,0
O=C(Cl)OCCOCCOC(=O)Cl,0
O=C(CC[NH+]1CCN2CCCC2C1)N1c2ccccc2Sc2ccc(Cl)cc21,0
CCCCC(CC)COC(=O)OOC(C)(C)C,0
C[C@@](Cc1ccc(O)c(O)c1)(NN)C(=O)[O-],0
CC(C)[C@]12CC(=O)[C@H](C)[C@H]1C2,0
COC(=O)c1ccccc1C,0
O=C1Nc2ccc(Cl)cc2C(c2ccccc2)=NC1O,0
C[NH+]1C(C)(C)CCCC1(C)C,0
COc1cc(C=O)ccc1OC(=O)C(C)C,0
C1CC[NH+]2C[C@@H]3C[C@@H](C[NH+]4CCCC[C@@H]34)[C@H]2C1,0
CCCCCCCCC(=O)[O-],0
CCC1(c2ccccc2)C(=O)NCNC1=O,0
CC(=O)N(CC(O)CO)c1c(I)c(C(=O)NCCO)c(I)c(C(=O)NCC(O)CO)c1I,0
CN1CC[NH+](CC(=O)N2c3ccccc3C(=O)Nc3cccnc32)CC1,0
O=C=NC1CCC(CC2CCC(N=C=O)CC2)CC1,0
O=C1N(c2ccccc2)c2ccccc2C1(Cc1ccncc1)Cc1ccncc1,0
CCOP(=O)(OCC)OP(=O)(OCC)OCC,0
O=P1(NCCCl)OCCCN1CCCl,0
CO[C@@H]1[C@H](OC(=O)[N-]C(=O)CCl)CC[C@]2(CO2)[C@H]1[C@@]1(C)O[C@@H]1CC=C(C)C,0
C=CC(C)(CCC=C(C)C)OC(=O)CC(C)C,0
CCN(CC)S(=O)(=O)c1ccc(C(=O)[O-])cc1,0
CC(CO)Oc1ccccc1,0
O=P([O-])([O-])Oc1ccccc1,0
C=C(C)C(=O)OCC(CC)(COC(=O)C(=C)C)COC(=O)C(=C)C,0
C[N+](C)(C)CCOC(=O)C(O)(c1ccccc1)c1ccccc1,0
CC(C)=CCC[C@H](C)CCO,0
COc1c(Cl)ccc(Cl)c1C(=O)[O-],0
COc1ccc(OC)c(NC(=O)CC(C)=O)c1,0
O=C(C[NH+]1CCN(Cc2ccc3c(c2)OCO3)CC1)N1c2ccccc2Sc2ccccc21,0
CCCOC(=O)c1ccc(C(=O)OCCC)nc1,0
N#C/N=C1\SCCN1Cc1ccc(Cl)nc1,0
O=C1CC[C@@H](C(=O)N2CSC[C@H]2C(=O)[O-])N1,0
NC(=O)Cc1cccc2ccccc12,0
CC1(C)S[C@@H]2[C@H](NC(=O)C(C(=O)Oc3ccc4c(c3)CCC4)c3ccccc3)C(=O)N2[C@H]1C(=O)[O-],0
Oc1ccc(Cc2ccccc2)cc1,0
CCNC(=O)C(C)OC(=O)Nc1ccccc1,0
Cc1ccc(S(=O)(=O)NC(=O)NC2CCCCCCC2)cc1,0
Clc1sc(Cl)c(Cl)c1Cl,0
COc1ccc(C[NH2+]CC(O)COc2ccc3[nH]c(=O)ccc3c2)cc1OC,0
CCC1(c2ccccc2)C(=O)[N-]C(=O)N(C(=O)c2ccccc2)C1=O,0
CC[NH+](CC)CC#CCOC(=O)C(O)(c1ccccc1)C1CCCCC1,0
CC1C(=O)CC2C3(C)CCC2(C(C)C(=O)[O-])C(=O)C13,0
FC(F)(F)c1ccccc1-n1ccnc1,0
CC(=O)CC(c1ccc(Cl)cc1)c1c([O-])c2ccccc2oc1=O,0
COc1cc2c(cc1OC)[C@@]13CC[NH+]4CC5=CCO[C@H]6CC(=O)N2[C@H]1[C@H]6[C@H]5C[C@H]43,0
O=C(OOC(=O)c1ccccc1)c1ccccc1,0
CCOCN(C(=O)CCl)c1c(C)cccc1CC,0
CC(CN1c2ccccc2Sc2ccc(S(=O)(=O)N(C)C)cc21)[NH+](C)C,0
Oc1cc(O)c(Cl)cc1Cl,0
CCCCCCNC(=O)n1cc(F)c(=O)[nH]c1=O,0
OCC(CO)n1cnc(-c2ccc(F)cc2)c1-c1ccnc(Oc2ccccc2)n1,0
C=CCc1ccc2c(c1)OCO2,0
CC(C)[C@H]([NH3+])C(=O)OCCOCn1cnc2c(=O)[nH]c(N)nc21,0
CC(=O)Nc1ccc(C)cc1C,0
O=C([O-])c1cccc(C(F)(F)F)c1,0
C=C(C)C(=O)OCCC(C)OC(=O)C(=C)C,0
CCCCCCCCCCCC(=O)[O-],0
NC(=O)c1ccc([N+](=O)[O-])cc1,0
NC(=O)c1c(Cl)cccc1Cl,0
Brc1ccc(Br)c(Br)c1,0
OCC[NH+]1C[C@H](O)[C@@H](O)[C@H](O)[C@H]1CO,0
Nc1cnn(-c2ccccc2)c(=O)c1Cl,0
C=CC(C)(O)CCC=C(C)C,0
[S-]c1nnc([S-])s1,0
CCOC(=O)N(C)C(=O)CSP(=S)(OCC)OCC,0
CC(C)[C@@H]1CC[C@@H](C)CC1=O,0
OC(c1ccccc1)(c1ccccc1)C1CC[NH2+]CC1,0
COc1ccc2cc([C@H](C)C(=O)[O-])ccc2c1,0
CC1=NNC(=O)N(/N=C/c2cccnc2)C1,0
Cc1ccc(C(C)(C)C)c(O)c1,0
CC1=Nc2ccc(Cl)cc2S(=O)(=O)N1,0
C=C(C)C(=O)OCCCCOC(=O)C(=C)C,0
CC(C)Nc1nc(Cl)nc(NC(C)C)n1,0
CCCCCC[NH2+]CCCCCC,0
CC(=C\c1ccccc1)/C=C1/SC(=S)N(CC(=O)[O-])C1=O,0
CC(C)Oc1ccccc1O,0
CC(=O)Oc1ccc(C(C)=O)cc1,0
CCC(C)(O)CCC=C(C)C,0
CNC(=O)CSP(=O)(OC)OC,0
[NH3+]Cc1ccccc1Sc1ccccc1CO,0
Cc1ccc(S(=O)(=O)NCl)cc1,0
Cc1c(C(=O)c2cnn(C)c2[O-])ccc(S(C)(=O)=O)c1C1=NOCC1,0
O=C1C(=O)c2cccc3cccc1c23,0
CC1CCc2cc(F)cc3c(=O)c(C(=O)[O-])cn1c23,0
CCCCCC1C(=O)CCC1CC(=O)OC,0
Cc1cc(N)c2cc(NC(=O)Nc3ccc4[nH+]c(C)cc(N)c4c3)ccc2[nH+]1,0
COC(=O)c1ccccc1O,0
C=C(C)C(=O)OCCCCCCOC(=O)C(=C)C,0
Cc1cn([C@H]2C[C@H](O)[C@@H](CO)O2)c(=O)[nH]c1=O,0
CSc1nc(NC2CC2)nc(NC(C)(C)C)n1,0
Cc1cc(C(C)(C)C)c(O)c(C)c1CC1=[NH+]CCN1,0
C[C@@H]1CCC2[C@@H](C)[C@@H](O)O[C@@H]3O[C@@]4(C)CC[C@@H]1[C@@]23OO4,0
CS(=O)(=O)OCCC[NH2+]CCCOS(C)(=O)=O,0
CCc1cc(OC)c(C[C@@H](C)[NH3+])cc1OC,0
CC1(C)[C@@H]2CC[C@@]1(C)[C@H](O)C2,0
C[C@H](C[NH+]1CCCC1)C(=O)c1ccc(C(F)(F)F)cc1,0
CC(C)(c1ccc(O)cc1)c1ccc(O)cc1,0
C=C(C)CCC[C@H](C)CCO,0
COc1ccc2c(c1)c(CC(=O)[O-])c(C)n2C(=O)c1ccc(Cl)cc1,0
O=C([O-])CONC(=O)c1ccccc1,0
CC(C)[NH2+]CC(O)c1ccccc1Cl,0
O=C([O-])CCCCCC(=O)[O-],0
C=CC(C)(CCC=C(C)C)OC(=O)c1ccccc1,0
C=C1C(=O)O[C@H]2[C@H]1CC/C(C)=C\CC[C@@]1(C)O[C@@H]21,0
CC(C)(C)c1nnc(NS(=O)(=O)c2ccccc2)s1,0
FC(F)(F)C(Cl)(Cl)Cl,0
C[NH+]1[C@@H]2C[C@@H](OC(=O)[C@H](CO)c3ccccc3)C[C@H]1[C@@H]1O[C@@H]12,0
O=C1OC(c2ccc(O)c(S(=O)(=O)[O-])c2)(c2ccc(O)c(S(=O)(=O)[O-])c2)c2c(Br)c(Br)c(Br)c(Br)c21,0
Cc1cn([C@H]2C=C[C@@H](CO)O2)c(=O)[nH]c1=O,0
COc1cc(/C=C2\CCC/C(=C\c3ccc(O)c(OC)c3)C2=O)ccc1O,0
COc1ccc(/C=N\NC(=O)c2ccncc2)c(C(=O)[O-])c1OC,0
Nc1ccc(NC(=O)c2ccc(N)cc2)cc1,0
Cn1cc2c3c(cccc31)[C@H]1C[C@@H](CNC(=O)OCc3ccccc3)C[NH+](C)[C@@H]1C2,0
CC(C)C[C@@H](NC(=O)[C@@H](O)[C@H]([NH3+])Cc1ccccc1)C(=O)[O-],0
COc1cccc2sc(N)nc12,0
C1CC(COCC2CO2)CCC1COCC1CO1,0
CCc1cc(OC)c(C[C@H](C)[NH3+])cc1OC,0
FC(F)(F)C(Cl)Br,0
OC(CC[NH+]1CCCCC1)(c1ccccc1)C1CC2C=CC1C2,0
CCOC(=O)C1=NOC(c2ccccc2)(c2ccccc2)C1,0
BrCCBr,0
C=CC(=O)OCCCCCC,0
CC1(C)[C@H]2CC[C@](C)(C2)[C@H]1O,0
CC(C)OC(=O)c1cc2c(OCC(O)C[NH2+]C(C)(C)C)cccc2[nH]1,0
CS(=O)(=O)c1ccc([C@@H](CC2CCCC2)C(=O)Nc2cnccn2)cc1Cl,0
CC(C)Oc1cccc(NC(=O)c2ccccc2C(F)(F)F)c1,0
CO/C=C(/C(=O)OC)c1ccccc1COc1cccc(C(F)(F)F)n1,1
CCCCC(F)(F)[C@@]1(O)CC[C@H]2[C@@H](CC(=O)[C@@H]2CCCCCCC(=O)[O-])O1,0
COCCOCCOCCOCCOC,0
NC(=O)Nc1nc2ccccc2[nH]1,0
Cc1c(N=C=O)cccc1N=C=O,0
CC1=CCC(C(C)(C)O)CC1,0
CCCC(=O)N1CCCN(c2nc(N)c3cc(OC)c(OC)cc3n2)CC1,0
CCCOC(=O)c1ccccc1O,0
CCS(=O)(=O)CCSP(=O)(OC)OC,0
Clc1nc(Cl)nc(Nc2ccccc2Cl)n1,0
C=COCC1CCC(COC=C)CC1,0
O[C@H]1[C@H]2[C@H](O)CCC[NH+]2C[C@H]1O,0
C#CC[NH+](C)Cc1ccccc1,0
O=P1(N(CCCl)CCCl)NCCCO1,0
CC(=O)/C=C/C1C(C)=CCCC1(C)C,0
CCCCC/C=C\CCC=O,0
NS(=O)(=O)c1cc2c(cc1Cl)NC(C1CC3C=CC1C3)NS2(=O)=O,0
NC(=[NH2+])c1ccc(OCCCOc2ccc(C(N)=[NH2+])cc2)cc1,0
O=C(NC(=O)c1cc(F)c(F)cc1Cl)Nc1cc(F)ccc1N1CCC(C(=O)[O-])CC1,0
NC(=O)c1cc[n+](CC2=C(C(=O)[O-])N3C(=O)[C@@H](NC(=O)Cc4cccs4)[C@H]3SC2)cc1,0
CC(C)C(=O)c1c(C(C)C)nn2ccccc12,0
C=CCC1(C(C)CCC)C(=O)NC(S)=[NH+]C1=O,0
CN1CCC[NH+]=C1COC(=O)C(O)(c1ccccc1)C1CCCCC1,0
C=COC(=O)C(C)(CC)CCC(C)C,0
CC(=O)OCC(C)OC(C)=O,0
C[C@H](CCC(=O)[O-])[C@H]1CC[C@H]2[C@@H]3[C@H](O)C[C@@H]4C[C@H](O)CC[C@]4(C)[C@H]3C[C@H](O)[C@]12C,0
O=C(Cn1ccnc1[N+](=O)[O-])NCc1ccccc1,0
CC(C)(C)[NH2+]CC(O)c1ccc(O)c(CO)n1,0
C[C@H](C(=O)[O-])c1cccc(Oc2ccccc2)c1,0
O=C([O-])Cc1c[nH]c2ccccc12,0
Brc1cc2ccccc2c2ccccc12,0
COc1c2ccoc2cc2oc(=O)ccc12,0
C[C@]12CC[C@H]3[C@@H](CCC4=CC(=O)CC[C@@]43C)[C@@H]1CC[C@@H]2O,0
C[NH+]1CCCC(OC(=O)C(O)(c2ccccc2)c2ccccc2)C1,0
O=C([O-])C1CCC(C(=O)[O-])CC1,0
OCCOCCOCCOCCO,0
CCN(CC)C(=O)N[C@H]1C[C@@H]2c3cccc4[nH]cc(c34)C[C@H]2[NH+](C)C1,0
C[C@H](CCC(=O)[O-])[C@H]1CC[C@H]2[C@@H]3C(=O)C[C@@H]4CC(=O)CC[C@]4(C)[C@H]3CC(=O)[C@]12C,0
CN(C)c1ccc(/N=N/c2ccccc2C(=O)[O-])cc1,0
O=C([O-])C(F)(F)C(F)(F)C(F)(F)C(F)(F)C(F)(F)C(F)(F)C(F)(F)F,0
CCCCNc1ccc(C(=O)OCC[NH+](C)C)cc1,0
OC[C@@H](O)[C@H]1O[C@@H]2O[C@@H](C(Cl)(Cl)Cl)O[C@@H]2[C@H]1O,0
COc1ccc(NC(=O)CC(C)=O)cc1,0
COc1nc(C)nc(NC(=O)NS(=O)(=O)c2ccccc2Cl)n1,0
CCOC(=O)C1=C(C)NC(C)=C(C(=O)OC)C1c1cccc(Cl)c1Cl,0
Cc1cccc(C)c1NC(=O)C[NH+]1CCCC1,0
O=C([O-])c1cc(O)c2c3nc4ccccc4oc-3cc(=O)c2n1,0
O=S(=O)([O-])c1cc(S(=O)(=O)[O-])c2c(/N=N/c3ccccc3)c(O)ccc2c1,0
C=CCN(CC=C)C(=O)[C-](Cl)Cl,0
Cc1ccsc1C(=CCC[NH+]1CCC[C@@H](C(=O)[O-])C1)c1sccc1C,0
COc1cc(C(=O)N2CCCCCCC2)cc(OC)c1OC,0
CC(COC(=O)c1ccccc1)OC(=O)c1ccccc1,0
CCOC(=O)CCCCCCCCC(=O)OCC,0
CCc1cnc(C(=O)[O-])c(C(=O)[O-])c1,0
CC1(C)SC(C)(C)SC(C)(C)S1,0
COc1ccc2cc3[n+](cc2c1OC)CCc1cc2c(cc1-3)OCO2,1
CC(C)COC(=O)CC(C(=O)OCC(C)C)S(=O)(=O)[O-],0
CC(=O)OCC(=O)Nc1cc(C#N)cc(NC(=O)COC(C)=O)c1Cl,0
CCn1cc(C(=O)[O-])c(=O)c2cc3c(cc21)OCO3,0
O=C([O-])CCCCCCCCCCC(=O)[O-],0
N#CC(c1ccccc1)c1ccccc1,0
C1CCC2=[NH+]CCCN2CC1,0
Cc1c(NC(=O)c2cccnc2)c(=O)n(-c2ccccc2)n1C,0
O=C([O-])c1cn(-c2ccc(F)cc2)c2cc(N3CC[NH2+]CC3)c(F)cc2c1=O,0
NS(=O)(=O)c1ccc(Cl)c(S(N)(=O)=O)c1,0
O=C(c1ccc(F)cc1)C1CC[NH+](CCn2c(=O)[nH]c3ccccc3c2=O)CC1,0
CC(Oc1ccc(Oc2ncc(C(F)(F)F)cc2Cl)cc1)C(=O)[O-],0
O=C(CN1CC[NH2+]CC1)NC1CCCCC1,0
CC(C/N=C/c1ccccc1O)/N=C/c1ccccc1O,0
C[C@]12[NH2+][C@H](Cc3ccccc31)c1ccccc12,0
C#CC[NH+](C)[C@H](C)Cc1ccccc1,0
Cc1cc(O)c(Cl)cc1C,0
CC(C)[C@H]1CC[C@@H](C)CC1=O,0
Cl[C@H]1[C@H](Cl)[C@@H](Cl)[C@H](Cl)[C@H](Cl)[C@H]1Cl,0
COc1cc(Cc2cnc(N)nc2N)cc(OC)c1OC,0
Cc1ccc(-c2cc(C(F)(F)F)nn2-c2ccc(S(N)(=O)=O)cc2)cc1,0
Cn1cc(C2=C(c3cn(C4CC[NH+](Cc5ccccn5)CC4)c4ccccc34)C(=O)NC2=O)c2ccccc21,0
Cc1c(Nc2ncccc2C(=O)[O-])cccc1C(F)(F)F,0
Cc1cc(-c2cc(C)c(N)c(C)c2)cc(C)c1N,0
Cc1c(C(=O)[O-])cccc1[N+](=O)[O-],0
ClC1=C(Cl)[C@]2(Cl)[C@H]3[C@H]([C@H]4C=C[C@H]3C4)[C@@]1(Cl)C2(Cl)Cl,0
C=CC1=C(C(=O)[O-])N2C(=O)[C@@H](NC(=O)/C(=N/O)c3csc(N)n3)[C@H]2SC1,0
C=CC[NH+]1CCCC1CNC(=O)c1cc(S(N)(=O)=O)cc(OC)c1OC,0
NC(=O)C1([NH+]2CCCCC2)CC[NH+](CCCC(=O)c2ccc(F)cc2)CC1,0
CC1(C)CC(O)CC(C)(C)[NH2+]1,0
O=C([O-])c1cc(Cl)ccc1Cl,0
CC(=O)Oc1cccc(C)c1,0
CC(=O)Nc1ccc(N)cc1,0
COC(=O)c1sccc1S(=O)(=O)NC(=O)Nc1nc(C)nc(OC)n1,0
Brc1nc2ccccc2s1,0
CCCC/C=C/CCCCO,0
C[C@H]1O[C@@H](n2cc(F)c(=O)[nH]c2=O)[C@H](O)[C@@H]1O,0
O=[N+]([O-])c1ccc(Cl)c(Cl)c1Cl,0
CCCCCCCCCCOC(C)=O,0
O=[N+]([O-])c1ccc(CCO)cc1,0
CN(C(=O)CO)c1c(I)c(C(=O)NCC(O)CO)c(I)c(C(=O)NCC(O)CO)c1I,0
COc1ccc2c(c1)c1c3n2CCN(C)C3=[NH+]CC1,0
O=C(Cl)c1ccc(C(=O)Cl)cc1,0
CCCc1ncc(C[n+]2ccccc2C)c(N)n1,0
O=Cc1ccc(C(=O)[O-])cc1,0
O=C1O[C@H]([C@@H](O)CO)C([O-])=C1O,0
Cc1cccc(Nc2ccccc2)c1,0
Cc1cc2nc3c(=O)[nH]c(=O)nc-3n(C[C@H](O)[C@H](O)[C@H](O)CO)c2cc1C,0
O=C(N[NH+]1CCCC1)NS(=O)(=O)c1ccc(Cl)cc1,0
O=C([O-])/C=C/C(=O)Nc1ccc(S(=O)(=O)Nc2nccs2)cc1,0
CC(C)c1ccc(CO)cc1,0
CC[N+](C)(C)c1cccc(O)c1,0
[NH3+][C@H]1CN(c2c(F)cc3c(=O)c(C(=O)[O-])cn(C4C[C@H]4F)c3c2Cl)CC12CC2,0
OCCSCSCCO,0
COCCOC(=O)C1=C(C)NC(C)=C(C(=O)OC(C)C)C1c1cccc([N+](=O)[O-])c1,0
COC(c1ccccc1)(c1ccccc1)[C@H](Oc1nc(C)cc(C)n1)C(=O)[O-],0
CCOC(=O)C1CC(=O)C(=C([O-])C2CC2)C(=O)C1,0
Clc1ccc(Cl)c(Cl)c1,0
[NH3+][C@@H](Cc1c[nH]c2ccc(O)cc12)C(=O)[O-],0
CC1(C)C(=O)N(Br)C(=O)N1Cl,0
Clc1ccc(C(Cn2ccnc2)OCc2ccsc2Cl)c(Cl)c1,0
Cc1ccc(N)c(S(=O)(=O)[O-])c1,0
COc1cc2c(cc1OC)[C@@H](c1ccccc1)C[NH+](C)CC2,0
Clc1cccc(SC2CC[NH2+]CC2)n1,0
[NH3+]CC1(CC(=O)[O-])CCCCC1,0
O=P(OCCCl)(OCCCl)OCCCl,0
O=C([O-])CCc1nc(-c2ccccc2)c(-c2ccccc2)o1,0
ClCCOCOCCCl,0
[NH3+]CCCN1CC[NH+](CCC[NH3+])CC1,0
CCCCCC=CCC1CC(=O)OC1=O,0
Cn1c(N)nc2c3cccnc3ccc21,0
CC(=O)c1cccc([N+](=O)[O-])c1,0
CCNC(=O)NCc1cccc(Cl)c1,0
CC(C)[NH2+]C[C@@H](O)COc1ccc(CC(N)=O)cc1,0
CCCCC1CCCCC(=O)O1,0
CCOC(=O)NC(O)C(Cl)(Cl)Cl,0
CC(=O)OCC(=O)NCCCOc1cccc(C[NH+]2CCCCC2)c1,0
CCCCCCCCCCCCCOS(=O)(=O)[O-],0
CN(C)c1ccc(CCO)cc1,0
O=[N+]([O-])c1ccc2c(c1)Cc1ccccc1-2,0
OCCC(F)(F)C(F)(F)C(F)(F)C(F)(F)C(F)(F)C(F)(F)C(F)(F)C(F)(F)F,0
O=C([O-])C(Br)Br,0
O=C([O-])c1c(Cl)cccc1Cl,0
Oc1cc(Cl)cc(Cl)c1Cl,0
CC[N+](C)(C)Cc1ccccc1Br,0
O=S(=O)([O-])c1cc(O)ccc1O,0
c1ccc(C[NH2+]Cc2ccccc2)cc1,0
CC(=O)[C@@]1(O)CC[C@H]2[C@@H]3CCC4=CC(=O)CC[C@]4(C)[C@H]3CC[C@@]21C,0
Cn1c(=O)c2[nH]c(Br)nc2n(C)c1=O,0
O=C(c1ccc(Cl)cc1)c1ccc(Cl)cc1,0
O=C([O-])CNC(=O)c1ccccc1,0
CC(c1ccc(O)cc1)c1ccc(O)cc1,0
C[NH+]1CCOC(c2ccccc2)c2ccccc2C1,0
COc1cc(C(C)=O)ccc1OCCC[NH+]1CCC(c2noc3cc(F)ccc23)CC1,0
CCOc1ccccc1OCC,0
COc1ccc(OC)c(CC(C)[NH3+])c1,0
O=C=Nc1ccc(Cl)c(Cl)c1,0
O=C(Oc1ccccc1)c1ccc(O)cc1,0
CC/C=C\CCOC(C)OCC,0
CCCCOC(=O)c1ccccc1,0
c1ccc2c(c1)Sc1ccccc1N2C[C@@H]1C[NH+]2CCC1CC2,0
CCOC(=O)C1=C[C@]2(CC)CCC[NH+]3CCc4c(n1c1ccccc41)[C@@H]32,0
O=C([O-])Cc1ccc(OCC[NH2+]C[C@H](O)c2ccccc2)cc1,0
COc1ccc(/C(=C/C(=O)N2CCOCC2)c2ccc(Cl)cc2)cc1OC,0
O=C1OC2(c3ccc(O)cc3Oc3cc(O)ccc32)c2ccccc21,0
Cc1ccc(S(N)(=O)=O)cc1,0
CCN(CC)C(=O)c1cccc(C)c1,0
C/C=C1\C(=O)C[C@H]2[C@@H]3CCC4=CC(=O)CC[C@]4(C)[C@H]3CC[C@]12C,0
c1cc(OCC2CO2)ccc1Cc1ccc(OCC2CO2)cc1,0
CC(=O)Nc1ccc(C(=O)CCl)cc1,0
NC(=[NH2+])N1CCc2ccccc2C1,0
O=C(CCC[NH+]1CCC(O)(c2ccc(Br)cc2)CC1)c1ccc(F)cc1,0
CNC1=[NH+]c2ccc(Cl)cc2C(c2ccccc2)=[N+]([O-])C1,0
CN(CCOc1ccc(CC2SC(=O)[N-]C2=O)cc1)c1ccccn1,0
O=c1[nH]c(=O)n(C2CCCO2)cc1F,0
CCCCCCCCCCCC(=O)OCC(O)CO,0
CCNC(=O)C1CC(C)CCC1C(C)C,0
CC(=O)N[C@@H](CS)C(=O)[O-],0
FC(F)OC(Cl)C(F)(F)F,0
COc1ccc(C2CNC(=O)C2)cc1OC1CCCC1,0
COc1cc(CC[NH3+])cc(OC)c1OC,0
FC(F)(Cl)C(F)(Cl)Cl,0
c1ccc(CC2=[NH+]CCN2)cc1,0
NC(=[NH2+])NCC[NH+]1CCCCCCC1,0
COc1ccc2c3c1O[C@H]1[C@@H](O)C=C[C@H]4[C@@H](C2)[NH2+]CC[C@@]341,0
CCOC(=O)CP(=O)(OCC)OCC,0
CCCCNc1ccc(C(=O)OCC[NH+](CC)CC)cc1,0
O=C1CN(/N=C/c2ccc(-c3ccc([N+](=O)[O-])cc3)o2)C(=O)N1,0
CC(C)c1cccc(C(C)C)c1NC(=O)NS(=O)(=O)c1cc(C(C)(C)O)co1,0
O=Cc1c2ccccc2c(Cl)c2ccccc12,0
OCCN(CCO)c1cccc(Cl)c1,0
Cc1ccccc1OCC(O)C[NH2+]CCOc1ccc(C(N)=O)cc1,0
Nc1ncn([C@@H]2O[C@H](CO)[C@@H](O)[C@H]2O)c(=O)n1,0
COC(=O)[C@H]1[C@H]2C[C@@H]3c4[nH]c5cc(OC)ccc5c4CC[NH+]3C[C@H]2C[C@@H](OC(=O)COc2ccc(OC)cc2)[C@@H]1OC,0
Cc1ccc(S(=O)(=O)[O-])c(C)c1,0
CC[N+]1(CCOC(=O)C(O)(c2ccccc2)c2ccccc2)CCCCC1,0
CCCC[P+](C)(CCCC)CCCC,0
CCCCCCCCCCCO,0
C[NH+]1CCN(C(=O)O[C@H]2c3nccnc3C(=O)N2c2ccc(Cl)cn2)CC1,0
O=C1NC(=O)c2cccc3cccc1c23,0
COc1c(N2C[C@@H]3CCC[NH2+][C@@H]3C2)c(F)cc2c(=O)c(C(=O)[O-])cn(C3CC3)c12,0
COc1ccc2c3c1O[C@H]1[C@H](O)CC[C@H]4[C@@H](C2)[NH+](C)CC[C@@]341,0
CCCCOP(=O)([O-])OCCCC,0
O=C(OCCCCCCOC(=O)c1ccccc1)c1ccccc1,0
CCOC(=O)COC(=O)c1ccccc1C(=O)OCC,0
O=C(Nc1ccc([N+](=O)[O-])cc1)Nc1ccc([N+](=O)[O-])cc1,1
Nc1nc(F)nc2c1ncn2[C@@H]1O[C@H](CO)[C@@H](O)[C@@H]1O,0
C=C(C)C(=O)OCCOc1ccccc1,0
CCCCCC/C(C=O)=C\c1ccccc1,0
OCCCNc1ccccc1,0
Cc1cnc(C2=[NH+]C(=O)C(C)(C(C)C)N2)c(C(=O)[O-])c1,0
CC(=O)O[C@]1(C(C)=O)CC[C@H]2[C@@H]3C=C(C)C4=CC(=O)CC[C@]4(C)[C@H]3CC[C@@]21C,0
Nc1ccc(S(=O)(=O)Nc2ccc(Cl)nn2)cc1,0
CC(C)C(=O)OC(=O)C(C)C,0
CC[NH+]1CCC[C@H]1CNC(=O)c1c(O)c(Cl)cc(Cl)c1OC,0
COC(=O)c1cccc(Cl)c1,0
O=C(NC(Cc1cc(=O)[nH]c2ccccc12)C(=O)[O-])c1ccc(Cl)cc1,0
ClC(Cl)=C(Cl)Cl,0
O=[N+]([O-])c1ccccc1[N+](=O)[O-],0
CN(C)C(=O)Nc1ccccc1,0
CC[NH+](CC)C1CCCCC1,0
COc1nc(N)nc2nc[nH]c12,0
CCOP(=O)(OCC)OCC,0
COc1ccccc1N1CC[NH+](CCCNc2cc(=O)n(C)c(=O)n2C)CC1,0
O=C1OC(c2ccc(O)cc2)(c2ccc(O)cc2)c2ccccc21,0
Clc1cc(Cl)c(Cl)nc1Cl,0
O=[PH](Oc1ccccc1)Oc1ccccc1,0
CC[C@]12CCC[NH+]3CCc4c(n(c5ccccc45)[C@@](O)(C(=O)OC)C1)[C@@H]32,0
O=C([O-])c1cc(/N=N/c2ccc(S(=O)(=O)Nc3ccccn3)cc2)ccc1O,0
O=C(OCc1ccccc1)c1ccccc1,0
[NH3+]CC1(Cc2noc(=O)[nH]2)CCCCC1,0
c1ccc2c(c1)[nH]c1ccccc12,0
C[NH+](Cc1ccccc1)Cc1ccccc1,0
C=CCc1ccc(OC)c(OC)c1,0
CC(C)COC(=O)CCCCC(=O)OCC(C)C,0
COP(=O)(OC)Oc1ccc([N+](=O)[O-])cc1,0
O=C(Cl)C(Cl)(Cl)Cl,0
COC(=O)CCc1ccc(OCC(O)C[NH2+]C(C)C)cc1,0
C[NH+]1[C@@H]2CC[C@H]1C[C@@H](NC(=O)n1c(=O)[nH]c3ccccc31)C2,0
C=CCCC(=O)/C=C/C1C(C)=CCCC1(C)C,0
O=[N+]([O-])c1ccccc1Cl,0
CC(=O)SC[C@@H](C)C(=O)N1CCC[C@H]1C(=O)N[C@@H](Cc1ccccc1)C(=O)[O-],0
CCOP(=S)(OCC)SCn1c(=O)oc2cc(Cl)ccc21,0
COC(=O)C1(O)c2ccccc2-c2ccccc21,0
Cn1c(N)c(N=O)c(=O)n(C)c1=O,0
CCOC(=O)C1=NN(c2ccccc2)C(=O)C1,0
O=C([O-])[C@H](O)c1ccccc1,0
COP(=S)(OC)Oc1cc(Cl)c(Br)cc1Cl,0
O=C(NCC1CCCC[NH2+]1)c1cc(OCC(F)(F)F)ccc1OCC(F)(F)F,0
NNc1nc(-c2ccc(N)cc2)cs1,0
CCNc1nc(NC(C)C)nc(SC)n1,0
Brc1ccccc1-c1ccccc1,0
Cc1ccc(O)c(C(C)(C)C)c1,0
Cc1ncc([C@@H](CCCCCCc2ccc3c(n2)NCCC3)CC(=O)[O-])cn1,0
CO/N=C(/C1=NOCCO1)c1ccccc1Oc1ncnc(Oc2ccccc2Cl)c1F,1
O=[N+]([O-])c1ccccc1Nc1ccccc1,0
Cc1ccc(OC(=O)CC(C)C)cc1,0
CC/C=C\CC/C=C/C(OCC)OCC,0
CN(C)C=[NH+]c1c(I)cc(I)c(CCC(=O)[O-])c1I,0
COc1cc(CC(C)C)cc(OC)c1OC,0
Cn1c(-c2ccccc2)cc(-c2ccccc2)[n+]1C,1
Oc1cc(Cl)c(Cl)c(Cl)c1,0
CCC([NH2+]C(C)C)C(O)c1ccc(O)c(O)c1,0
COc1ccc(S(=O)(=O)Nc2nnc(CC(C)C)s2)cc1,0
O=C1c2ccccc2C(=O)c2c1ccc(O)c2[O-],0
CCCCCC1CCC(=O)O1,0
COc1ccc(/C=C/C(=O)Nc2ccccc2C(=O)[O-])cc1OC,1
Nc1ccc(/C=C/c2ccc(N)cc2S(=O)(=O)[O-])c(S(=O)(=O)[O-])c1,0
CC(C)Cc1ccc([C@H](C)C(=O)[O-])cc1,0
CCCCCCCCCCCC(=O)N(CCO)CCO,0
C[NH2+]C(C)CC1CCCCC1,0
COC(=O)c1cncn1C(C)c1ccccc1,0
CC[NH+]1CCCC1CNC(=O)c1cc(S(N)(=O)=O)ccc1OC,0
C=C1CC[C@@]2(O)[C@H]3Cc4ccc(O)c5c4[C@@]2(CC[NH+]3CC2CC2)[C@H]1O5,0
C[C@]12CC[C@@H]3c4ccc(OC(=O)N(CCCl)CCCl)cc4CC[C@H]3[C@@H]1CC[C@@H]2OP(=O)([O-])[O-],0
CCOC(=O)c1cnc2c(cnn2CC)c1NN=C(C)C,0
CC1(C)[C@@H]2CC[C@@]1(C)[C@H](OC(=O)CSC#N)C2,0
O=C(c1ccccc1)c1ccc2n1CC[C@H]2C(=O)[O-],0
CCCC[n+]1cccc(C)c1,0
CCC(=O)OCc1ccccc1,0
O=C([O-])CCCCCCCCCC(=O)[O-],0
CCOC(=O)/C=C/c1ccccc1,0
C[NH+]1CCC(N(Cc2cccs2)c2ccccc2)CC1,0
O=C([O-])c1ccc(NC2OC[C@@H](O)[C@H](O)[C@H]2O)cc1,0
O=C(CCC[NH+]1CCC(C(=O)c2ccc(F)cc2)CC1)c1ccc(F)cc1,0
O=C(N[C@@H](Cc1ccccc1)[C@@H](O)C(=O)N1C[C@@H](O)[C@@H](O)C1)c1cc2cc(Cl)ccc2[nH]1,0
Cc1ccc(/N=N/c2c(O)ccc(/N=N/c3ccc(S(=O)(=O)[O-])cc3)c2O)c(C)c1,0
CC(C)[NH2+]CC(O)COc1cccc2ccccc12,0
CC(C)[NH2+]CC(O)COc1ccc(CC(N)=O)cc1,0
CC(C)(CO)[C@@H](O)C(=O)NCCCC(=O)[O-],0
Cc1cccc(C)c1NC(=O)c1ccccc1C(=O)[O-],0
Cc1cc(C)cc(OCC2CNC(=O)O2)c1,0
C[N+](C)(C)CC[N+]1(C)Cc2c(Cl)c(Cl)c(Cl)c(Cl)c2C1,0
CC(C)C(=O)OCC(C)(C)C(OC(=O)C(C)C)C(C)C,0
C[C@]12CCC(=O)C=C1CC[C@@H]1[C@@H]2CC[C@]2(C)C(=O)CC[C@@H]12,0
C[NH2+]CCC(Oc1ccccc1OC)c1ccccc1,0
O=c1c2ccccc2nnn1CCl,0
CCCCC1(COC(=O)CCC(=O)[O-])C(=O)N(c2ccccc2)N(c2ccccc2)C1=O,0
CC(=O)Nc1ccc(C(=O)[O-])cc1,0
O=C(Cl)c1ccccc1F,0
CC(CCO)CCc1ccccc1,0
Nc1ccc2ccccc2c1S(=O)(=O)[O-],0
CCC(=O)OC1(c2ccccc2)CC[NH+](C)CC1,0
Nc1ccc(S(=O)(=O)NC(=O)c2ccccc2)cc1,0
CCc1ccc(S(=O)(=O)[O-])cc1,0
CC(C)C[C@H](C[NH3+])CC(=O)[O-],0
c1ccc(CCCc2ccncc2)cc1,0
NC(=O)COCCN1CC[NH+](C(c2ccccc2)c2ccc(Cl)cc2)CC1,0
Cc1ccc(N=C=O)cc1N=C=O,0
CC(=O)CCc1ccc(O)cc1,0
CSc1nc(N=[N+]=[N-])nc(NC(C)C)n1,0
Oc1ccc(Cl)c2cccnc12,0
O=C([O-])Cc1c(Cl)ccc(Cl)c1Cl,0
CC(=O)Oc1ccc2c3c1O[C@H]1[C@@H](OC(C)=O)C=C[C@H]4[C@@H](C2)[NH+](C)CC[C@@]341,0
CNC(=O)NC(O)C(Cl)(Cl)Cl,0
CCOC(=O)C(Br)c1ccccc1,0
CC(=O)OCCC1CCCCC1,0
CN(C)C(=O)Oc1cccc([N+](C)(C)C)c1,0
CC(C)C[C@H]1C(=O)N2CCC[C@H]2[C@]2(O)O[C@](NC(=O)[C@@H]3C=C4c5cccc6[nH]c(Br)c(c56)C[C@H]4[NH+](C)C3)(C(C)C)C(=O)N12,0
OCC(O)C[NH+]1CCN(c2ccccc2)CC1,0
Nc1cc(C(Cl)=C(Cl)Cl)c(S(N)(=O)=O)cc1S(N)(=O)=O,0
C[NH+](C)[C@@H]1C([O-])=C(C(N)=O)C(=O)[C@@]2(O)C([O-])=C3C(=O)c4c([O-])cccc4[C@@](C)(O)[C@H]3C[C@@H]12,0
CC(C(=O)[O-])c1ccc2c(c1)[nH]c1ccc(Cl)cc12,0
ClC1=C(Cl)C2(Cl)C3C(Cl)C=CC3C1(Cl)C2(Cl)Cl,0
Cc1ccccc1S(N)(=O)=O,0
C[NH2+]C1(c2ccccc2Cl)CCCCC1=O,0
CC(C)C[C@H]1C(=O)N2CCC[C@H]2[C@]2(O)O[C@](NC(=O)[C@@H]3C[C@@H]4c5cccc6[nH]cc(c56)C[C@H]4[NH+](C)C3)(C(C)C)C(=O)N12,0
NC(=[NH2+])N/N=C/c1c(Cl)cccc1Cl,0
Cc1cccc(Cc2c[nH]cn2)c1C,0
CCOC(=O)CC(SP(=O)(OC)OC)C(=O)OCC,0
CCN(CC)c1cc(C)nc2ncnn12,0
O=[N+]([O-])c1cc(C(F)(F)F)cc([N+](=O)[O-])c1Cl,0
BrCc1cccc(Oc2ccccc2)c1,0
CC1(C)C(=O)NC(=O)NC1=O,0
CCCCCCc1ccc(O)cc1O,0
O=C(Nc1ccc(F)cc1F)c1cccnc1Oc1cccc(C(F)(F)F)c1,0
COc1ccc(Nc2ccccc2)c(C)c1,0
CCC(=O)C(CC(C)[NH+](C)C)(c1ccccc1)c1ccccc1,0
CCC1(CC)C(=O)NC(=O)N(C)C1=O,0
CCOP(=S)(OCC)Oc1ccc2c(C)c(Cl)c(=O)oc2c1,0
C=C(C)C1CC=C(C)C(=O)C1,0
O=[N+]([O-])c1ccc(/C=C/c2ccc([N+](=O)[O-])cc2S(=O)(=O)[O-])c(S(=O)(=O)[O-])c1,0
CCOP(=S)(OCC)OP(=S)(OCC)OCC,0
O=C1[C@H]2CCCC[C@H]2C(=O)N1CCCC[NH+]1CCN(c2nsc3ccccc23)CC1,0
CCC[NH2+]C(C)C(=O)Nc1c(C)csc1C(=O)OC,0
O=C(Cc1ccccc1)OCCc1ccccc1,0
CCc1cc(S(=O)(=O)[O-])c2cc(C(C)C)cccc1-2,0
CCCC1CCOC(C)S1,0
CC(C)N(c1ccccc1)C(C)C,0
CN/C(=N\c1ccc(C2=NNC(=O)CC2C)cc1)NC#N,0
O=C1OC(=O)C2C1C1(Cl)C(Cl)=C(Cl)C2(Cl)C1(Cl)Cl,0
CC(C)(O)[C@@H]1[C@H]2OC(=O)[C@@H]1[C@]1(O)C[C@H]3O[C@]34C(=O)O[C@H]2[C@]14C,0
CN1c2ccccc2C(=O)N(CC[NH+](C)C)c2ccccc21,0
Cn1c(=O)c2c(ncn2CC2OCCO2)n(C)c1=O,0
C[NH2+]CCCN1c2ccccc2CCc2ccccc21,0
O=S(=O)([O-])C(F)(F)C(F)(F)C(F)(F)C(F)(F)F,0
CC(C)=CCC/C(C)=C/COC=O,0
CSc1ccc(C(=O)c2[nH]c(=O)[nH]c2C)cc1,0
O=P([O-])([O-])OC[C@H](O)CO,0
C=C(C)[C@@H]1CCC2=CC(=O)C[C@@H](C)[C@]2(C)C1,0
CCCCCCCCS(=O)(=O)[O-],0
Cn1c(=[NH2+])[nH]c2[nH]cnc2c1=O,0
COc1ccccc1/C=C/C=O,0
COc1cc(OC)nc(NC(=O)NS(=O)(=O)c2ncccc2OCC(F)(F)F)n1,0
CC(C)(C)[NH2+]CC(O)COc1cccc2c1C[C@H](O)[C@H](O)C2,0
C[N@+]12CCCC[C@@H]1CCC(=C(c1cccs1)c1cccs1)C2,0
OCC(CBr)(CBr)CBr,0
Nc1c(Cl)cc(Cl)cc1[N+](=O)[O-],0
NC(=O)[C@@H]1CCCN1C(=O)[C@H](Cc1cnc[nH]1)NC(=O)[C@@H]1CCC(=O)N1,0
CCCN(CCC)c1c([N+](=O)[O-])cc(C(C)C)cc1[N+](=O)[O-],0
C[NH+](C)CCOC1=Cc2ccccc2Sc2ccc(Cl)cc21,0
Cc1c(N)cccc1[N+](=O)[O-],0
OC1CCCCC1c1ccccc1,0
Nc1nc(N)nc(-c2ccccc2)n1,0
CC(=O)OCCC(C)CC(C)(C)C,0
CC(C(=O)[O-])c1ccc2c(c1)CC(=O)c1ccccc1S2,0
CCNc1nc(Cl)nc(NCC)n1,0
COc1cc(C[C@@H]2[NH2+]CCc3cc(O)c(O)cc32)cc(OC)c1OC,0
O=C([O-])c1ccccc1OP(=O)([O-])[O-],0
COc1cc(N)c(Cl)cc1C(=O)NC1CC[NH+](Cc2ccccc2)CC1,0
CC(=O)NC[C@H]1CN(c2ccc(N3CCOCC3)c(F)c2)C(=O)O1,0
C[C@H]1CCCC(=O)CCC/C=C/c2cc(O)cc([O-])c2C(=O)O1,1
CC(=O)/N=c1\sc(S(N)(=O)=O)nn1C,0
CC(C)[NH2+]CC(O)c1ccc(NS(C)(=O)=O)cc1,0
CNC(=O)Oc1cccc2ccccc12,0
CC(=O)c1ccc(Cl)c(Cl)c1Cl,0
C[NH+]1[C@@H]2CC[C@H]1CC(OC(=O)c1c[nH]c3ccccc13)C2,0
CCCCOC(CC)OC(C)COC(O)CC,0
CC[N+]1(CC)CCC(=C(c2ccccc2)c2ccccc2)C1C,0
CCC(=O)OCCc1ccccc1,0
O=C([O-])c1cc(Br)c([O-])c(Br)c1,0
C[NH+](C)CCC[NH2+]CCC[NH+](C)C,0
CC(C)C(=O)OC/C=C/c1ccccc1,0
CC[C@H]1C[C@@H]2C[C@H]3c4[nH]c5ccc(OC)cc5c4CC[N@@H+](C2)[C@@H]13,0
CC(C)[C@@H]1CC[C@@H](C)C[C@H]1O,0
CCOC(=O)NC(C)(C)Cc1ccc(Cl)cc1,0
OC[C@]1(O)OC[C@@H](O)[C@H](O)[C@@H]1O,0
O=C([O-])CC(O)(CC(=O)[O-])C(=O)[O-],0
COC(=O)Nc1nc2cc(C(=O)c3cccs3)ccc2[nH]1,0
CC1=C(C(=O)[O-])N2C(=O)[C@@H](NC(=O)[C@H]([NH3+])c3ccc(O)cc3)[C@H]2SC1,0
Cc1cc(S(=O)(=O)[O-])c(N)cc1Cl,0
CC(CCO)CCCC(C)(C)O,0
O=C1c2ccccc2S(=O)(=O)N1CCCC[NH+]1CCN(c2ncccn2)CC1,0
CC(=O)NC1CCSC1=O,0
NC(=O)CN1CC(O)CC1=O,0
COc1cc2[nH]c(C)c(CC[NH+]3CCN(c4ccccc4)CC3)c2cc1OC,0
C[NH+](C)CC/C=C1\c2ccccc2COc2ccccc21,0
O=C(c1ccc2c(c1)C(=O)OC2=O)c1ccc2c(c1)C(=O)OC2=O,0
CCOC(=O)COc1ccc2c(C)c(CC[NH+](CC)CC)c(=O)oc2c1Cl,0
CCOC(=O)COc1ccc2c(=O)cc(-c3ccccc3)oc2c1,0
NC(=S)N/N=C/c1cccnc1,0
COc1cc(OC)nc(Sc2cccc(Cl)c2C(=O)[O-])n1,0
CCOC(=O)OCC/C(SC(=O)OCC)=C(\C)N(C=O)Cc1cnc(C)nc1N,0
COc1cc(Br)c(C[N+]2(CCOCCC3CCC4CC3C4(C)C)CCOCC2)cc1OC,0
O=C(CCC[NH+]1CC=C(n2c(=O)[nH]c3ccccc32)CC1)c1ccc(F)cc1,0
CC1CCC(C(C)C)C(OC(=O)c2ccccc2N)C1,0
CC(C)CCCCCOC(=O)CCS,0
O=C(Cl)OCc1ccccc1,0
OCCOCCN1CC[NH+](C(c2ccccc2)c2ccc(Cl)cc2)CC1,0
C[C@H]1[C@H]2CC[C@H]3[C@@H]4CC=C5C[C@@H]([NH+](C)C)CC[C@]5(C)[C@H]4CC[C@]23C[NH+]1C,0
COc1cccc(C(=O)NN(C(=O)c2cc(C)cc(C)c2)C(C)(C)C)c1C,0
CCCOC(=O)c1cc(O)c(O)c(O)c1,0
CCCCCCCCCCCCO,0
CCCC(C)(COC(N)=O)COC(N)=O,0
Cc1ccccc1NC(=[NH2+])Nc1ccccc1C,0
Clc1ccc2c(c1)C(c1ccccc1)=NCc1nncn1-2,0
O=c1[nH]sc2ccccc12,0
COP(=O)(NC(C)=O)SC,0
C=CCON/C(CCC)=C1\C(=O)CC(C)(C)C(C(=O)OC)=C1O,0
C[NH+](C)C1CSSSC1,0
C[NH+]1C[C@H](C(=O)N[C@]2(C)O[C@@]3(O)[C@@H]4CCCN4C(=O)[C@H](Cc4ccccc4)N3C2=O)C[C@@H]2c3cccc4[nH]cc(c34)C[C@H]21,0
CCN1CC(CC[NH+]2CCOCC2)C(c2ccccc2)(c2ccccc2)C1=O,0
CN(C1CCCCC1)S(=O)(=O)c1ccccc1N,0
O=S(=O)(NS(=O)(=O)C(F)(F)F)C(F)(F)F,0
O=C([O-])c1ccccc1C(=O)Nc1ccc(S(=O)(=O)Nc2nccs2)cc1,0
CSc1ccc(Cl)cc1,0
Cc1ccc([N+](=O)[O-])cc1[N+](=O)[O-],0
C=C(Nc1ccc(OCC)cc1)Nc1ccc(OCC)cc1,0
S=C(S)NCCNC(=S)S,0
Cc1ccc(C2(O)CC[NH+](CCCC(=O)c3ccc(F)cc3)CC2)cc1,0
CC(C)OP(=S)(OC(C)C)SCCNS(=O)(=O)c1ccccc1,1
CCOC(=O)C=CC(=O)OCC,0
Cc1ccccc1Br,0
C=CCCCCCCCCO,0
Cc1cc(O)c(C(C)C)cc1Cl,0
C(=C/C=N/c1ccccc1)\C=C\Nc1ccccc1,0
Cc1c(N(C)C)c(=O)n(-c2ccccc2)n1C,0
C[NH+]1CCC(OC(c2ccccc2)c2ccccc2)CC1,0
C[C@H]([NH3+])[C@H](O)c1ccc(O)c(O)c1,0
CC(=O)N[C@@H](CC(=O)N[C@@H](CCC(=O)[O-])C(=O)[O-])C(=O)[O-],0
CC(=O)OCCc1ccccc1,0
CCCCNC(=O)NCCCC,0
NC(=[NH2+])NCC1COc2ccccc2O1,0
C=CC(=O)OCCCCCCCC(C)C,0
Clc1ccc(C(Cl)(Cl)Cl)cc1Cl,0
O=C1[C@H](CC[C@H](O)c2ccc(F)cc2)[C@@H](c2ccc(O)cc2)N1c1ccc(F)cc1,0
[NH3+][C@@H](Cc1ccc(N(CCCl)CCCl)cc1)C(=O)[O-],1
CCOC(=O)c1ncn2c1CN(C)C(=O)c1cc(F)ccc1-2,0
CC[C@@H](O)C(C[C@@H](C)[NH+](C)C)(c1ccccc1)c1ccccc1,0
C[NH2+][C@@]1(c2ccccc2Cl)CCCCC1=O,0
CC(C)COC(=O)c1ccccc1,0
Cc1c(-c2cccnc2)c2ccccc2n1CCCCC(=O)[O-],0
CC(C)COC(=O)COc1cc(Cl)c(Cl)cc1Cl,0
CC(C)CCOCc1ccccc1,0
BrCc1ccccc1,0
COC(=O)CCC[N+](C)(C)C,0
C[C@]([NH3+])(Cc1ccc(O)cc1)C(=O)[O-],0
CC(C)c1c(C(=O)Nc2ccccc2)c(-c2ccccc2)c(-c2ccc(F)cc2)n1CC[C@@H](O)C[C@@H](O)CC(=O)[O-],0
CCCC[NH+](CCCC)CCCC,0
[NH3+][C@@H](Cc1ccc(Oc2cc(I)c([O-])c(I)c2)c(I)c1)C(=O)[O-],0
CS(=O)(=O)OCCCCOS(C)(=O)=O,0
CN1C(=O)c2ccc([N+](=O)[O-])cc2C1=O,0
O=C(NCCc1c[nH]c2ccccc12)c1cccnc1,0
COc1cc(C(=O)NCCCCCC(=O)[O-])cc(OC)c1OC,0
CNC(=O)Oc1cccc2c1OC(C)(C)C2,0
COCC(=O)N(c1c(C)cccc1C)C(C)C(=O)OC,0
NC(=O)N1c2ccccc2CC(=O)c2ccccc21,0
CCc1cc(C2=C(C(=O)[O-])N(c3ccccc3C(F)(F)F)S(=O)(=O)c3ccccc32)cc2c1OCO2,0
CC(=O)SC[C@@H](Cc1ccccc1)C(=O)NCC(=O)OCc1ccccc1,0
O=C(Cl)c1cccc(C(=O)Cl)c1,0
Cc1ccc2c(c1)[C@]13CCCC[C@@H]1[C@H](C2)[NH+](C)CC3,0
O=[N+]([O-])c1ccc(Cl)cc1,0
Cc1ccc([N+](=O)[O-])c([N+](=O)[O-])c1,0
CC1(C)S[C@@H]2[C@H](NC(=O)C3([NH3+])CCCCC3)C(=O)N2[C@H]1C(=O)[O-],0
OC1CCC(C2CCCCC2)CC1,0
Cc1ccc(O)c(C(=O)c2ccccc2)c1,0
CC[C@@H](CO)NCC[NH2+][C@@H](CC)CO,0
C=CC(=O)OCC[N+](C)(C)C,0
CCOP(=S)(Oc1cnc(C(C)(C)C)nc1)OC(C)C,0
CC(C)COP(=O)(OCC(C)C)OCC(C)C,0
Nc1c(Cl)cc([N+](=O)[O-])cc1Cl,0
Oc1ccc(C(O)C[NH2+]CCCCCC[NH2+]CC(O)c2ccc(O)c(O)c2)cc1O,0
CCC1Nc2cc(Cl)c(S(N)(=O)=O)cc2S(=O)(=O)N1,0
O=C([O-])c1cccc(Cl)n1,0
CC(=O)c1ccc2c(c1)N(CCC[NH+]1CCC(CCO)CC1)c1ccccc1S2,0
CC(C)[NH2+]CC(O)COc1ccccc1-n1cccc1,0
O=C1CC2(CCCC2)CC(=O)N1CC[NH2+]CC1COc2ccccc2O1,0
CCC(C)c1cc([N+](=O)[O-])cc([N+](=O)[O-])c1[O-],0
O=[N+]([O-])c1ccc(CBr)cc1,0
CCCCC(CC)COC(=O)c1ccccc1,0
COC1=CC(=O)C[C@@H](C)[C@]12Oc1c(Cl)c(OC)cc(OC)c1C2=O,0
O=C([O-])C(Br)CBr,0
CC(=O)Nc1ccc(OC(=O)c2ccccc2OC(C)=O)cc1,0
O=C(c1ccccc1)c1ccccc1O,0
C=CC(=O)NC(C)(C)CS(=O)(=O)[O-],0
CC(C)(OO)c1ccccc1,0
Clc1ccccc1-c1ccccc1Cl,0
Clc1ccc(C(Cl)(Cl)Cl)cc1,0
O=C([O-])C(c1ccc(Cl)cc1)c1ccc(Cl)cc1,0
CC(C)[N+](C)(CCOC(=O)C1c2ccccc2Oc2ccccc21)C(C)C,0
O=C([O-])c1nc(Cl)ccc1Cl,0
OC[C@@H](O)[C@@H](O)[C@H](O)[C@H](O)CO,0
CCCCCCCCOc1ccc(C(=O)[O-])cc1,0
CCCOc1ccc(S(=O)(=O)N2CC[NH+](CC)CC2)cc1-c1nc2c(CC)n(Cc3ccccn3)nc2c(=O)[nH]1,0
Cc1cccc(Nc2ccccc2C(=O)[O-])c1C,0
COc1cc(C[C@H](C)[NH3+])c(OC)cc1C,0
C[NH+](C)[C@@H]1C([O-])=C(C(=O)NC[NH+]2CCCC2)C(=O)[C@@]2(O)C([O-])=C3C(=O)c4c([O-])cccc4[C@@](C)(O)C3C[C@@H]12,0
OCC(CO)(CBr)CBr,0
CCOc1cc(OCC)c(C(=O)CCC(=O)[O-])cc1OCC,0
CC(C)C(C)(C)C(C)(C)C(C)(C)S,0
COC(=O)[C@H]1[C@@H](OC(=O)c2ccccc2)C[C@@H]2CC[C@H]1[NH+]2C,0
S=C(Nc1ccccc1)Nc1ccccc1,1
CCOP(=O)(C[NH+](CCO)CCO)OCC,0
[O-]c1c(Cl)cc(Cl)c(Cl)c1Cl,0
CCN(CC)C(=O)N1CC[NH+](C)CC1,0
Oc1ccc(Nc2ccccc2)cc1,0
C[C@]12CC[C@@H]3c4ccc(O)cc4CC[C@H]3[C@@H]1CCC2=O,0
CC1=NN(c2cc(S(=O)(=O)[O-])ccc2Cl)C(=O)C1/N=N/c1ccccc1,0
O=S(=O)([O-])c1cccc2ccccc12,0
CCOC(=O)c1ccccc1OC,0
O=C(Nc1ccccc1-c1ccc(Cl)cc1)c1cccnc1Cl,0
Cc1cccc(C)c1[N+](=O)[O-],0
COP(=O)(OC)O/C(C)=C/C(=O)N(C)C,0
c1ccc(-c2nc[nH]c2-c2ccccc2)cc1,0
COC(=O)c1ccccc1N,0
Cc1cc(OC(=O)N(C)C)nn1C(=O)N(C)C,0
COc1cc(CCC(C)=O)ccc1O,0
CCC(=O)OC(OP(=O)(CCCCc1ccccc1)CC(=O)N1C[C@H](C2CCCCC2)C[C@H]1C(=O)[O-])C(C)C,0
C[NH+](C)Cc1ccccc1O,0
[O-]c1c(Br)cc(Br)cc1Br,0
C=CC[N@@+]12CC[C@@]34c5ccccc5N5/C=C6/[C@H]7C[C@H]8[C@@]9(CC[N@@+]8(CC=C)C/C7=C/CO)c7ccccc7N(/C=C(/[C@@H](C[C@@H]31)/C(=C\CO)C2)[C@H]54)[C@@H]69,0
Brc1c(NC2=[NH+]CCN2)ccc2nccnc12,0
CCC(CO)(CO)COCC(CC)(CO)CO,0
O=C1CCCCCCCCCCCC(=O)OCCO1,0
CCCCC(CC)COC(=O)c1ccc(N(C)C)cc1,0
O=C([O-])c1nc(O)nc(O)n1,0
CC1(C)CC(=O)CC(C)(C)[NH2+]1,0
O=C(CCC[NH+]1CCC(O)(c2ccc(Cl)cc2)CC1)c1ccc(F)cc1,0
[NH3+][C@@H](C(=O)N[C@@H]1C(=O)N2C(C(=O)[O-])=C(CSc3c[nH]nn3)CS[C@H]12)c1ccc(O)cc1,0
COC(=O)[N-]C(=S)Nc1ccccc1NC(=S)[N-]C(=O)OC,0
CCC(C)C(=O)OCCc1ccccc1,0
CC(=O)C1=C(C)[C@@H]2C[C@@]3(C1)[C@H](C)CC[C@H]3C2(C)C,0
Cc1cccc(C)c1OCC(C)[NH3+],0
CO/N=C(\C(=O)N[C@@H]1C(=O)N2C(C(=O)[O-])=C(C[n+]3cccc4c3CCC4)CS[C@H]12)c1csc(N)n1,0
C[N+](C)(C)CCOC(=O)CCC(=O)OCC[N+](C)(C)C,0
c1ccc(Oc2ccccc2)cc1,0
CC(C)(C)C1(CCc2ccc(Cl)cc2)CO1,0
C=CCN1C(=O)C(CC(C)C)NC1=S,0
O=C(Cn1ccnc1[N+](=O)[O-])NCCO,0
O=C1c2c([O-])ccc([O-])c2C(=O)c2c(NCC[NH2+]CCO)ccc(NCC[NH2+]CCO)c21,0
Cl[C@H]1OCCO[C@@H]1Cl,0
C[NH+](C)CCCN1c2ccccc2C(C)(C)c2ccccc21,0
Cc1cccc(Br)c1,0
O=C1C[N+]([O-])=C(c2ccccc2)c2cc(Cl)ccc2N1,0
CC[n+]1c(-c2ccccc2)c2cc(N)ccc2c2ccc(N)cc21,0
COc1cc2[nH]c(=O)[nH]c(=O)c2cc1OC,0
CNC(=O)C(c1ccccc1)c1ccccc1,0
O=[N+]([O-])c1ccc(Nc2ccc(Nc3ccccc3)c(S(=O)(=O)[O-])c2)c([N+](=O)[O-])c1,0
CC(C)OC(=O)CCC(=O)OC(C)C,0
CC1CCCC[NH+]1CCCOC(=O)c1ccccc1,0
OC[C@@H](O)[C@H](O)[C@H](O)[C@@H](O)CO,0
COc1ccc(C)cc1[N+](=O)[O-],0
CCCCCCCCCC(C)=O,0
O=S(=O)([O-])Oc1ccc(C(c2ccc(OS(=O)(=O)[O-])cc2)c2ccccn2)cc1,0
CCc1cccc(CC)c1N(COC)C(=O)CCl,0
CCc1c(C)[nH]c2c1C(=O)C(C[NH+]1CCOCC1)CC2,0
C=CC(=O)OCCCCCC(C)C,0
O=C([O-])c1ccccc1[S-],0
COc1cc(Cl)c(OC)cc1Cl,0
[NH3+]C(Cc1c[nH]c2ccccc12)C(=O)[O-],0
CCN(CC)C(=O)c1ccc(O)c(OC)c1,0
O=C1CCC(C2CCCCC2)CC1,0
CCCC[NH+]1CCCC1C(=O)Nc1c(C)cc(C)cc1C,0
Cc1ccc(C(=O)c2ccc(CC(=O)[O-])n2C)cc1,0
CC(C)=CCC/C(C)=C/CO,0
O=S(=O)([O-])c1ccc2cc(O)ccc2c1,0
O=C([O-])C1=NN(c2ccc(S(=O)(=O)[O-])cc2)C(=O)C1,0
CCCCc1c(C)nc(NCC)nc1O,0
COC(=O)C1=C(C)NC(C)=C(C(=O)O[C@H]2CC[NH+](Cc3ccccc3)C2)[C@H]1c1cccc([N+](=O)[O-])c1,0
CCCCCCCCc1ccc(S(=O)(=O)[O-])cc1,0
C[C@@H]1CN(c2c(F)c(N)c3c(=O)c(C(=O)[O-])cn(C4CC4)c3c2F)C[C@H](C)[NH2+]1,0
C#C[C@]1(OC(C)=O)CC[C@H]2[C@@H]3CCC4=CC(=O)CC[C@@H]4[C@H]3CC[C@@]21C,0
C=CCOC(=O)CCC1CCCCC1,0
CCCc1c(OCCCOc2ccc(OCC(=O)[O-])cc2)ccc(C(C)=O)c1O,0
CCC(=O)Nc1ccc(O)cc1,0
COc1ccc2[nH]c(S(=O)Cc3ncc(C)c(OC)c3C)nc2c1,0
CNc1c2c(nn1C)CCCC2,0
O=[N+]([O-])c1cc(Cl)c(Cl)cc1Cl,0
CNC(=O)Oc1cc(C)c(N(C)C)c(C)c1,0
BrCC(Br)(Br)Br,1
Cc1cc(NC(=O)C(=O)[O-])cc(C)c1Oc1ccc(O)c2c1CCC2,0
Fc1c(F)c(F)c(Br)c(F)c1F,0
CN/C(=N/[N+](=O)[O-])NCC1CCOC1,0
Cc1ccc(N)cc1S(=O)(=O)[O-],0
CC1(C)C(C(=O)OC(C#N)c2cccc(Oc3ccccc3)c2)C1(C)C,0
CCOC(=O)c1ccccc1N,0
COc1ccc2c(c1OC)C(=O)O[C@@H]2[C@H]1c2cc3c(cc2CC[NH+]1C)OCO3,0
CO[C@@]12[C@H](COC(N)=O)C3=C(C(=O)C(C)=C([NH3+])C3=O)N1C[C@@H]1[NH2+][C@@H]12,1
CCC1(CCC(C)C)C(=O)NC(=O)NC1=O,0
COc1ccc2[nH]cc(CC[NH+](C(C)C)C(C)C)c2c1,0
C#C[C@]1(O)CC[C@H]2[C@@H]3CCc4cc(O)ccc4[C@H]3CC[C@@]21C,0
C#Cc1cccc(Nc2ncnc3cc(OCCOC)c(OCCOC)cc23)c1,0
CC(C)[NH2+]CC(O)c1ccc([N+](=O)[O-])cc1,0
CC1(c2ccccc2)OC(C(=O)[O-])=CC1=O,0
COc1ccc(O)c(C(C)(C)C)c1,0
Cc1ncsc1CCCl,0
O=C(CCl)c1ccc(Oc2ccc(C(=O)CCl)cc2)cc1,0
C[NH+](C1CCCCC1)C1CCCCC1,0
C[NH+](C)CCCSc1ccccc1NC(=O)/C=C/c1ccccc1,0
CS(=O)(=O)NC(=O)c1cc(Oc2ccc(C(F)(F)F)cc2Cl)ccc1[N+](=O)[O-],0
O=C(Nc1cccc2c(=O)cc(-c3nnn[n-]3)oc12)c1ccc(OCCCCc2ccccc2)cc1,0
CCCCCCC(C)(C)S,0
CCCOc1ccccc1-c1nc2[nH]nnc2c(=O)[nH]1,0
O=C(OCCOCCOCCOC(=O)c1ccccc1)c1ccccc1,0
O=C1C2CC3CC1CC(O)(C3)C2,0
CCOP(=O)(SC(C)CC)N1CCSC1=O,0
Cc1ccc(S(=O)(=O)NC(=O)N[C@@H](C)Cc2ccccc2)cc1,0
CC1(C)O[C@@H]2C[C@H]3[C@@H]4C[C@H](F)C5=CC(=O)C=C[C@]5(C)[C@@]4(F)[C@@H](O)C[C@]3(C)[C@]2(C(=O)CO)O1,0
O=C1c2ccccc2C(=O)C1c1ccc(F)cc1,0
O=C(O[C@H]1C[NH+]2CCC1CC2)N1CCc2ccccc2[C@@H]1c1ccccc1,0
C[NH2+][C@@H]1CCc2[nH]c3ccc(C(N)=O)cc3c2C1,0
Cc1ccc(=O)n(-c2ccccc2)c1,0
CCCCOCCOCCOCc1cc2c(cc1CCC)OCO2,0
COc1cc(NS(C)(=O)=O)ccc1Nc1c2ccccc2nc2ccccc12,0
CC(=O)c1sc(C)nc1C,0
Nc1ccn([C@H]2CS[C@@H](CO)O2)c(=O)n1,0
FC(F)OC(F)(F)C(F)Cl,0
CC(C)(O)C(=O)c1ccccc1,0
Cc1onc(-c2ccccc2)c1C(=O)N[C@@H]1C(=O)N2[C@@H]1SC(C)(C)[C@@H]2C(=O)[O-],0
CCCCC(CC)COC(=O)CS,0
CCCCCOC(=O)CCC,0
COc1cc(/C=C/C(=O)CC(=O)/C=C/c2ccc(O)c(OC)c2)ccc1O,0
Cc1ccc(/N=N/c2c(O)c(C(=O)[O-])cc3ccccc23)c(S(=O)(=O)[O-])c1,0
[NH3+]CCNC(=O)c1ccc(Cl)cn1,0
C[NH2+]C(C)C(O)c1ccc(O)cc1,0
O=C([O-])C(Br)(Br)Br,0
C[NH+]1CCN(C2=[NH+]c3cc(Cl)ccc3Nc3ccccc32)CC1,0
c1ccc(OCC2CO2)cc1,0
CC1(C)S[C@@H]2[C@H](NC(=O)[C@H]([NH3+])c3ccc(O)cc3)C(=O)N2[C@H]1C(=O)[O-],0
CCOC(=O)[C@H](CCc1ccccc1)[NH2+][C@@H](C)C(=O)N1CC2(C[C@H]1C(=O)[O-])SCCS2,0
CCN(C)C(=O)Oc1cccc([C@H](C)[NH+](C)C)c1,0
Nc1cccc2c1CN(C1CCC(=O)NC1=O)C2=O,0
Nc1nc2c(Cl)cccc2s1,0
CC(=O)Nc1ccc(S(=O)(=O)[N-]c2ccc([N+](=O)[O-])cc2)cc1,0
COc1ccc(OC)c(C(O)C(C)[NH3+])c1,0
O=C1[C@@H]2[C@H]3CC[C@H](C3)[C@@H]2C(=O)N1CCCC[NH+]1CCN(c2ncccn2)CC1,0
CN/C(=N\C#N)NCCSCc1csc([NH+]=C(N)N)n1,0
CCC(=O)c1c(O)cc(O)cc1O,0
O=C(N[C@@H]1N=C(c2ccccc2F)c2cccc3c2N(CC3)C1=O)c1cc2ccccc2[nH]1,1
Cc1cc(Nc2ccccc2C(=O)[O-])ccc1Cl,0
CC(C)(C)C1CCCCC1O,0
CCOC(=O)CC(O)C(=O)OCC,0
FC(F)(F)C(F)(F)C(F)(F)C(F)(F)C(F)(F)F,0
O=C1O[C@H]2[C@H](O)[C@@H]1OC(O)[C@H]2O,0
CC(=O)CC(C)(C)C1CCCCC1,0
CC(C)(N=C=O)c1cccc(C(C)(C)N=C=O)c1,0
CN(C)NC(=O)CCC(=O)[O-],0
CCNc1nc(NC(C)(C)C)nc(SC)n1,0
CCCC(Cn1cncn1)c1ccc(Cl)cc1Cl,1
N#CC1(/N=N/C2(C#N)CCCCC2)CCCCC1,0
O=C1OC(=O)c2c(Br)c(Br)c(Br)c(Br)c21,0
CCN(CC)c1cccc(O)c1,0
Cc1ncc([N+](=O)[O-])n1CCO,0
O=C([O-])CNC(=O)CNC(=O)CNC(=O)CSC(=O)c1ccccc1,0
Cc1coc2c1CCC(C)C2,0
O=C([O-])c1cc2cc(Cc3cccnc3)ccc2o1,0
CCC(=O)O[C@](Cc1ccccc1)(c1ccccc1)[C@H](C)C[NH+](C)C,0
C[NH+](C)CCOCC[NH+](C)C,0
FC(F)(F)c1ccccc1Cl,0
BrCCc1ccccc1,0
CC(C)(C)c1ccc(O)c(O)c1,0
Cc1ccc(C(=O)c2ccccc2)cc1,0
CCOP(=O)(OCC)Oc1cc(C)nc(C(C)C)n1,0
CC(S)C(=O)NCC(=O)[O-],0
CCCCC(CC)COCCC#N,0
ClC(Cl)Br,0
CC(O)CN(CC[NH+](CC(C)O)CC(C)O)CC(C)O,0
NC1=[NH+]CC2c3ccccc3Cc3ccccc3N12,0
CCCCCCCC(=O)N(C)C,0
COP(=S)(Cl)OC,0
O=c1[nH]c2ccccc2n1CCCN1CC[NH+](C(c2ccccc2)c2ccccc2)CC1,0
CCSCc1ccccc1OC(=O)NC,0
C[N+]1(CCCCC[N+]2(C)CCCC2)CCCC1,0
SCCOCCOCCS,0
[NH3+]CC1CCC(C(=O)[O-])CC1,0
CC1(C)OC[C@@H]2O[C@@]3(C(=O)[O-])OC(C)(C)O[C@H]3[C@@H]2O1,0
O=C([O-])c1cccnc1C(=O)[O-],0
O=C(C1CCCCC1)N1CC(=O)N2CCc3ccccc3C2C1,0
CCCCCBr,0
C[NH+]1CCC(=C2c3ccccc3CC(=O)c3sccc32)CC1,0
CC=C(C)C(=O)OCCC(C)CCC=C(C)C,0
Cc1nc(C)nc(N2C[C@@H](C)N(c3ccnc([C@@H](C)O)n3)[C@@H](C)C2)n1,0
CCCCCCCC1CCCC1=O,0
O=[N+]([O-])/N=C1\NCCN1Cc1ccc(Cl)nc1,0
O=Cc1cccc(Br)c1,0
Nc1cc([N+](=O)[O-])cc([N+](=O)[O-])c1[O-],0
CCC(=O)NS(=O)(=O)c1ccc(-c2c(-c3ccccc3)noc2C)cc1,0
C[NH+]1[C@@H]2CC[C@H]1C[C@@H](OC(=O)C(O)c1ccccc1)C2,0
C/C(=N\NC(=O)Nc1cc(F)cc(F)c1)c1ncccc1C(=O)[O-],0
C[NH+](C)CCC(c1ccccc1)c1ccccn1,0
CCc1cccc2c3c([nH]c12)C(CC)(CC(=O)[O-])OCC3,0
O=[N+]([O-])c1c(Cl)c(Cl)cc(Cl)c1Cl,0
O=C([O-])c1ccc(S(=O)(=O)[O-])cc1C(=O)[O-],0
O=C1OC(=O)c2cc(-c3ccc4c(c3)C(=O)OC4=O)ccc21,0
CC1(C)C2CCC3(C2)[C@H]1C(=O)CCC3(C)C,0
CCOc1ccc(NC(=O)CC(C)O)cc1,0
C=C(C)[C@@H]1CC=C(C=O)CC1,0
Nc1nc(Cl)cc(Cl)n1,0
C=CC(C)(O)CCC=C(C)CCC=C(C)C,0
Brc1ccc(Oc2ccc(Br)cc2)cc1,0
C=CC(C)(O)CC/C=C(/C)CCC=C(C)C,0
CC(C)OC(=O)c1cc(C(=O)OC(C)C)cc([N+](=O)[O-])c1,0
CC(=O)c1ccc2c(c1)N(CCC[NH+](C)C)c1ccccc1S2,0
CCOP(=S)(OCC)Oc1cc(C)nc(N(CC)CC)n1,1
C=CCOC(=O)c1ccc(C(=O)OCC=C)c(C(=O)OCC=C)c1,0
C=CCc1ccc(O)c(OC)c1,0
C=CCSCC1Nc2cc(Cl)c(S(N)(=O)=O)cc2S(=O)(=O)N1,0
NS(=O)(=O)c1cc2c(cc1Cl)NCNS2(=O)=O,0
CCSC(=O)N(CC(C)C)CC(C)C,0
C[C@]1(O)CC[C@H]2[C@@H]3CCC4=CC(=O)CC[C@]4(C)[C@@]3(F)[C@@H](O)C[C@@]21C,0
CCOP(=S)(OCC)Oc1ccc(S(C)=O)cc1,0
Nc1ccc(Sc2ccc(N)cc2)cc1,0
CC(=O)OC(C(=O)c1ccccc1)c1ccccc1,0
COc1nc(C)nc(NC(=O)NS(=O)(=O)c2ccccc2OCCCl)n1,0
C[C@@H](O)[C@H]1C(=O)N2C(C(=O)[O-])=C([C@H]3CCCO3)S[C@H]12,0
Cc1cn([C@H]2C[C@H](N=[N+]=[N-])[C@@H](CO)O2)c(=O)[nH]c1=O,0
CC(C)(Oc1ccc(C2CC2(Cl)Cl)cc1)C(=O)[O-],0
O=C([O-])C(Cl)(Cl)Cl,0
CCOC(=O)c1ccccc1,0
CN(C)C(=O)COC(=O)Cc1ccc(OC(=O)c2ccc(NC(N)=[NH2+])cc2)cc1,0
CCCCC(O)(Cn1cncn1)c1ccc(Cl)cc1Cl,1
O=C([O-])[C@H](CC(=O)N1C[C@H]2CCCC[C@H]2C1)Cc1ccccc1,0
NS(=O)(=O)c1cc2c(cc1Cl)NC(C(Cl)Cl)NS2(=O)=O,0
CC(C)C(=O)OCC(C)(C)C(O)C(C)C,0
CCCCCCCCCCCC#N,0
COc1ccc(Cc2cnc(N)nc2N)cc1OC,0
CC(=O)O[C@H]1CC[C@@]2(C)C(=CC[C@H]3[C@@H]4CC[C@H](C(C)=O)[C@@]4(C)CC[C@@H]32)C1,0
O=S(=O)([O-])c1ccc(/N=N/c2c(O)ccc3cc(S(=O)(=O)[O-])ccc23)cc1,0
CCCn1cnc2c1c(=O)n(CCCCC(C)=O)c(=O)n2C,0
C=CCCCCCCCCC(=O)OCC,0
O=P([O-])([O-])OC(Cn1cncn1)(Cn1cncn1)c1ccc(F)cc1F,0
CC(C)OC(=O)c1ccccc1,0
O=[N+]([O-])c1cccc(S(=O)(=O)NCCNS(=O)(=O)c2cccc([N+](=O)[O-])c2)c1,0
Cc1ccccc1N1C(=O)c2cc(S(N)(=O)=O)c(Cl)cc2NC1C,0
C=CCOc1nc(OCC=C)nc(OCC=C)n1,0
CCCCCCCCSCC,0
CC(=O)OCC(COC(C)=O)OC(C)=O,0
CC1(C)CCC(NC(=O)[C@@H]([NH3+])CCC(=O)[O-])CC1,0
C=CCc1cc(OC)c2c(c1)OCO2,0
c1cc(CCCc2ccncc2)ccn1,0
CCC(C)(C)C1CCC(=O)CC1,0
CCCCOC(=O)C(=O)OCCCC,0
CC(C)Cc1ccc(CC(=O)[O-])cc1,0
C[NH+]1CCN(C(=O)C2CCCCC2)CC1,0
C[NH+](C)CCC[NH+](C)CCC[NH+](C)C,0
FC(F)(F)c1ccc(Cl)cc1Cl,0
CC(=O)O[C@@H]1CC2CCC1(C)C2(C)C,0
Cc1nnc(-c2ccccc2)c(=O)n1N,0
CS(=O)(=O)c1ccc(C(=O)[C-]2C(=O)CCCC2=O)c(Cl)c1COCC(F)(F)F,0
COP(=S)(OC)Oc1ccc(SC)c(C)c1,0
O=C(CS(=O)Cc1ccco1)NC/C=C\COc1cc(C[NH+]2CCCCC2)ccn1,0
COc1ccc(N)c(OC)c1,0
OC(CC[NH+]1CCCCC1)(c1ccccc1)c1ccccc1,0
O=C(NC1CC[NH+](CCc2c[nH]c3ccccc23)CC1)c1ccccc1,0
Oc1cc(Cl)cc(Cl)c1,0
CCCCC(CC)COC(=O)c1ccc(O)cc1,0
C[C@@H]1[C@H]2Cc3ccc(O)cc3[C@]1(C)CC[NH+]2C,1
CCC1(c2ccc(N)cc2)CCC(=O)NC1=O,0
CC(=O)N[C@H]1C(O)O[C@H](CO)[C@@H](O)[C@@H]1O,0
COC(C)(C)CCCC(C)CC=O,0
CCC[C@@H]1C[C@@H](C(=O)N[C@@H]([C@H]2O[C@H](SC)[C@H](O)[C@@H](O)[C@H]2O)[C@@H](C)O)[NH+](C)C1,0
NC(=O)c1ncn([C@@H]2O[C@H](CO)[C@@H](O)[C@H]2O)c1N,0
O=C(CS)Nc1ccccc1,0
COC1CC(=C(c2cccs2)c2cccs2)C[N+](C)(C)C1,0
CC(C)(C)C(=O)[C-](Cl)Cl,0
O=c1n(CCO)c(=O)n(CCO)c(=O)n1CCO,0
CC(=O)O[C@H]1C[C@@]2(C)[C@@H](C[C@@H](O)[C@H]3[C@@]4(C)CC[C@@H](O)[C@@H](C)[C@@H]4CC[C@@]32C)/C1=C(\CCC=C(C)C)C(=O)[O-],0
CCCCCCCCOS(=O)(=O)[O-],0
CN(C)c1nc(N(C)C)nc(N(C)C)n1,0
O=C(CCC[NH+]1CCN2CCCC2C1)c1ccc(F)cc1,0
CC(C)OC(=O)c1ccccc1C(=O)OC(C)C,0
O=C([O-])c1cc(C(=O)[O-])cc([N+](=O)[O-])c1,0
OCCSSCCO,0
CC(C)(C)c1cc(CCC(=O)NN)cc(C(C)(C)C)c1O,0
CC(C)[NH2+]CC(O)c1cc(O)cc(O)c1,0
CC(=O)OC/C=C(\C)CCC=C(C)C,0
C[NH+]1[C@@H]2CC[C@H]1C[C@@H](OC1c3ccccc3CCc3ccccc31)C2,0
Cc1c([N+](=O)[O-])cccc1[N+](=O)[O-],0
CCCCCC[C@@H](CCC)C(=O)[O-],0
CON=C(C(=O)N[C@@H]1C(=O)N2C(C(=O)[O-])=C(COC(N)=O)CS[C@H]12)c1ccco1,0
NC(=O)C(Cl)(Cl)Cl,0
C[C@H]([NH3+])C(=O)N[C@@H](C)P(=O)([O-])[O-],0
Clc1cc(Cl)c(Cl)cc1Cl,0
CCCCC(CC)COC(C)=O,0
COc1ccc2c(=O)c(C)c(-c3ccccc3)oc2c1C[NH+](C)C,0
COC(C(=O)[O-])c1ccccc1,0
C[NH+](C)CCOC(=O)COc1ccc(Cl)cc1,0
Cc1cccc(C(C)(C)C)c1O,0
[NH3+]C1CCN(c2cccc(Cl)n2)CC1,0
C=CCOC(=O)C=CC(=O)OCC=C,0
COc1ccccc1OCC1CNC(=O)O1,0
CC[NH+](CC)CCNC(=O)c1cc(Cl)c(N)cc1OC,0
CC[NH2+][C@H]1CN(CCCOC)S(=O)(=O)c2sc(S(N)(=O)=O)cc21,0
CN(C)c1nc(=O)n(C2CCCCC2)c(=O)n1C,0
Cc1cnc(C(=O)NCCc2ccc(S(=O)(=O)NC(=O)NC3CCCCC3)cc2)cn1,0
CC1CCC(C(C)(C)S)C(=O)C1,0
NC(=O)CS(=O)C(c1ccccc1)c1ccccc1,0
COC(=O)C(C[NH3+])c1c[nH]c2ccc(OC)cc12,0
CCOC(=O)C(C)(C)Oc1ccc(Cl)cc1,0
COC(=O)[C@H](c1ccccc1Cl)[NH+]1CCc2sccc2C1,0
Cc1onc(-c2c(Cl)cccc2Cl)c1C(=O)N[C@@H]1C(=O)N2[C@@H]1SC(C)(C)[C@@H]2C(=O)[O-],0
O=C([O-])c1ccc(OCCCOc2ccc(C(=O)[O-])cc2)cc1,0
C[C@]12C/C(=C/[O-])C(=O)C[C@@H]1CC[C@@H]1[C@@H]2CC[C@@]2(C)[C@H]1CC[C@]2(C)O,0
O=C(Oc1cccc2cccnc12)c1ccccc1,0
CC(C1CC1)C(O)(Cn1cncn1)c1ccc(Cl)cc1,0
CCOC(=O)C[NH2+][C@@H](C(=O)N1CC[C@H]1C(=O)NCc1ccc(C(N)=[NH+]O)cc1)C1CCCCC1,0
C[C@]12C=CC(=O)C=C1CC[C@@H]1[C@@H]2CC[C@]2(C)OC(=O)CC[C@@H]12,0
C[NH+](C)CC/C=C1/c2ccccc2COc2ccc(CC(=O)[O-])cc21,0
COC(=O)c1ccc(C)cc1,0
CC[NH2+]C(C)Cc1ccc2c(c1)OCO2,0
NC(=[NH2+])NC(=O)c1nc(Cl)c(N)nc1N,0
O=C(c1ccc(O)cc1O)c1ccc(O)cc1O,0
CC(C)N(C(=O)SC/C(Cl)=C/Cl)C(C)C,0
Cc1ccc(C=C2C(=O)C3CCC2C3(C)C)cc1,0
O=C([O-])Cc1ccc(Cl)cc1Cl,0
CCOP(=S)(CC)Sc1ccccc1,0
C=CCOc1ccccc1OCC(O)C[NH2+]C(C)C,0
Nc1ccc(S(=O)(=O)Nc2ccccc2)cc1,0
C=C(C)C(=O)NCCC[NH+](C)C,0
OC[C@H]1O[C@@H](Oc2ccc(O)cc2)[C@H](O)[C@@H](O)[C@@H]1O,0
Cc1cccc([N+](=O)[O-])c1C(=O)[O-],0
O=C([O-])[C@@H](O)[C@H](O)[C@H](O)[C@@H](O)C(=O)[O-],0
C[NH2+]C[C@H](O)c1cccc(O)c1,0
CC(O)[C@H]1CC[C@H]2[C@@H]3CC[C@@H]4C[C@@H](O)CC[C@]4(C)[C@H]3CC[C@]12C,0
Cc1onc(-c2ccccc2Cl)c1C(=O)N[C@@H]1C(=O)N2[C@@H]1SC(C)(C)[C@@H]2C(=O)[O-],0
C=C(C)C(=O)OCCOP(=O)([O-])[O-],0
CCCCCCCCCCl,0
C[NH+](C)CCCOc1nn(Cc2ccccc2)c2ccccc12,0
O=P([O-])([O-])C[NH+](CP(=O)([O-])[O-])CP(=O)([O-])[O-],0
CCNS(=O)(=O)c1ccc(C)cc1,0
O=C([O-])c1cc(C(=O)[O-])cc(S(=O)(=O)[O-])c1,0
C=C(C)C(=O)OCCC(F)(F)C(F)(F)C(F)(F)C(F)(F)C(F)(F)C(F)(F)F,0
NC(=O)N/N=C/c1ccc([N+](=O)[O-])o1,0
CC(C)(O)C(=O)c1ccc(OCCO)cc1,0
O=Cc1ccc([N+](=O)[O-])cc1,0
CCOC(=O)COc1ccc(Cl)cc1Cl,0
C=CC(C)(CCC=C(C)C)OC(=O)C(C)C,0
CCC(C)c1ccccc1O,0
COc1cc(C)c(Cc2cnc(N)nc2N)cc1OC,0
CC[NH+](CC)CCN1C(=O)CN=C(c2ccccc2F)c2cc(Cl)ccc21,0
CCC(C)C1CCCCC1=O,0
CC(C)(c1ccc(OCC2CO2)cc1)c1ccc(OCC2CO2)cc1,0
CC12CC1(C)C(=O)N(c1cc(Cl)cc(Cl)c1)C2=O,0
CC[NH+]1CCc2nc(N)oc2CC1,0
CC(C)(C)c1ccc(CSc2cnn(C(C)(C)C)c(=O)c2Cl)cc1,1
Cc1cnc2c(C(=O)[O-])c(Cl)ccc2c1,0
CCCCCCCCOCCC#N,0
CCC1(CC)C(=O)NC([O-])=[NH+]C1=O,0
C=C(C)C(=O)O[C@@H]1C[C@H]2CC[C@]1(C)C2(C)C,0
CCC(C)c1ccc(O)cc1,0
Oc1ccc(Cl)cc1Cc1ccccc1,0
O=C1CN(/N=C/c2ccc([N+](=O)[O-])o2)C(=O)N1,0
COCCOC(=O)C1=C(C)NC(C)=C(C(=O)OC/C=C/c2ccccc2)C1c1cccc([N+](=O)[O-])c1,0
CCCCCOc1ccc(C2SC(=O)[N-]C2=O)cc1OCC,0
CCOP(=S)(OCC)Oc1ncn(-c2ccccc2)n1,0
C=CC(=O)OCC(CC)CCCC,0
CC(=O)c1c(C)cc(C(C)(C)C)cc1C,0
C[C@]12CCC(=O)C=C1CC[C@@H]1[C@@H]2CC[C@@]2(C)[C@H]1CC[C@]2(O)C(=O)CO,0
C=CCOCC(O)CS(=O)(=O)[O-],0
O=C1OC(=O)c2c(Cl)c(Cl)c(Cl)c(Cl)c21,0
CC(C)=CCC/C(C)=C\CO,0
FC(F)(F)c1ccc(Cl)cc1,0
Cc1occc(=O)c1OC(=O)C(C)C,0
Cc1ccc(S(=O)(=O)N=C=O)cc1,0
Cc1c(Cl)cccc1Nc1ccccc1C(=O)[O-],0
O=C([O-])c1cc(O)nc(O)n1,0
CCCCCCCCC(=O)OCC,0
CCNc1nc(NC(C)CC)nc(OC)n1,0
CCCCCCOC(=O)CC,0
COc1c(O)cc2c(c1O)[C@@H]1O[C@H](CO)[C@@H](O)[C@H](O)[C@H]1OC2=O,0
[NH3+]CCC[NH+](CCO)CCO,0
c1ccc(Nc2ccccc2)cc1,0
O=C([O-])CNC(=O)c1ccccc1I,0
COC(=O)c1ccc(O)cc1,0
[NH3+][C@H](Cc1c[nH]c2ccccc12)C(=O)[O-],0
CN(c1nccc(=O)[nH]1)C1CCN(c2nc3ccccc3n2Cc2ccc(F)cc2)CC1,0
C/C=C\c1ccc(OCC)c(O)c1,0
CN(C(=O)c1c([O-])c2ccccc2n(C)c1=O)c1ccccc1,0
C/C(=C(/CCO)SSCC1CCCO1)N(C=O)Cc1cnc(C)nc1N,0
O=[N+]([O-])c1cccc(I)c1,0
CC(C)[NH2+]CC(O)c1ccc2ccccc2c1,0
O=C([O-])c1cccc(C(=O)[O-])c1C(=O)[O-],0
CN1COc2c(N3CC[NH+](C)CC3)c(F)cc3c(=O)c(C(=O)[O-])cn1c23,0
COP(=O)([O-])OP(=O)([O-])OC,0
CC(=O)Nc1c(I)c(C(=O)[O-])c(I)c(N(C)C(C)=O)c1I,0
O=C([O-])Cc1nn(Cc2ccc(Br)cc2F)c(=O)c2ccccc12,0
O=[N+]([O-])c1cccc2cccc([N+](=O)[O-])c12,1
Cc1nc(C)c(Cl)c([O-])c1Cl,0
O=C(CCC[NH+]1CCC(n2c(=O)[nH]c3ccccc32)CC1)c1ccc(F)cc1,0
O=[N+]([O-])c1cccc2ccccc12,0
NC(=S)c1c(Cl)cccc1Cl,0
O=C1NCCN1c1ncc([N+](=O)[O-])s1,0
CCCCCCCCn1sccc1=O,0
CC1CC(OC(=O)C(O)c2ccccc2)CC(C)(C)C1,0
CC(C(=O)[O-])c1ccc(C(=O)c2cccs2)cc1,0
COC1=CC=C2[C@H]3Cc4ccc(OC)c5c4[C@@]2(CC[NH+]3C)[C@H]1O5,0
Nc1nc2ccc([N+](=O)[O-])cc2s1,0
CCCC(CCC)C(=O)O[C@H]1C[C@H]2CC[C@@H](C1)[N+]2(C)C,0
C=CCc1cc(OC)c(O)c(C(=O)NCCO)c1,0
CCOC(=O)C1=C(COCC[NH3+])NC(C)=C(C(=O)OC)C1c1ccccc1Cl,0
CCCCCCCc1ccc(O)cc1,0
CCCCCCCCCOS(=O)(=O)[O-],0
Nc1ccc([N+](=O)[O-])cc1O,0
COC(=O)[C@@H]([NH3+])Cc1ccc(O)c(O)c1,0
COC(=O)C1=CCC[NH+](C)C1,0
CCCOC(=O)c1ccccc1,0
C[NH2+]CCCC1c2ccccc2C=Cc2ccccc21,0
Cc1ncc([N+](=O)[O-])n1CC(C)O,0
O=c1c([O-])c(-c2ccc(O)c(O)c2)oc2cc(O)cc([O-])c12,0
O=C([O-])c1c2ccccc2cc2ccccc12,0
CO[C@@H]1COCC[C@@H]1[NH2+][C@@H]1CC[C@@](C(=O)N2CCc3ncc(C(F)(F)F)cc3C2)(C(C)C)C1,0
NNC(=O)CP(=O)(c1ccccc1)c1ccccc1,0
Oc1ccc(C(c2ccc(O)cc2)C(Cl)(Cl)Cl)cc1,1
Cc1c(-c2ccccc2)oc2c(C(=O)OCC[NH+]3CCCCC3)cccc2c1=O,0
CCC1(CC)C(=O)NC(=O)NC1=O,0
O=C([O-])c1ccccc1Nc1cc(Cl)ccc1C(=O)[O-],0
CC[C@H](C)C(=O)O[C@H]1C[C@H](O)C=C2C=C[C@H](C)[C@H](CC[C@@H](O)C[C@@H](O)CC(=O)[O-])[C@H]21,0
CC[NH+](CC)CCOc1ccccc1OC,0
COC(=O)[N-]S(=O)(=O)c1ccc(N)cc1,0
C/C=C/C=C/COC(=O)C(C)C,0
CCC(=O)N(c1ccccc1)C1CC[NH+](CCc2ccccc2)CC1,0
O=C(C(Cl)(Cl)Cl)C(Cl)(Cl)Cl,0
C[C@H](CS)C(=O)N1CCC[C@H]1C(=O)[O-],0
CCCCCc1ccc(Cl)cc1,0
CCOC(=O)[C@H](CCc1ccccc1)[NH2+][C@H]1CCCN2CCC[C@@H](C(=O)[O-])N2C1=O,0
[NH3+][C@@H](C(=O)N[C@@H]1C(=O)N2C(C(=O)[O-])=C(Cl)CS[C@H]12)c1ccccc1,0
O=C/C(Cl)=C(/Cl)C(=O)[O-],0
CCCc1cc(=O)[nH]c(=S)[nH]1,0
CC[NH+]1CCCC1CNC(=O)c1cc(S(=O)(=O)CC)ccc1OC,0
CCOP(=S)(OCC)SCCl,0
CC(=O)[C@H]1CC[C@H]2[C@@H]3C=CC4=CC(=O)CC[C@@]4(C)[C@@H]3CC[C@]12C,0
c1ccc2c(c1)sc1ccccc12,0
COc1ccc2c(c1OC)C(=O)O[C@@H]2[C@H]1c2c(cc3c(c2OC)OCO3)CC[NH+]1C,0
CC[C@H](C)[C@@H](C(=O)[O-])n1sc2ccccc2c1=O,0
O=NN(CCCl)C(=O)NC1CCCCC1,0
Clc1ccc([C@@H]2C[C@H]3CC[C@@H]2[NH2+]3)cn1,0
CCCCC(CC)COCCC[NH3+],0
CCCc1ccc(OC)cc1,0
CC1(C)CC([NH3+])CC(C)(C[NH3+])C1,0
FC(F)(F)C(F)(F)C(F)(F)C(F)(F)C(F)(F)C(F)(F)F,0
O=C([O-])CSCC(=O)NC1CCSC1=O,0
CCC[NH+]1CCC[C@@H](c2cccc(O)c2)C1,0
C#CCN1CC(=O)N(COC(=O)[C@@H]2[C@@H](C=C(C)C)C2(C)C)C1=O,0
Cc1ccc(N(CC2=[NH+]CCN2)c2cccc(O)c2)cc1,0
CCCC(C)C1(CC)C(=O)NC([O-])=[NH+]C1=O,0
O=C(Nc1ccccc1)c1ccccc1I,0
O=C([O-])COc1ccccc1/C=N/NC(=O)c1ccncc1,0
c1ccc2sc(SNC3CCCCC3)nc2c1,0
O=S(=O)([O-])C(F)(F)C(F)(F)C(F)(F)C(F)(F)C(F)(F)C(F)(F)C(F)(F)C(F)(F)F,0
C[NH+](C)CCCN1c2ccccc2CCc2ccccc21,0
Nc1ncnc2c1ncn2[C@H]1CC[C@@H](CO)O1,0
CN(C(=O)Cc1cccc2occc12)[C@H]1CC[C@@]2(CCCO2)C[C@@H]1[NH+]1CCCC1,0
C[C@]12C(=O)OC(=O)[C@H]1[C@H]1C=C[C@@H]2C1,0
CC(C)CC(=O)OCc1ccccc1,0
[NH3+]CC(CC(=O)[O-])c1ccc(Cl)cc1,0
[O-][n+]1cc[n+]([O-])c2ccccc21,0
CCCCCCOC(=O)c1cccnc1,0
C=C(Cl)CSC(=S)N(CC)CC,0
CC(CC(=O)Cl)CC(C)(C)C,0
C[NH+](CCCl)CCCl,1
O=C([O-])CCCCCCCCC(=O)[O-],0
OCCOCC[NH+]1CCN(C2=[NH+]c3ccccc3Sc3ccccc32)CC1,0
Cl/C(=C\n1cncn1)c1ccc(Cl)cc1Cl,0
CCCCC(CC)(CO)CO,0
CC(C)(CCl)C(=O)Cl,0
O=C(Oc1ccccc1)Oc1ccccc1,0
CS(=O)(=O)Nc1ccc([N+](=O)[O-])cc1Oc1ccccc1,0
O=[N+]([O-])C([N+](=O)[O-])([N+](=O)[O-])[N+](=O)[O-],0
O=C([O-])COc1ccc(CCNS(=O)(=O)c2ccccc2)s1,0
CCNc1nc(NC(C)C)nc(OC)n1,0
CCOC(=O)C(SP(=S)(OC)OC)c1ccccc1,0
COc1cc(C(=S)N2CCOCC2)ccc1O,0
CCCCNC(=O)n1c(NC(=O)OC)nc2ccccc21,0
CCOC(=O)[C@@](C)([NH3+])Cc1ccc(O)c(O)c1,0
CC([NH3+])Cc1ccc2c(c1)OCO2,0
CC(=O)c1cc2c(cc1C)C(C)(C)C(C)CC2(C)C,0
CC[NH2+][C@@H](C)Cc1ccccc1,0
CC(CN1c2ccccc2CCc2ccccc21)C[NH+](C)C,0
CC1=NN(c2cc(Cl)c(S(=O)(=O)[O-])cc2Cl)C(=O)C1/N=N/c1ccc(S(=O)(=O)[O-])cc1,0
Cc1cc(C)nc([N-]S(=O)(=O)c2ccc(N)cc2)n1,0
Nc1nc2c(ncn2COCCO)c(=O)[nH]1,0
Nc1cc([N+](=O)[O-])ccc1[O-],0
CCN(C(C)=O)c1cccc(-c2ccnc3c(C#N)cnn23)c1,0
COc1cc(C[C@@H](C)[NH3+])c(OC)cc1C,0
CCCCCCCCC(=O)NCc1ccc(O)c(OC)c1,0
COc1ccc(C=O)cc1O,0
O=C(CCl)c1ccc(Cl)cc1Cl,0
OCCOCCOCCO,0
O=C([O-])c1ccc(OCCn2ccnc2)cc1,0
CCOC(=O)C(Cl)Cc1cc(-n2nc(C)n(C(F)F)c2=O)c(F)cc1Cl,0
CC(C)(C)[NH2+]C[C@H](O)c1ccc(O)cc1Cl,0
CCCCCCCCCC[NH3+],0
Cc1cccc(Nc2ccncc2S(=O)(=O)NC(=O)NC(C)C)c1,0
CC(Cc1ccccc1)(NC(=O)C[NH3+])c1ccccc1,0
C[NH+](C)CCCO[C@@H]1[C@H]2OC(C)(C)O[C@H]2O[C@@H]1C(O)CO,0
CCCC[NH+]1C[C@H](O)[C@@H](O)[C@H](O)[C@H]1CO,0
CCOC(=O)CC(=O)OCC,0
CCOC(=O)[C@H](CCc1ccccc1)[NH2+][C@H]1CS[C@H](c2cccs2)CN(CC(=O)[O-])C1=O,0
CC(C)(CO)[C@@H](O)C(=O)NCCCO,0
NC(=O)c1ccc([N+](=O)[O-])cc1Cl,0
CCCCCCCCCCCCOCCC[NH3+],0
CCOC(=O)CC(=O)c1ccccc1,0
C[C@]12CC[C@@H]3c4ccc(O)cc4CC[C@H]3[C@@H]1CC[C@H]2O,1
CC1(C)C[C@@H]1C(=O)N/C(=C\CCCCSC[C@H]([NH3+])C(=O)[O-])C(=O)[O-],0
CCc1nn(CCC[NH+]2CCN(c3cccc(Cl)c3)CC2)c(=O)n1CCOc1ccccc1,1
COc1ccc2c(C(=S)N(C)CC(=O)[O-])cccc2c1C(F)(F)F,0
CCOc1ccc(NC(=O)CC(C)=O)cc1,0
O=[N+]([O-])O[C@H]1CO[C@H]2[C@@H]1OC[C@H]2O[N+](=O)[O-],0
NC(=[NH2+])NCCCCNC(N)=[NH2+],0
CC(=O)OC1CCC(C(C)(C)C)CC1,0
CC(C)(CO)[C@@H](O)C(=O)NCCC(=O)[O-],0
CCCCCCCCCC=O,0
CC[NH+](CC)CCCC(C)Nc1cc[nH+]c2cc(Cl)ccc12,0
CCn1nc(C(=O)[O-])c(=O)c2cc3c(cc21)OCO3,0
C[C@@H](O)[C@H]1C(=O)N2C(C(=O)[O-])=C(SC3Cn4cnc[n+]4C3)[C@H](C)[C@H]12,0
C[NH2+]CCC=C1c2ccccc2CCc2ccccc21,0
Oc1ccc(C2C[NH2+]CCc3c2cc(O)c(O)c3Cl)cc1,0
CCOC(=O)C(C)Oc1ccc(Oc2nc3ccc(Cl)cc3o2)cc1,0
COP(=S)(NC(C)C)Oc1ccc(C)cc1[N+](=O)[O-],1
CCNc1nc(Cl)nc(NC(C)(C)C#N)n1,0
CCOc1cc([N+](=O)[O-])c(OCC)cc1N1CCOCC1,0
CCOC(=O)c1ncn2c1CN(C)C(=O)c1c(I)cccc1-2,0
Nc1cc(C(=O)[O-])ccc1Cl,0
CC(=O)OCC1=C(C(=O)[O-])N2C(=O)[C@@H](NC(=O)Cc3cccs3)[C@H]2SC1,0
COc1ccc2c(c1)C(=O)N(CCc1ccc(S(=O)(=O)NC(=O)NC3CCCCC3)cc1)C(=O)C2(C)C,0
CCCCOC(=O)c1ccccc1C(=O)OCc1ccccc1,0
NC(=S)NNC(N)=S,0
CCCC(C)(COC(N)=O)COC(=O)NC(C)C,0
CCOC(=O)c1cn2nc(OP(=S)(OCC)OCC)cc2nc1C,0
Cc1cccc(C)c1N(CCCc1cccnc1)C(=O)C(C)[NH3+],0
C=C(C)C(=O)OCCOCCOC(=O)C(=C)C,0
C[NH+](Cc1cc(Br)cc(Br)c1N)C1CCCCC1,0
Cc1ncc(CO)c(C[NH3+])c1O,0
CCCC(C)c1ccccc1O,0
CN1C(=O)COc2c(C(=O)NC3C[NH+]4CCC3CC4)cc(Cl)cc21,0
O=[N+]([O-])c1cccc(Cl)c1Cl,0
[NH3+]CC(O)c1ccc(O)cc1,0
CCCOCC(C)OCC(C)O,0
CN1CC[NH+](CCCN2c3ccccc3Sc3ccc(S(=O)(=O)N(C)C)cc32)CC1,0
COC(=O)C1=C(C)NC(C)=C(C(=O)OC(C)C)C1c1cccc2nonc12,0
Nc1cc(Cl)ccc1Cl,0
Oc1ccc(O)c2c(O)cccc12,0
O=S(=O)([O-])c1ccc(O)cc1,0
N#CC(C#N)=Cc1cc(O)c(O)c(O)c1,0
CC1(C)COP(Oc2ccccc2)OC1,0
N#Cc1c(Cl)cccc1Cl,0
CCOC(=O)CC(=O)c1cc(F)c(Cl)nc1Cl,0
Cc1ccccc1-n1c(C)nc2ccccc2c1=O,0
Oc1ccc(-c2ccccc2)c(Cl)c1,0
COC(=O)/C=C(\C)CCC=C(C)C,0
O=C1CCCCCCCCCCOCCCCO1,0
Cc1ccc2c(c1)OCC(=O)CO2,0
C[NH+]1[C@@H](CC(=O)c2ccccc2)CCC[C@H]1C[C@H](O)c1ccccc1,0
Cn1c(=O)c2c(ncn2C)n(C)c1=O,0
O=S(=O)(Cl)c1ccccc1,0
COc1nn(C(=O)NS(=O)(=O)c2ccccc2OC(F)(F)F)c(=O)n1C,0
CCC1(C2=[NH+]CCN2)Cc2ccccc2O1,0
O=C([O-])Cc1ccccc1Nc1c(Cl)cccc1Cl,0
CCC(=O)OCCOc1ccccc1,0
CCCCCCCCCCCCOS(=O)(=O)[O-],0
O=c1c([O-])c(-c2ccc(O)cc2)oc2cc(O)cc([O-])c12,0
C[C@H]1[C@@H]2Cc3ccc(O)cc3[C@@]1(C)CC[NH+]2C,0
C=CC[NH+]1CC[C@]23c4c5ccc(O)c4O[C@H]2C(=O)CC[C@@]3(O)[C@H]1C5,0
CC(C)(O)C(Cl)(Cl)Cl,0
O=[N+]([O-])C(Cl)(Cl)Cl,0
C[C@H]1C(=O)O[C@@H]2CC[NH+]3CC=C(COC(=O)[C@](C)(O)[C@]1(C)O)[C@H]23,0
O=C(Nc1ccccc1)OCC(C[NH+]1CCCCC1)OC(=O)Nc1ccccc1,0
O=C1OC(=O)C2CCCCC12,0
CCCCCCCCCC(=O)OC,0
O=C([O-])Cc1ccccc1Oc1ccc(Cl)cc1Cl,0
CCCCOC(=O)CCC(C)=O,0
COc1ccccc1OCC(O)COC(N)=O,0
CCCSP(=O)(OCC)Oc1ccc(Br)cc1Cl,0
CCN(CC)c1ccc(/N=N/c2ccc(S(=O)(=O)N(C)C)cc2)c(S(=O)(=O)NCC[n+]2ccccc2)c1,0
C/C=C/c1ccc2c(c1)OCO2,0
CC(C[NH3+])CC(C)(C)CC[NH3+],0
Cn1nc(C(=O)N[C@H]2C[C@H]3CCC[C@@H](C2)[NH+]3C)c2ccccc21,0
CCCCCCCCCCC(=O)[O-],0
CCCC[N+]1(C)CCCCC1,0
O=C(N[C@H]1N=C(c2ccccc2F)c2cccc3c2N(CC3)C1=O)c1cc2ccccc2[nH]1,1
CCCCCCCCCC(CC)c1ccc(S(=O)(=O)[O-])cc1,0
Cc1c(Cl)cccc1[N+](=O)[O-],0
C[N+]1(C)CCC(OC(=O)C(O)(c2ccccc2)C2CCCC2)C1,0
CCC(C(N)=O)N1CCCC1=O,0
CCCC[NH2+]C(C)(C)[PH](=O)[O-],0
NP(N)(=O)NC(=O)c1ccc(F)cc1,0
CC(CCl)OC(C)CCl,0
O=C([O-])CCCCCCC(=O)[O-],0
CCCCCCC1(C)CCC(=O)O1,0
COP(=S)(OC)Oc1ccc([N+](=O)[O-])cc1Cl,0
COC(=O)[C@H]1[C@H]2C[C@H]3c4[nH]c5ccccc5c4CC[NH+]3C[C@H]2CC[C@@H]1O,0
CC(=O)OC1(c2ccccc2)CC[NH+](CCc2ccccc2)CC1,0
NS(=O)(=O)c1cc(Cl)c(Cl)c(S(N)(=O)=O)c1,0
CCC(=O)Nc1cccc(N)c1,0
CCOC(=O)CC(CC(=O)OCC)(OC(C)=O)C(=O)OCC,0
CCCCCCCCCC(=O)[O-],0
CC(C)(C)[NH+](CCO)CCO,0
C[C@]12CCC(=O)C=C1C=C[C@@H]1[C@@H]2CC[C@@]2(C)[C@H]1CC[C@@]2(O)CCC(=O)[O-],0
Cc1c(N)c(=O)n(-c2ccccc2)n1C,0
CNc1cc(OC)c(C(=O)N[C@H]2CC[NH+](Cc3ccccc3)[C@H]2C)cc1Cl,0
CCOC(=O)c1ccc(C#Cc2ccc3c(c2)C(C)(C)CCS3)nc1,1
CC1=C2[C@H](/C=C(\C)C(=O)[O-])CC[C@@H](C)[C@H]2CC1,0
O=C1c2ccccc2C(=O)C1(O)O,0
O=C(Cl)c1cc(Cl)cc(Cl)c1,0
CC[N+](CC)(CC)CCC(O)(c1ccccc1)C1CCCCC1,0
CC(C)CC(O)Cc1ccccc1,0
CC(=O)OC/C=C/c1ccccc1,0
COP(=S)(OC)SCn1nnc2ccccc2c1=O,0
CCCCCCOC(=O)CCC,0
Cc1ccc(/C(=C\C[NH+]2CCCC2)c2cccc(/C=C/C(=O)[O-])n2)cc1,0
C[C@@H](O)[C@H]1C(=O)N2C(C(=O)[O-])=C(SCCNC=[NH2+])C[C@H]12,0
CCCCCc1ccc(C)cc1O,0
COc1ccc(C(=O)CC(=O)c2ccc(C(C)(C)C)cc2)cc1,0
ClCc1ccccc1Cl,0
CCCC(=O)Nc1c(I)cc(I)c(CC(CC)C(=O)[O-])c1I,0
O=S(=O)([O-])c1ccccc1,0
CNC(NCc1ccccc1)=[NH+]C,0
O=C1/C(=C2\Nc3ccccc3C2=O)Nc2ccccc21,0
CCOc1ccc(NC(N)=O)cc1,0
CC12CCC(C1)C(C)(C)C2=O,0
O=C1c2ccccc2C(=O)C1c1ccc2cc(S(=O)(=O)[O-])cc(S(=O)(=O)[O-])c2n1,0
CC(C)[C@H]1C(=O)N2CCC[C@H]2[C@]2(O)O[C@](NC(=O)[C@@H]3C[C@@H]4c5cccc6[nH]cc(c56)C[C@H]4[NH+](C)C3)(C(C)C)C(=O)N12,0
CCCCOC(=O)[C@@H](C)Oc1ccc(Oc2ccc(C#N)cc2F)cc1,0
COC(=O)c1sccc1S(N)(=O)=O,0
CC1=NN(c2ccc(C(=O)[O-])cc2)C(=O)C1,0
O=C([O-])c1ccccc1-c1ccc(C(F)(F)F)cc1,0
Nc1cc(S(=O)(=O)[O-])ccc1S(=O)(=O)[O-],0
Nc1c(Br)cc([N+](=O)[O-])cc1[N+](=O)[O-],0
CN1[NH+]=C(N)c2cn([C@@H]3O[C@H](CO)[C@@H](O)[C@H]3O)c3ncnc1c23,1
BrC(Br)C(Br)Br,0
CNC(=[NH2+])NC(=O)Nc1c(C)cccc1C,0
CCOP(=S)(Oc1ccc([N+](=O)[O-])cc1)c1ccccc1,0
CCc1ccc(O)c(OC)c1,0
CC1(C)S[C@@H]2[C@H](NC(=O)[C@@H](NC(=O)N3CCNC3=O)c3ccccc3)C(=O)N2[C@H]1C(=O)[O-],0
CS(=O)(=O)c1ccc([C@@H](C[C@H]2CCC(=O)C2)C(=O)Nc2cnccn2)cc1Cl,0
CC[NH+]1CCC[C@H]1CNC(=O)c1c(OC)ccc(Br)c1OC,0
CS(=O)(=O)OCC(O)C(O)COS(C)(=O)=O,0
CC[NH+](CC)CCn1c(=O)c(Cc2ccc(OC)cc2)nc2ccccc21,0
CCCc1nc(C)c2c(=O)nc(-c3cc(S(=O)(=O)N4CC[NH+](CC)CC4)ccc3OCC)[nH]n12,0
COP(=O)(OC)OC=C(Cl)Cl,0
Nc1ccc(S(=O)(=O)NCc2ccccc2)cc1,0
CCOP(=S)(OCC)SCSP(=S)(OCC)OCC,0
CCCCCCC/C=C/C=O,0
O=[N+]([O-])c1cccc2cccnc12,0
Cc1ccc(C(=O)[O-])cc1[N+](=O)[O-],0
COc1cccc(C(=O)CC[NH2+][C@@H](C)[C@H](O)c2ccccc2)c1,0
CC(=O)Nc1ccc(/C=N/NC(N)=S)cc1,0
CCCCC(C)(O)C/C=C/[C@H]1[C@H](O)CC(=O)[C@@H]1CCCCCCC(=O)OC,0
CCC(=O)C1CC(C(C)C)CC=C1C,0
CC[NH+](CC)CCNC(=O)COc1ccc(Cl)cc1,0
CCC1CCC(CCC(=O)[O-])C1,0
CCN(CC)C(=O)c1cccnc1,0
OCC[NH2+]Cc1ccccc1,0
NS(=O)(=O)c1cc(-c2nnn[n-]2)c(NCc2cccs2)cc1Cl,0
N#Cc1ccc(CC(=O)c2cccc(C(F)(F)F)c2)cc1,0
CC(c1cc2ccccc2s1)N(O)C(N)=O,0
N#CCCC(Br)(C#N)CBr,0
CC[NH+](CC)CCc1c[nH]c2ccccc12,0
CC(Oc1cccc(Cl)c1)C(=O)[O-],0
CC1(O)CCC(C(C)(C)O)CC1,0
O=P([O-])([O-])C(O)(Cn1ccnc1)P(=O)([O-])[O-],0
CCCCCC(O)/C=C/C=O,0
CC(=O)C1C(=O)C=C(C)OC1=O,0
COc1ccc2[nH]cc(CCNC(C)=O)c2c1,0
O=C1NC(=O)C(c2ccccc2)(c2ccccc2)N1,0
CC1CS(=O)(=O)CCN1N=Cc1ccc([N+](=O)[O-])o1,0
Nc1cc(C(=O)[O-])c(O)c(S(=O)(=O)[O-])c1,0
COC(=O)[C@@H]1[C@H]2CC[C@@H](C[C@H]1OC(=O)c1ccccc1)[NH+]2C,0
CCCCCCCCCCCC[N+](C)(C)C,1
CC(C)CC(C)(c1ccc(O)cc1)c1ccc(O)cc1,0
CCCCCCCCCCCC(=O)OC,0
CC(C)=CCOc1c2occc2cc2ccc(=O)oc12,0
NC(=S)Nc1cccc2ccccc12,0
CCOc1nc(C(Cl)(Cl)Cl)ns1,0
CC(C)SCc1ccco1,0
O=C([O-])CCCOc1ccc(Cl)cc1Cl,0
CC[C@]1(O)CC[C@H]2[C@@H]3CCC4=CCCC[C@@H]4[C@H]3CC[C@@]21C,0
Nc1ccc(N)c([N+](=O)[O-])c1,0
BrC/C=C/CBr,0
C[NH+](C)CCOc1ccccc1Cc1ccccc1,0
CC(C)c1ccc(C(=O)[NH+]=C(N)N)cc1S(C)(=O)=O,0
CC[NH+](CC)CCOC(=O)C(c1ccccc1)C1CCCCC1,0
CC1(C)S[C@@H]2[C@H](NC(=O)C([NH3+])c3ccccc3)C(=O)N2[C@H]1C(=O)OC1OC(=O)c2ccccc21,0
N=C(N)NS(=O)(=O)c1ccc(N)cc1,0
CC[N+](C)(CC)CCOC(=O)C(O)(c1ccccc1)C1CCCCC1,0
O=C([O-])c1cccc(C(=O)[O-])c1,0
CC(C)(C#N)c1cc(Cn2cncn2)cc(C(C)(C)C#N)c1,0
Oc1ccc(Cc2ccc(O)cc2)cc1,0
O=S(=O)([O-])c1cc(I)c(O)c2ncccc12,0
CC(=O)Nc1nnc(S(N)(=O)=O)s1,0
CS(=O)(=O)c1cc(C(F)(F)F)ccc1C(=O)c1cnoc1C1CC1,0
C[C@]12CC[C@H](OS(=O)(=O)[O-])CC1=CC[C@@H]1[C@@H]2CC[C@]2(C)C(=O)CC[C@@H]12,0
NS(=O)(=O)c1ccccc1OC(F)(F)F,0
NC(=[NH2+])NC(=[NH2+])NCCc1ccccc1,1
COP(=S)(OC)Oc1cc(Cl)c(I)cc1Cl,0
COc1cc(C=O)ccc1O,0
Cc1c(C(=O)NCCO)[n+]([O-])c2ccccc2[n+]1[O-],0
OCC[NH+]1CCN(CCCN2c3ccccc3Sc3ccc(C(F)(F)F)cc32)CC1,0
FC(Cl)(Cl)C(F)(Cl)Cl,0
C=CC[NH+]1CC[C@]23c4c5ccc(O)c4O[C@H]2[C@@H](O)C=C[C@H]3[C@H]1C5,0
CC1=CC(C)(C)Nc2ccccc21,0
O=C1CCCCCCCCCCCN1,0
O=C1NC(=O)[C@H]2[C@@H]1[C@@H]1C=C[C@H]2C1,0
Cc1ccc(S(=O)(=O)[O-])cc1,0
CC1(CO)CN(c2ccccc2)NC1=O,0
CC(C)=CCC/C(C)=C/C(=O)[O-],0
Cc1ncc(COP(=O)([O-])[O-])c(C[NH3+])c1O,0
c1ccc(C2CC2)c(OCC2=[NH+]CCN2)c1,0
CNC(=O)O/N=C/C(C)(C)S(C)(=O)=O,0
OC[C@@H](O)[C@@H](O)[C@H](O)[C@@H](O)CO,0
O=C([O-])COCCN1CC[NH+](C(c2ccccc2)c2ccc(Cl)cc2)CC1,0
CC(=O)Nc1ccc(OCC(O)C[NH2+]C(C)C)cc1,0
CCOC(=O)[C@@H](C)Oc1ccc(Oc2nc3ccc(Cl)cc3o2)cc1,0
O=C([O-])CCCC[C@@H]1SC[C@@H]2NC(=O)N[C@@H]21,0
CC(=O)CC(=O)Nc1ccc2[nH]c(=O)[nH]c2c1,0
[NH3+][C@H](C(=O)[O-])c1ccc(O)cc1,0
CC1([NH3+])CCC(C(C)(C)[NH3+])CC1,0
CC(C)[NH2+]CC(O)COc1ccc(CCOCC2CC2)cc1,0
C[C@]12CCC(=O)C=C1CC[C@@H]1[C@@H]2CC[C@@]2(C)[C@H]1CC[C@]2(C)O,0
CC[C@]12CCC[NH+]3CCc4c(n(c5ccccc45)C(=O)C1)[C@@H]32,0
CCOc1ccc(NC(C)=O)cc1,0
O=C([O-])C(Cl)Br,0
CC(C)OP(=O)(CP(=O)(OC(C)C)OC(C)C)OC(C)C,0
CS(=O)(=O)c1ccc([C@@H](O)[C@@H](COC(=O)C[NH3+])NC(=O)[C-](Cl)Cl)cc1,0
O=C([O-])CCCc1c[nH]c2ccccc12,0
CCCCC/C(=C/c1ccccc1)CO,0
COc1ccc(C=O)cc1OC,0
CC[C@@H](CO)NC(=O)[C@@H]1C=C2c3cccc4[nH]cc(c34)C[C@H]2[NH+](C)C1,0
CCCCCCCCCCCC[NH3+],0
Nc1ccn([C@@H]2O[C@H](CO)[C@@H](O)[C@@H]2O)c(=O)n1,0
CCCCCCCCCC(=O)NO,0
O=[N+]([O-])c1ccc(Oc2ccc(Cl)cc2Cl)cc1,0
CCC(=O)c1ccc(Cl)cc1,0
O=C1c2ccccc2C(=O)C1c1ccc(Cl)cc1,0
C=C(C)C(=O)OCC[NH+](C)C,0
COC(=O)C(Br)CBr,0
O=c1oc(=O)c2cc3c(=O)oc(=O)c3cc12,0
CCCNC(=O)NS(=O)(=O)c1ccc(Cl)cc1,0
CCOC(=O)CC(SP(=S)(OC)OC)C(=O)OCC,0
NC(=O)OCC(O)COc1ccc(Cl)cc1,0
Cc1nnc2n1-c1sc(CCC(=O)N3CCOCC3)cc1C(c1ccccc1Cl)=NC2,0
[NH3+]CC(O)c1cccc(O)c1,0
CCC[NH+](CCC)CCc1cccc2c1CC(=O)N2,0
COc1cc(S(=O)(=O)Nc2ccccc2)c(OC)cc1N,0
COc1cc(NS(=O)(=O)c2ccc(N)cc2)ncn1,0
C[NH+]1CCN(C2=[NH+]c3cc(F)ccc3Cc3ccccc32)CC1,0
COc1cc(O)c(C(=O)c2ccccc2)cc1S(=O)(=O)[O-],0
CCCCOCCOCCSC#N,0
CC(CCl)OP(=O)(OC(C)CCl)OC(C)CCl,0
CC(C)CCCC(C)[NH2+]C(C)C,0
COc1ccc2cc1Oc1cc3c(cc1OC)CC[N+](C)(C)[C@H]3Cc1ccc(cc1)Oc1c(OC)c(OC)cc3c1[C@@H](C2)[N+](C)(C)CC3,0
ClC(Cl)c1ccccc1,0
CC(=O)CC(=O)OC(C)(C)C,0
CCc1cc(Cl)c(OC)c(C(=O)NC[C@@H]2CCC[NH+]2CC)c1O,0
CC1=NN(c2ccccc2)C(=O)C1,0
CN1CC[NH+](CCCN2c3ccccc3Sc3ccc(Cl)cc32)CC1,0
CC[NH+](CC)CCOC(=O)c1ccc(N)cc1Cl,0
COc1cccc(CCc2ccccc2OCC(C[NH+](C)C)OC(=O)CCC(=O)[O-])c1,0
O=C([O-])COc1ccc(Cl)cc1Cl,0
N#Cc1ccc(C(c2ccc(C#N)cc2)n2cncn2)cc1,0
OC[C@H]1O[C@@H](OCCc2ccc(O)cc2)[C@H](O)[C@@H](O)[C@@H]1O,0
NS(=O)(=O)c1ccc(C(=O)[O-])cc1,0
CC/C(=C(/CC)c1ccc(OP(=O)([O-])[O-])cc1)c1ccc(OP(=O)([O-])[O-])cc1,0
O=Cc1ccc2c(c1)OCO2,0
CC(Cc1ccc(O)cc1)[NH2+]CC(O)c1cc(O)cc(O)c1,0
CC(=O)CC/C=C(\C)CCC=C(C)C,0
O=C1CN=C(c2ccccc2)c2cc([N+](=O)[O-])ccc2N1,0
COc1ccc(N)c([N+](=O)[O-])c1,0
c1csc(C2([NH+]3CCCCC3)CCCCC2)c1,0
CCCC(=NOCC)C1=C([O-])CC(CC(C)SCC)CC1=O,0
C[NH2+]C(C)Cc1ccc2c(c1)OCO2,0
C[C@@H](c1ncncc1F)[C@](O)(Cn1cncn1)c1ccc(F)cc1F,0
CC1(C)C(=O)N(Br)C(=O)N1Br,0
O=C([O-])c1cc2ccccc2nc1C(=O)[O-],0
CCOP(=O)(CC)OCC,0
COc1ccc(C(C)=O)cc1,0
CC1CC(=O)NN=C1c1ccc(NCC(C)(C)[NH2+]CC(O)COc2cc(Cl)ccc2C#N)cc1,0
CC(=O)Oc1cc2c(s1)CC[NH+](C(C(=O)C1CC1)c1ccccc1F)C2,0
COc1ccccc1OCC(O)CN1CC[NH+](CC(=O)Nc2c(C)cccc2C)CC1,0
C[N+]1(C)CCCCC1COC(=O)C(O)(c1ccccc1)c1ccccc1,0
CN1c2ccccc2C([NH2+]CCCCCCC(=O)[O-])c2ccc(Cl)cc2S1(=O)=O,0
CCc1cnc(C2=[NH+]C(C)(C(C)C)C(=O)N2)c(C(=O)[O-])c1,0
COC(=O)c1ccc(C=O)cc1,0
CCC(C)(C)C1CCCCC1OC(C)=O,0
CCNc1nc(Cl)nc(NC(C)C)n1,0
CCCCc1ccc(O)cc1,0
C[C@]12CC[C@H]3[C@@H](CC[C@@]45O[C@@H]4C(O)=C(C#N)C[C@]35C)[C@@H]1CC[C@@H]2O,0
O=C1OC(=O)c2cc(Oc3ccc4c(c3)C(=O)OC4=O)ccc21,0
C=CCOCC(CC)(CO)COCC=C,0
C=CCOC(=O)c1ccccc1N,0
Oc1ccc(Cl)cc1C1CCCC1,0
CC[NH+](CC)CCNC(=O)COc1ccc(OC)cc1,0
O=[N+]([O-])C(CO)(CO)CO,0
COc1ccc(C(=O)N2CCCC2=O)cc1,0
CNC=[NH+]c1ccc(C)cc1C,0
CC(=O)Nc1ccc(S(=O)(=O)[N-]c2cc(C)on2)cc1,0
C[NH+](C)CC[C@@H](c1ccc(Br)cc1)c1ccccn1,0
CCCCC(CC)CCC(CC(C)C)OS(=O)(=O)[O-],0
CCCN(CCC)C(=O)C(CCC(=O)[O-])NC(=O)c1ccccc1,0
COc1c2c(cc3c1OCO3)CC[NH+](C)C2,0
CCOP(=S)(S)OCC,0
C[N+]1(C)CCC(=C(c2ccccc2)c2ccccc2)CC1,0
COc1cccc(Br)c1,0
Cc1cc(C)cc([N+](=O)[O-])c1,0
CC(=O)Nc1ccccc1O,0
CCC(C)(S(=O)(=O)CC)S(=O)(=O)CC,0
COc1ccc2c(c1)[C@@]13CCCCC1[C@@H](C2)[NH+](C)CC3,0
COc1ccccc1[N+](=O)[O-],0
CC(C)=CCC/C(C)=C/C=N/O,0
Oc1ccc([C@H]2C[NH2+]Cc3c2ccc(O)c3O)cc1O,0
COCc1ccc(COC)cc1,0
CC(C)c1ccc2ncccc2c1,0
C[NH2+]C[C@H](O)[C@@H](O)[C@H](O)[C@H](O)CO,0
C#C[C@]1(O)CC[C@H]2[C@@H]3CCC4=CC(=O)CC[C@]4(C)[C@H]3CC[C@@]21C,0
CCCCCCCCCCO,0
O=C(C(=O)c1ccccc1)c1ccccc1,0
CCn1cc(C(=O)[O-])c(=O)c2ccc(C)nc21,0
Oc1ccc2ccc3cccc4ccc1c2c34,0
Cc1nc2n(c(=O)c1CC[NH+]1CCC(c3noc4cc(F)ccc34)CC1)CCC[C@H]2O,0
COC(=O)C1=C(C)NC(COC(N)=O)=C(C(=O)OC(C)C)C1c1cccc(Cl)c1Cl,0
Cc1c(Cl)cccc1Cl,0
COC(=O)c1cc(Cl)cc(Cl)c1,0
CC1(C)[C@@H]2CC[C@@]1(C)C(=O)C2,0
Cc1c(F)c(N2CC[NH2+]C(C)C2)cc2c1c(=O)c(C(=O)[O-])cn2C1CC1,0
CC(C)OC(=O)CCCCC(=O)OC(C)C,0
Cc1ccccc1N1CC[NH+](CCc2nnc3n2CCCC3)CC1,0
CCC[NH2+][C@H]1CCc2nc(N)sc2C1,0
CCOCCOCCOC(C)=O,0
COC(=O)C(C)Oc1ccc(Oc2ncc(C(F)(F)F)cc2Cl)cc1,0
O=c1[c-](CCS(=O)c2ccccc2)c(=O)n(-c2ccccc2)n1-c1ccccc1,0
C[NH+]1[C@@H]2CC[C@H]1C[C@@H](OC(=O)c1cc(Cl)cc(Cl)c1)C2,0
Cc1cccc(C(=O)[O-])c1[N+](=O)[O-],0
FC(F)(F)c1ccc(Cl)c(Cl)c1,0
c1ccc2sc(SSN3CCOCC3)nc2c1,0
COc1ccc(C(C[NH+](C)C)C2(O)CCCCC2)cc1,0
CC(C)(C)OOC(=O)c1ccccc1,0
CCC[NH+](CC)CC1COC2(CCC(C(C)(C)C)CC2)O1,0
COc1ccc2sc(C(=O)Nc3nnn[n-]3)c(OC(C)C)c2c1,1
COC(=O)c1cccc(C(=O)OC)c1,0
C=C(C)C(=O)OCCOP(=O)([O-])OCCOC(=O)C(=C)C,0
CC[NH+]1CCN(c2cc3c(cc2F)c(=O)c(C(=O)[O-])cn3C2CC2)CC1,0
O=S(=O)([O-])CC(O)CCl,0
CC(C)(C)NCC[NH2+]C(C)(C)C,0
CC(=O)[C@H]1CC[C@H]2[C@@H]3CCC4=CC(=O)CC[C@]4(C)[C@H]3CC[C@]12C,0
C#C[C@]1(O)CC[C@H]2[C@@H]3CCC4=C(CCC(=O)C4)[C@H]3CC[C@@]21C,0
CCC(=O)O[C@H]1CC[C@H]2[C@@H]3CCC4=CC(=O)CC[C@]4(C)[C@H]3CC[C@]12C,0
CC1(C)[C@H]2CC[C@]1(C)[C@H](O)C2,0
Nc1ccc(Br)cc1,0
O=C(OCC[NH+]1CCCCC1)C(O)(c1ccccc1)c1ccccc1,0
O=C1c2ccccc2C(=O)C1c1ccccc1,0
CCCCCCCCCCCl,0
O=C([O-])CCSCCC(=O)[O-],0
CCC1(CC)C(=O)C=CNC1=O,0
C[C@H](CSC(=O)c1ccccc1)C(=O)N1C[C@@H](Sc2ccccc2)C[C@H]1C(=O)[O-],0
CC(=O)Nc1ccn(C2COC(COC(=O)c3ccccc3)O2)c(=O)n1,0
NC(=[NH2+])NC(=O)Cc1c(Cl)cccc1Cl,0
CC(C)CCOC(=O)c1ccccc1,0
CS(=O)(=O)c1ccc(Cl)cc1,0
Nc1cccc(S(=O)(=O)c2cccc(N)c2)c1,0
Nc1c(Cl)cc(Cl)cc1Cl,0
COc1cc(CC(C)[NH3+])c(OC)cc1Br,0
CC1=Nc2ccc3ccccc3c2C1(C)C,0
O=[N+]([O-])c1ccc2[nH]cnc2c1,0
CCC[NH+](CCC)CCc1c[nH]c2ccccc12,0
CC(C)=CC[NH+]1CC[C@]2(C)c3cc(O)ccc3C[C@H]1[C@H]2C,0
C[NH2+]CC[C@@H](Oc1ccccc1C)c1ccccc1,0
COc1ccc2c(C(=O)c3ccc(Cl)cc3)c(C)n(CC(=O)[O-])c2c1,0
OC[C@H]1O[C@@H](n2cnc3c2[NH+]=CNC[C@H]3O)C[C@@H]1O,0
CCCCCCCCOC(C)=O,0
CCCCC(CC)COC(=O)c1ccccc1C(=O)[O-],0
C=CCOC(=O)CCCCCCCC,0
Cc1ncc(C[n+]2csc(CCOP(=O)([O-])OP(=O)([O-])[O-])c2C)c(N)n1,0
OCCOCC#CCOCCO,0
OC[C@H]1OC(O)[C@H](O)[C@@H](O)[C@@H]1O,0
CC/C(=C\C(=N/O)C(N)=O)C(C)[N+](=O)[O-],0
Cn1c([N+](=O)[O-])cnc1COC(N)=O,0
CCCCCCOC(=O)CCCCC,0
CN1C(C(=O)Nc2ccccn2)=C(O)c2sccc2S1(=O)=O,0
COc1cc(OC)c(OC)cc1C=O,0
CCC(=O)N(c1ccccc1)C1(COC)CC[NH+](CCn2nnn(CC)c2=O)CC1,0
CC1=CC(=O)CC(C)(C)C1=O,0
O=C1O[C@H]([C@H](O)CO)C([O-])=C1O,0
CCCCCCBr,0
CC(C)OC(=O)Nc1ccccc1,0
O=C[C@@H](O)[C@H](O)[C@H](O)CO,0
Cc1ccc([N+](=O)[O-])cc1C,0
Cc1ccnc2c1NC(=O)c1cccnc1N2C1CC1,0
O=C([O-])c1ccccc1Nc1cccc(C(F)(F)F)c1,0
O=S(=O)([O-])c1ccccc1O,0
Nc1c(CC(=O)[O-])cccc1C(=O)c1ccc(Br)cc1,0
CC(O)CCCCn1c(=O)c2c(ncn2C)n(C)c1=O,0
CC(C)(C)C(O)(CCc1ccc(Cl)cc1)Cn1cncn1,1
O=C1c2ccccc2C(=O)c2cc(Cl)ccc21,0
CC(=O)O[C@H](CC(=O)[O-])C[N+](C)(C)C,0
CC(=O)N1C[C@H](O)C[C@H]1C(=O)[O-],0
Cc1nc(-c2ccc(Cl)cc2)oc1COC(C)(C)C(=O)[O-],0
CN1CC[NH+](CCCN2c3ccccc3Sc3ccc(C(F)(F)F)cc32)CC1,0
COc1ccc(CN2CC[NH2+]CC2)c(OC)c1OC,0
CC(C)(C)c1ccc2c(S(=O)(=O)[O-])c(C(C)(C)C)ccc2c1,0
CCOc1ccc(C(=O)OCC[NH+](CC)CC)cc1,0
CCCCCCC[NH+](CC)CCCC(O)c1ccc(NS(C)(=O)=O)cc1,0
CO[C@]12C[C@@H](COC(=O)c3cncc(Br)c3)C[NH+](C)[C@@H]1Cc1cn(C)c3cccc2c13,0
O=c1ccc2cc(O[C@@H]3O[C@H](CO)[C@@H](O)[C@H](O)[C@H]3O)c(O)cc2o1,0
CC(=O)/C=C/C1C(C)=CCC(C)C1(C)C,0
OC[C@H]1O[C@@H](n2cnc3c(O)ncnc32)[C@H](O)[C@@H]1O,0
O=C(c1ccccc1)c1ccccc1,0
CC(C)=CCC/C(C)=C/CC/C(C)=C/CO,0
CCCCC1=[NH+]C2(CCCC2)C(=O)N1Cc1ccc(-c2ccccc2-c2nnn[n-]2)cc1,0
C=CCOc1ccc(CC(=O)[O-])cc1Cl,0
CCCCOC(=O)CCCCC(=O)OCCCC,0
Cc1cccc(C)c1NC(=O)C(C)[NH3+],0
[NH2+]=C(N/N=C\c1ccc(Cl)cc1)N/N=C/c1ccc(Cl)cc1,0
CC1(C)CO[C@@H](CC(=O)[O-])C[NH2+]1,0
COc1cc(CC[NH3+])c(OC)cc1Br,0
C[C@]12CCC(=O)C=C1[C@@H]1C[C@@H]1[C@H]1[C@@H]3[C@@H]4C[C@@H]4[C@@]4(CCC(=O)O4)[C@@]3(C)CC[C@@H]12,0
COc1ccc(C[C@@H](C)[NH2+]C[C@H](O)c2ccc(O)c(NC=O)c2)cc1,0
O=C1NS(=O)(=O)c2ccccc21,0
CCCCCCCCCCOS(=O)(=O)[O-],0
CN1C(C(=O)Nc2ccccn2)C(=O)c2sc(Cl)cc2S1(=O)=O,0
COc1cc2c(cc1OC)CC(=O)N(CCC[NH+](C)C[C@H]1Cc3cc(OC)c(OC)cc31)CC2,0
CC(Oc1cc(Cl)ccc1Cl)C(=O)[O-],0
COC(=O)c1ccccc1OC,0
[NH3+]CCc1cc(O)c(O)cc1O,0
CC(=O)SCc1ccco1,0
CCCCC/C=C/CC(=O)OC,0
CC(CCC(=O)[O-])(c1ccc(O)cc1)c1ccc(O)cc1,0
CC(C(O)c1ccccc1)[NH+](C)CCOC(c1ccccc1)c1ccccc1,0
CC(=O)Nc1ncc([N+](=O)[O-])s1,0
O=C([O-])COc1nc(Cl)c(Cl)cc1Cl,0
CCOC(=O)c1ccccc1C,0
O=C([O-])CC(Cl)C(=O)[O-],0
CCCCCCC#CC(=O)OC,0
c1ccc2cc(CC3=[NH+]CCN3)ccc2c1,0
CC(=O)Oc1cc(C(F)(F)F)ccc1C(=O)[O-],0
COc1ccc(-c2cc(C(F)F)nn2-c2ccc(S(N)(=O)=O)cc2)cc1F,0
O=C([O-])c1ccc2c(c1)nc(C(=O)NC1CC[NH+](C3CC3)CC1)n2Cc1cc(-c2ccc(Cl)s2)on1,0
O=C([O-])CC(C(=O)[O-])C(CC(=O)[O-])C(=O)[O-],0
CC1(C)OC[C@@H](COC(=O)CCc2ccc(OC[C@@H](O)C[NH2+]CCNC(=O)N3CCOCC3)cc2)O1,0
C[NH+](C)CCc1c[nH]c2ccccc12,0
CNC(=O)[C@H](Cc1c[nH]c2ccccc12)NC(=O)[C@@H](CC(=O)NO)CC(C)C,0
CCOC(=O)C(Cl)C(C)=O,0
CC(=O)[C@@]1(O)CC[C@H]2[C@@H]3C=C(Cl)C4=CC(=O)[C@@H]5C[C@@H]5[C@]4(C)[C@H]3CC[C@@]21C,0
Cc1nn(-c2cc(NS(C)(=O)=O)c(Cl)cc2Cl)c(=O)n1C(F)F,0
Cc1ccccc1NC(=[NH2+])NC(N)=[NH2+],0
CCC(C(=O)NC(=O)NC(C)=O)c1ccccc1,0
CC(=O)OC[C@H]1O[C@@H](n2ncc(=O)[nH]c2=O)[C@H](OC(C)=O)[C@@H]1OC(C)=O,0
COc1nc(NC(C)C)nc(NC(C)C)n1,0
COc1ccc(CC[NH+](C)CCCN2CCc3cc(OC)c(OC)cc3CC2=O)cc1OC,0
CCC(C(=O)OCC[NH+](CC)CC)c1ccccc1,0
CCCC[NH+](CCO)CCO,0
COC(F)(F)C(Cl)Cl,0
NS(=O)(=O)c1ccc(C[NH3+])cc1,0
CCc1nnc(NS(=O)(=O)c2ccc(N)cc2)s1,0
CC(=O)Oc1ccc(C)cc1,0
CCCCCCC1CCC(=O)O1,0
CN/C(=C\[N+](=O)[O-])[NH2+]CCSCc1csc(C[NH+](C)C)n1,0
O=C(OCC(O)CO)c1ccccc1Nc1ccnc2cc(Cl)ccc12,0
O[C@@H](c1cc(C(F)(F)F)nc2c(C(F)(F)F)cccc12)[C@H]1CCCC[NH2+]1,0
CCOP(=S)(OCC)Oc1cc(C)nc(C(C)C)n1,0
Cc1nc2ccccc2c(=O)o1,0
N#CCN(CC#N)CCN(CC#N)CC#N,0
CC(C)[NH2+]CC(O)COc1cccc2[nH]ccc12,0
CC(C)(Oc1ccc(Cl)cc1)C(=O)[O-],0
ClSC(Cl)(Cl)Cl,0
N#CC1(N2CCCCC2)CCCCC1,0
O=S(=O)([O-])c1ccc2ccccc2c1,0
CCCCOCCOC(=O)COc1nc(Cl)c(Cl)cc1Cl,0
CCCCCCCCCCC=O,0
O=C(Oc1ccccc1C(=O)[O-])c1ccccc1O,0
CCOCCn1c(N2CCC[NH+](C)CC2)nc2ccccc21,0
CC(=O)O[C@@H]1C[C@H]2CC[C@]1(C)C2(C)C,0
ClCC(Cl)(Cl)Cl,0
CC(=O)CC(=O)c1ccccc1,0
C[C@@H]([C@H](O)c1ccccc1)[NH+](C)C,0
BrCCCBr,0
O=[N+]([O-])c1ccc2ncccc2c1,0
O=S(=O)([O-])c1ccc(Cl)cc1,0
C[NH+]1C[C@H]2c3ccccc3Oc3ccc(Cl)cc3[C@@H]2C1,0
Cc1cc2c(OCC(C[NH2+]C(C)(C)C)OC(=O)c3ccccc3)cccc2[nH]1,0
C[C@H]([NH2+]CCc1ccc(O)cc1)[C@H](O)c1ccc(O)cc1,0
c1ccc2c(c1)[nH]c1cnccc12,0
C[C@@H](Oc1ccc(CNC(=O)c2cccnc2Oc2ccc3c(c2)OCO3)c(F)c1)C(=O)[O-],0
C[NH+]1CCC[C@@H]1c1cccnc1,0
CCO/C=C1\N=C(c2ccccc2)OC1=O,0
COc1ccc(-c2noc(CC(=O)[O-])c2-c2ccc(OC)cc2)cc1,0
CCC(Cc1c(I)cc(I)c([O-])c1I)C(=O)[O-],0
CCNC(=O)NCCCOc1cccc(C[NH+]2CCCCC2)c1,0
CC(=O)O[C@@H]1C(=O)O[C@@H]2[C@H]1OC(=O)[C@@H]2OC(C)=O,0
C[N+](C)(CCOc1ccccc1)Cc1cccs1,0
CCC(Cc1c(I)cc(I)c(N)c1I)C(=O)[O-],0
C1CCC2(CCCCO2)OC1,0
CN1C(=O)CC(c2ccccc2)C1=O,0
O=[PH]1Oc2ccccc2-c2ccccc21,0
CCCOC(=O)NCCC[NH+](C)C,0
[NH3+]C1CCC(CC2CCC([NH3+])CC2)CC1,0
CCN(CC)CC[NH2+]C(C(=O)OCCC(C)C)c1ccccc1,0
CCCCN(CCC(=O)OCC)C(C)=O,0
NC(=O)N1c2ccccc2C=Cc2ccccc21,0
CC1(O)CSC(C)(O)CS1,0
Cc1cc(Cc2ccc(N)c(C)c2)ccc1N,0
CCOC(=O)c1cnc2cc(OCC(C)C)c(OCC(C)C)cc2c1O,0
CC1OC1C1CCC2(C)OC2C1,0
COCC(=O)Nc1cc(Sc2ccccc2)ccc1[NH+]=C(NC(=O)OC)NC(=O)OC,0
C=CCOCC(O)CCl,0
CCOC(=O)[C@H](CCc1ccccc1)[NH2+][C@@H](C)C(=O)N1[C@H](C(=O)[O-])C[C@H]2CCCC[C@@H]21,0
Cc1[nH]c(=O)c(C#N)cc1-c1ccc2nccn2c1,0
CCCOC(=O)Cc1ccc(OCC(=O)N(CC)CC)c(OC)c1,0
CC1(C)CCC(C)(C)c2cc(C(=O)Nc3ccc(C(=O)[O-])cc3)ccc21,1
COc1ccc2c(c1)N(C[C@H](C)C[NH+](C)C)c1ccccc1S2,0
COC(=O)CCCC(=O)OC,0
CCOC(=O)C1OC1(C)c1ccccc1,0
Cl[C@H]1[C@H](Cl)[C@@H](Cl)[C@@H](Cl)[C@H](Cl)[C@H]1Cl,0
CC(=O)OCC1=C(C(=O)[O-])N2C(=O)[C@@H](NC(=O)CSc3ccncc3)[C@H]2SC1,0
Cc1ccnc([N-]S(=O)(=O)c2ccc(N)cc2)n1,0
CCCCCCCCC(=O)Cl,0
Cc1ccc([N+](=O)[O-])c(N)c1,0
CC1C2CC(CC2C2CCCC(O)C2)C1(C)C,0
COc1cc(CNC(=O)CCCC/C=C/C(C)C)ccc1O,0
CNC(=O)Oc1ccccc1OC(C)C,0
O=C(O[C@@H](C(=O)[O-])[C@@H](OC(=O)c1ccccc1)C(=O)[O-])c1ccccc1,0
CC(=O)OC1CC(C)OC(C)O1,0
COc1cc(N)c(Cl)cc1C(=O)NC1CC[NH+](CCCOc2ccc(F)cc2)CC1OC,0
[NH3+]C(Cc1ccccc1)C(=O)[O-],0
CC(=O)O[C@H]1C[C@@H]2CC[C@@H]3[C@H](CC[C@@]4(C)[C@H]3C[C@H]([N+]3(C)CCCCC3)[C@@H]4OC(C)=O)[C@@]2(C)C[C@@H]1[NH+]1CCCCC1,0
NS(=O)(=O)c1cc2c(cc1Cl)NC(CC1CCCC1)NS2(=O)=O,0
CCCCCCCCCC[N+](C)(C)[O-],0
O=c1[nH]cnc2[nH]cc(C[NH+]3CCCCC3)c12,0
CCCC[n+]1ccccc1C,0
CC(=O)SCC(CC(=O)c1ccc(C)cc1)C(=O)[O-],0
O=[N+]([O-])c1ccc(Cl)cc1Cl,0
O=C([O-])c1cc(Cl)cc([N+](=O)[O-])c1Cl,0
O=C([O-])c1ccccc1[N+](=O)[O-],0
Cc1scc2c1N(C(=O)C[NH+]1CCN(C)CC1)c1ccccc1NC2=O,0
CC(=O)OCC(=O)[C@H]1CC[C@H]2[C@@H]3CCC4=CC(=O)CC[C@]4(C)[C@H]3CC[C@]12C,0
C/C=C1\[C@H]2C=C(C)C[C@]1([NH3+])c1ccc(=O)[nH]c1C2,0
O=[N+]([O-])c1ccc(Oc2ccc([N+](=O)[O-])cc2)cc1,0
CC1(C)[NH+]=C(N)[NH+]=C(N)N1c1ccc(Cl)cc1,0
C[NH+](C)CCC(O)(c1ccccc1)c1ccccc1Cl,0
C=CCOC(=O)C(C)(C)OC(=O)c1cc(-n2c(=O)cc(C(F)(F)F)n(C)c2=O)ccc1Cl,1
Nc1nc(CC(=O)[O-])cs1,0
Cc1cccc(C)c1NC(=O)CN1CCCC1=O,0
COC(=O)CCCCCCCCC(=O)OC,0
NC(=O)N[C@@H](CCC(=O)[O-])C(=O)[O-],0
NC(=O)C(c1ccccc1)(c1ccccc1)[C@@H]1CC[NH+](CCc2ccc3c(c2)CCO3)C1,0
C[C@@H]1CC[C@H]2[C@@H](C)C(=O)O[C@@H]3O[C@@]4(C)CC[C@@H]1C32OO4,0
CCCn1c(=O)[nH]c(=O)c2[nH]cnc21,0
CCC1=C(C)CN(C(=O)NCCc2ccc(S(=O)(=O)NC(=O)N[C@H]3CC[C@H](C)CC3)cc2)C1=O,0
Cn1cc(C(=O)[C@@H]2CCc3[nH]cnc3C2)c2ccccc21,0
CC(O)Cn1cnc2c1c(=O)n(C)c(=O)n2C,0
Cc1cccc(C)c1NC(=O)C1CCCC[NH+]1C,0
C=Cc1ccc(S(=O)(=O)[O-])cc1,0
CCOC(=N)CC(=O)OCC,0
C[NH+]1CCc2c(c3ccccc3n2Cc2ccccc2)C1,0
CC(C)(Cc1c[nH]c2ccccc12)[NH2+]CC(O)COc1ccccc1C#N,0
CCCC[NH2+]C1CC(C)(C)[NH2+]C(C)(C)C1,0
COC(=O)c1ccccc1S(=O)(=O)NC(=O)Nc1nc(C)cc(C)n1,0
Cc1nc([N-]S(=O)(=O)c2ccc(N)cc2)nc(C)c1Br,0
COc1ccc(C(=O)c2ccccc2O)c(O)c1,0
O=C([O-])/C=C/c1ccc(Cn2ccnc2)cc1,0
Cc1ncc(C[n+]2csc(CCOP(=O)([O-])[O-])c2C)c(N)n1,0
S=C=Nc1ccc(N=C=S)cc1,0
O=C(Nc1ccc(C(=O)[O-])c(O)c1)c1ccccc1,0
C[N+](C)(C)CCCCCCCCCC[N+](C)(C)C,0
CN(C)c1ccc(Cc2ccc(N(C)C)cc2)cc1,0
COC(=O)CC(C)CCC=C(C)C,0
CC(C)[NH+](CCC(C(N)=O)(c1ccccc1)c1ccccn1)C(C)C,0
CC[NH+](CC)CC(=O)Nc1c(C)cccc1C,0
CCCCOc1ccc(OCCC[NH+]2CCOCC2)cc1,0
Cc1c(Cn2ccnc2)c2ccccc2n1CCC(=O)[O-],0
C[NH+](C)CCc1c[nH]c2ccc(CS(=O)(=O)N3CCCC3)cc12,0
O=S(=O)(Oc1ccc(Cl)cc1)c1ccccc1,0
COc1ccc2c3c1O[C@H]1[C@@H](O)C=C[C@H]4[C@@H](C2)[NH+](C)CC[C@@]341,0
COCc1cnc(C2=[NH+]C(C)(C(C)C)C(=O)N2)c(C(=O)[O-])c1,0
CCCCCC1Nc2cc(C(F)(F)F)c(S(N)(=O)=O)cc2S(=O)(=O)N1,0
Nc1ccc(Cl)cc1Cl,0
CC(C)NC(=[NH2+])NC(=[NH2+])Nc1ccc(Cl)cc1,0
CCOP(=O)(Cl)Cl,0
[NH3+][C@H](C(=O)[O-])[C@@H](O)c1ccc(O)c(O)c1,0
C[NH+]1C(C)(C)CC(O)CC1(C)C,0
Nc1nc(Cl)nc2c1ncn2[C@H]1C[C@H](O)[C@@H](CO)O1,0
Cc1ncc([N+](=O)[O-])n1CC(O)CCl,0
Cc1nnc(NS(=O)(=O)c2ccc(N)cc2)s1,0
O=C([O-])c1cc(/N=N/c2ccc(O)c(C(=O)[O-])c2)ccc1O,0
CC(C(=O)[O-])c1ccc(-c2ccccc2)c(F)c1,0
C[C@@H](Cc1ccccc1)[NH+](C)C,0
Clc1cccc(N2CC[NH2+]CC2)c1,0
CC(C)(C(=O)c1cccnc1)c1cccnc1,0
OC(c1ccc(F)cc1)(c1cncnc1)c1ccccc1Cl,0
NC(=O)CI,0
CC(=O)/C=C/C1=C(C)CCCC1(C)C,0
NNC(=O)c1cccc(C(=O)NN)c1,0
Cc1c(I)c(=O)n(-c2ccccc2)n1C,0
Cc1ccccc1CO[C@H]1C[C@]2(C(C)C)CC[C@@]1(C)O2,0
[O-]c1c(Cl)ccc(Cl)c1Cl,0
CCn1cc(C(=O)[O-])c(=O)c2cc(F)c(N3CC[NH2+]C(C)C3)c(F)c21,0
CCN(CCO)c1cccc(C)c1,0
CC[NH+](CC)C(C)C(=O)c1ccccc1,0
COc1cc([N+](=O)[O-])ccc1N,0
CCCCCC(C)OC(=O)COc1ccc(Cl)c2cccnc12,0
Cc1cc(=O)oc2cc(O)ccc12,0
Cc1ccc(C)c(S(=O)(=O)[O-])c1,0
CC(=O)S[C@H](C(=O)N[C@H]1Cc2ccccc2[C@H]2CCC[C@@H](C(=O)[O-])N2C1=O)C(C)C,0
Cc1ccn2nc(S(=O)(=O)Nc3c(F)cccc3F)nc2n1,0
CCCCOCCOC(C)=O,0
CC(C)[NH2+]C[C@@H](O)COc1cccc2ccccc12,0
O=C([O-])c1ccc2c(c1)C(=O)OC2=O,0
O=C([O-])CCCCC1CCSS1,0
NS(=O)(=O)c1cc2c(cc1Cl)N=C(CSCc1ccccc1)NS2(=O)=O,0
COCCOCCOCCOC,0
Cc1ccc(S(=O)(=O)NC(=O)N[NH+]2CCCCCC2)cc1,0
c1cc2c(c(N3CC[NH2+]CC3)c1)OCCO2,0
C[NH+](C)CCc1c[nH]c2ccc(O)cc12,0
O=C1NC(=O)C2CC=CCC12,0
C[NH+](C)[C@@H]1C([O-])=C(C(N)=O)C(=O)[C@@]2(O)C([O-])=C3C(=O)c4c([O-])ccc(Cl)c4[C@@](C)(O)[C@H]3C[C@@H]12,0
COC(=O)CCCCC(=O)OC,0
c1ccc2c(c1)OCC(C1=[NH+]CCN1)O2,0
CC[NH2+]CC(O)c1cccc(O)c1,0
CCC[N+](CCC)(CCC)CCC,0
OC[C@H]1O[C@H](O[C@]2(CCl)O[C@H](CCl)[C@@H](O)[C@@H]2O)[C@H](O)[C@@H](O)[C@H]1Cl,0
Cc1cc(C)c(/N=N/c2c(O)c(S(=O)(=O)[O-])cc3cc(S(=O)(=O)[O-])ccc23)cc1C,0
COc1cc(OC)c2ccc(=O)oc2c1,0
Nc1ccc(Oc2ccc(N)cc2)cc1,0
CCCCC(CC)C(=O)OC(C)C,0
COCCOC[C@H](CC1(C(=O)N[C@H]2CC[C@@H](C(=O)[O-])CC2)CCCC1)C(=O)Oc1ccc2c(c1)CCC2,0
Cn1c(CCCC(=O)[O-])nc2cc(N(CCCl)CCCl)ccc21,0
Oc1cc(Cl)ccc1Cl,0
COC(=O)[C@H]1CC[C@H](C(=O)OC)CC1,0
CC(Oc1cc(Cl)c(Cl)cc1Cl)C(=O)[O-],0
O=C([O-])c1cn(C2CC2)c2cc(N3CC[NH2+]CC3)c(F)cc2c1=O,0
CCC(C)C1N=C(C)C(C)S1,0
OC[C@H]1O[C@](O)(CO)[C@@H](O)[C@@H]1O,0
COCC(C)N(C(=O)CCl)c1c(C)csc1C,0
[NH3+]CCC[NH2+]CCSP(=O)([O-])[O-],0
O=C([O-])Cc1cn(-c2ccccc2)nc1-c1ccc(Cl)cc1,0
COc1ccc(C(=O)c2c(C)n(CC[NH+]3CCOCC3)c3ccccc23)cc1,0
C=CCSSSCC=C,0
CCC(C)(C[NH+](C)C)OC(=O)c1ccccc1,0
CC/C=C\CCOC(=O)c1ccccc1,0
CCCCn1cc[n+](C)c1C,0
C[NH+]1CCN(c2c(F)cc3c(=O)c(C(=O)[O-])cn4c3c2SCC4)CC1,0
CC(=O)Nc1ccc(OC(C)=O)cc1,0
O=C([O-])c1ccc(S(=O)(=O)N(Cl)Cl)cc1,0
C[C@H]1COc2c(C3([NH3+])CC3)c(F)cc3c(=O)c(C(=O)[O-])cn1c23,0
C=C1C[C@]23C[C@@]1(O)CC[C@H]2[C@@]12C=C[C@H](O)[C@@](C)(C(=O)O1)[C@H]2[C@@H]3C(=O)[O-],0
NC(=O)C1c2ccccc2CCc2ccccc21,0
Nc1cccc(S(=O)(=O)[O-])c1,0
C=CCc1ccccc1OCC(O)C[NH2+]C(C)C,0
C/C=C/C=C/CCCCCCCO,0
O=C([O-])CNc1ccccc1,0
Nc1ccccc1S(=O)(=O)[O-],0
NS(=O)(=O)c1cc2c(cc1Cl)NC(Cc1ccccc1)NS2(=O)=O,0
CC(=O)S[C@@H]1CC2=CC(=O)CC[C@]2(C)[C@H]2CC[C@@]3(C)[C@@H](CC[C@@]34CCC(=O)O4)[C@H]12,0
CC1COc2c(N3CC[NH+](C)CC3)c(F)cc3c(=O)c(C(=O)[O-])cn1c23,0
C[C@H](CCC(=O)NCC(=O)[O-])[C@H]1CC[C@H]2[C@@H]3[C@H](O)C[C@@H]4C[C@H](O)CC[C@]4(C)[C@H]3C[C@H](O)[C@]12C,0
Cc1cc2c(cc1S(N)(=O)=O)S(=O)(=O)CCC2,0
Cc1ccc(Cl)c(N)c1Cl,0
COC(=O)Nc1nc2cc(C(=O)c3ccccc3)ccc2[nH]1,0
O=S(=O)([O-])c1ccc(O)c2ncccc12,0
N#Cc1ccc(C2CCCc3cncn32)cc1,0
ClC(Br)Br,0
COc1c(C(C)(C)C)cc([N+](=O)[O-])c(C)c1[N+](=O)[O-],0
FC(F)(F)/C(=N/OCC1OCCO1)c1ccc(Cl)cc1,0
CC(C)(C)C1CCC(=O)CC1,0
CC(CC(=O)[O-])CC(C)(C)C,0
[NH3+]C1(c2ccccc2)CCCCC1,0
C[C@]12CC[C@@H]3c4ccc(O)cc4CC[C@H]3[C@@H]1CC[C@@H]2OP(=O)([O-])[O-],0
O=C1CCN(c2ccccc2)N1,0
Cc1cc(C)c(NC(=O)C[NH+](CC(=O)[O-])CC(=O)[O-])c(C)c1Br,0
CC(C)(O)c1ccc(CNC(=O)c2cccnc2Oc2ccc3nonc3c2)cc1,0
C[C@]12CCC(=O)C[C@@H]1CC[C@@H]1[C@@H]2CC[C@]2(C)[C@@H](O)CC[C@@H]12,0
CCOC(=O)[C@H](CCc1ccccc1)[NH2+][C@@H](C)C(=O)N1Cc2cc(OC)c(OC)cc2C[C@H]1C(=O)[O-],0
O=C([O-])[C@H](O)[C@@H](O)[C@H](O)[C@H](O)CO,0
C[S+](C)CCC([NH3+])C(=O)[O-],0
[NH3+]C12CC3CC(CC(C3)C1)C2,0
CCCC(=O)OCc1ccccc1,0
C=CC(=O)OCC1CCCO1,0
CC(COCCO)OCCO,0
CC(=O)c1ccc([N+](=O)[O-])cc1,0
CC[NH+](CC)CCNC(=O)C1C(C)=NC(/C=C2\C(=O)Nc3ccc(F)cc32)=C1C,0
O=P([O-])([O-])c1ccccc1,0
c1ccc2c(c1)oc1ccccc12,0
CCCN(CCOc1c(Cl)cc(Cl)cc1Cl)C(=O)n1ccnc1,1
CC[NH+](CC)CCOC(=O)c1ccc(N)cc1,0
C=CC(=O)NCOCCCC,0
CCOC(=O)[C@H](CCc1ccccc1)[NH2+][C@@H](C)C(=O)N(CC(=O)[O-])C1Cc2ccccc2C1,0
Cc1ccc(NC(N)=O)cc1,0
CN(C)C(=O)CNC(=O)Cc1ccccc1,0
CC1(C)CCC[C@]2(C)[C@H]3CC(=O)O[C@]3(C)CC[C@@H]12,0
C[N+]1([O-])[C@@H]2C[C@@H](OC(=O)[C@H](CO)c3ccccc3)C[C@H]1[C@@H]1O[C@@H]12,0
CC(C)(COC(=O)c1ccccc1)COC(=O)c1ccccc1,0
COc1cc([C@H]2Oc3cc([C@H]4Oc5cc(O)cc([O-])c5C(=O)[C@@H]4O)ccc3O[C@@H]2CO)ccc1O,0
C[NH+]1[C@H]2CC[C@@H]1[C@@H](C(=O)[O-])[C@@H](OC(=O)c1ccccc1)C2,0
CC(=O)OCCCc1ccccc1,0
CCCCCCCC(=O)OCC(O)CO,0
Cl/C=C\C[N+]12CN3CN(CN(C3)C1)C2,0
O=C1O[C@H](CO)[C@@H](O)[C@H](O)[C@H]1O,0
COC(=O)c1ccc(C)cc1C1=[NH+]C(=O)C(C)(C(C)C)N1,0
OC(Cn1cncn1)(Cn1cncn1)c1ccc(F)cc1F,0
CCCCCCCCCBr,0
CCc1ccc(CCOc2ccc(CC3SC(=O)[N-]C3=O)cc2)nc1,0
[O-]N(Cc1ccccc1)Cc1ccccc1,0
c1cc(C(c2ccc(OCC3CO3)cc2)c2ccc(OCC3CO3)cc2)ccc1OCC1CO1,0
CC(C)[C@H]([NH3+])C(=O)OCC(CO)OCn1cnc2c(=O)nc(N)[nH]c21,0
CCCCCCCCCCCCOCCOS(=O)(=O)[O-],0
COc1ccc(Cl)cc1C(=O)NCCc1ccc(S(=O)(=O)NC(=O)NC2CCCCC2)cc1,0
CCCC[P+](CC)(CCCC)CCCC,0
O=C(CBr)c1ccccc1,0
O=C1OC(=O)c2cc([N+](=O)[O-])ccc21,0
O=c1[nH]c2ccc(Cl)cc2o1,0
CCCC(CC)CCCCCCC[NH3+],0
O=[N+]([O-])c1cc(Cl)c(Cl)c(Cl)c1,0
CC(=O)Nc1c(I)c(C(=O)N[C@H]2C(O)O[C@H](CO)[C@@H](O)[C@@H]2O)c(I)c(N(C)C(C)=O)c1I,0
CCCCC1CCC(O)CC1,0
CC(=O)c1c(C)c([N+](=O)[O-])c(C(C)(C)C)c([N+](=O)[O-])c1C,1
CCC(c1ccccc1)c1noc(CC[NH+](CC)CC)n1,0
COC(=O)C1=C(C#N)NC(C)=C(C(=O)OC(C)C)C1c1cccc([N+](=O)[O-])c1,0
CCN(CC)C(=O)SCc1ccc(Cl)cc1,0
O=P([O-])([O-])C(Sc1ccc(Cl)cc1)P(=O)([O-])[O-],0
CCCCC(CC)COC(=O)CC#N,0
Cc1cc(CC(=O)[O-])n(C)c1C(=O)c1ccc(Cl)cc1,0
CC(Cc1ccc2c(c1)OCO2)N[O-],0
COc1cc(OC)nc(NC(=O)NS(=O)(=O)c2ncccc2C(=O)N(C)C)n1,0
C[N+]1([O-])[C@@H]2CC[C@H]1C[C@@H](OC(=O)C(CO)c1ccccc1)C2,0
O=C(C[C@@H]1[NH2+]CCC[C@H]1O)Cn1cnc2cc(Br)c(Cl)cc2c1=O,0
CC#CCC(C)[C@H](O)/C=C/C1[C@H](O)C[C@@H]2C/C(=C\CCCC(=O)[O-])C[C@H]12,0
Cn1c(=O)cc(Oc2ccc(F)cc2F)c2cnc(NCC(C)(C)O)nc21,1
CCn1c2ccccc2c2cc(N)ccc21,0
C[C@@H](C1=C(CC[NH+](C)C)Cc2ccccc21)c1ccccn1,0
C[N+]1(CCF)[C@@H]2CC[C@H]1C[C@@H](OC(=O)C(O)(c1ccccc1)c1ccccc1)C2,0
CCN(CC)C(=O)Nc1ccc(OCC(O)C[NH2+]C(C)(C)C)c(C(C)=O)c1,0
COc1ncc(F)c2nc(S(=O)(=O)Nc3c(F)cccc3F)nn12,0
COc1ccc(C(=O)CCC(=O)[O-])c2ccccc12,0
COc1ccc(OC)c(C[C@H](C)[NH3+])c1,0
O=c1[n-]c(=O)c2ccccc2o1,0
CCCCN(N=O)C(=N)N[N+](=O)[O-],1
COc1c(Br)cc(Br)c(C)c1Br,0
CC(C)CC(=O)C1C(=O)c2ccccc2C1=O,0
O=[N+]([O-])C(Br)Br,0
CN(C)C(=O)Nc1ccc(Cl)c(Cl)c1,0
CC(=O)c1ccc2ccccc2c1,0
CC/C=C\CCOC(=O)CCCCC,0
O=C1NC(=O)[C@@H]2CC=CC[C@H]12,0
Cc1cc([N+](=O)[O-])ccc1N,0
C=CC(C)(O)CC/C=C(\C)CCC=C(C)C,0
COC(=O)c1ccccc1C(=O)c1ccc(OCC[NH+]2CCCCC2)cc1,0
O=C(c1cc(O)c(O)c(O)c1)c1ccc(O)c(O)c1O,0
Cc1ccc(OC(=O)c2ccccc2O)cc1,0
CC1(C)CC([NH3+])CC(C)(C)[NH2+]1,0
O=C(Cn1c(=O)sc2ccc(Cl)cc21)N1CC[NH+](CCO)CC1,0
N#CC(Br)(Br)C(N)=O,0
CCOP(=O)(N=C1SCCS1)OCC,0
O=S(=O)([O-])c1ccc2[nH]c(-c3ccccc3)nc2c1,0
O=c1n(Cl)c(=O)n(Cl)c(=O)n1Cl,0
C[C@]12C[C@H](O)[C@H]3[C@@H](CCC4=CC(=O)CC[C@@]43C)[C@@H]1CC[C@@H]2C(=O)CO,0
COc1cc(C)nc(-n2nc(C)cc2OC)n1,0
CC[NH+](CC)CCC(=O)N1c2ccccc2Sc2ccc(Cl)cc21,0
CC(O)C[NH+](CCC[NH+](C)C)CCC[NH+](C)C,0
Oc1ccc(Sc2ccc(O)cc2)cc1,0
Nc1cc([N+](=O)[O-])ccc1C(=O)[O-],0
CCCC(=O)OC/C=C(\C)CCC=C(C)C,0
CCOC(=O)Cc1ccccc1,0
O=C1O[C@@H]2[C@@H](O)[C@H](O)O[C@@H]2[C@H]1O,0
COC(OC)C(C)c1ccccc1,0
COc1ccccc1N1CC[NH+](CC(O)COc2cccc3ccccc23)CC1,0
Cc1nnc(C(C)C)n1[C@@H]1C[C@H]2CC[C@@H](C1)[NH+]2CC[C@H](NC(=O)C1CCC(F)(F)CC1)c1ccccc1,0
CC1=C(CC=O)C(C)(C)CCC1,0
CC(C)(C)[NH2+]CC(O)c1ccccc1Cl,0
C[NH+](C)CC/C=C1/c2ccccc2CSc2ccccc21,0
CC(CCc1ccc(O)cc1)[NH2+]CC(O)c1ccc(O)cc1,0
CC1=C(C(=O)OCCN(Cc2ccccc2)c2ccccc2)C(c2cccc([N+](=O)[O-])c2)C(P2(=O)OCC(C)(C)CO2)=C(C)N1,0
O=P1(N(CCCl)CCCl)NC(OO)CCO1,0
CCCCN(CC)C(=O)SCCC,0
c1ccc2c(c1)CCCC2C1=[NH+]CCN1,0
CCCc1ccc(O)c(OC)c1,0
CCCCCOC(=O)Nc1nc(=O)n([C@@H]2O[C@H](C)[C@@H](O)[C@H]2O)cc1F,0
C[NH+](CCOc1ccc(NS(C)(=O)=O)cc1)CCc1ccc(NS(C)(=O)=O)cc1,0
CN(C)S(=O)(=O)N[C@H]1C[C@@H]2c3cccc4c3c(cn4C)C[C@H]2[NH+](C)C1,0
COc1cc2nc(N3CCN(C(=O)C4CCCO4)CC3)nc(N)c2cc1OC,0
C=CC(C)(CCC=C(C)C)OC(=O)c1ccccc1N,0
CC[NH+](CC)CCNC(=O)c1cc(Br)c(N)cc1OC,0
CCCC[N+](CCCC)(CCCC)CCCC,0
CC[NH+](CC)CCOCCOC(=O)C(CC)(CC)c1ccccc1,0
O=C([O-])c1cc(O)c(O)c(O)c1,0
O=C1OC2(c3ccc(O)cc3Oc3cc(O)ccc32)c2ccc(N=C=S)cc21,0
CCOc1ccc(NS(=O)(=O)c2ccc(N)cc2)nn1,0
CCCCC[NH+](C)CCC(O)(P(=O)([O-])[O-])P(=O)([O-])[O-],0
CCCCC/C(C=O)=C\c1ccccc1,0
CCCN(CCC)c1c([N+](=O)[O-])cc(C(F)(F)F)cc1[N+](=O)[O-],0
C[N+]1(C)[C@@H]2C[C@@H](OC(=O)[C@H](CO)c3ccccc3)C[C@H]1[C@@H]1O[C@@H]12,0
CC([NH3+])C12CC3CC(CC(C3)C1)C2,0
COC(=O)c1ccccc1C(=O)[O-],0
Cc1ccc(NC(=O)N(C)C)cc1NC(=O)N(C)C,0
Cc1ccc(C(C)C)c(O)c1,0
COc1cc(OC)c(C(=O)CCC[NH+]2CCCC2)c(OC)c1,0
CC(C(=O)[O-])c1cccc(C(=O)c2ccccc2)c1,0
C1C[NH+](CCOCC[NH+]2CCOCC2)CCO1,0
COc1ccc2c(c1OC)C(=O)O[C@H]2[C@@H]1c2cc3c(cc2CC[NH+]1C)OCO3,0
CC(C)=CCC[C@@](C)(O)[C@H]1CC=C(C)CC1,0
CCCCCCCCCC(=O)OCC,0
O=S(=O)([O-])CC(S)CS,0
O=C1c2c([O-])cccc2[C@H]([C@@H]2O[C@H](CO)[C@@H](O)[C@H](O)[C@H]2O)c2cc(CO)cc([O-])c21,0
NC(=O)c1ccccc1C(N)=O,0
Nc1c2c([nH+]c3ccccc13)CCCC2O,0
CC(C)CC(=O)CC(C)CC(C)C,0
CC(Cl)COP(=O)(OCC(C)Cl)OCC(C)Cl,0
O=C([O-])CCSSCCC(=O)[O-],0
CCCC(C)C1(CC)C(=O)NC(S)=[NH+]C1=O,0
COc1nc(N)nc2c1ncn2[C@@H]1O[C@H](CO)[C@@H](O)[C@@H]1O,0
Cc1oc(=O)oc1C[NH+]1CCN(c2cc3c(cc2F)c(=O)c(C(=O)[O-])c2n3C(C)S2)CC1,0
CC(COc1ccccc1)[NH2+]C(C)C(O)c1ccc(O)cc1,0
Nc1ccc(S(=O)(=O)Nc2ccccn2)cc1,0
Cc1ncc(CO)c(C=O)c1O,0
O=[N+]([O-])c1ccccc1CCO,0
CC/C=C\CCOC(=O)CC,0
O=C1CCCCCN1SSN1CCCCCC1=O,0
C[C@@H]1C[C@@H]([C@H](O)CC2CC(=O)NC(=O)C2)C(=O)[C@@H](C)C1,1
O=C([O-])c1ccc(C(=O)[O-])cc1,0
O=[N+]([O-])c1cccc2c([N+](=O)[O-])cccc12,0
CN/C(=C\[N+](=O)[O-])[NH2+]CCSCc1ccc(C[NH+](C)C)o1,0
OCC1CC2CC1C1CCC(CO)C21,0
O=S(=O)([O-])c1cc(O)c2ccc(Nc3ccccc3)cc2c1,0
CC(C)c1ncc([N+](=O)[O-])n1C,0
Cc1ccc(C)c(OCCCC(C)(C)C(=O)[O-])c1,0
CCCCOCCOC(=O)COc1ccc(Cl)cc1Cl,0
COc1cc2c(cc1OC)-c1cc3ccc(OC)c(OC)c3c[n+]1CC2,0
COC(=O)c1ccc(I)cc1S(=O)(=O)NC(=O)Nc1nc(C)nc(OC)n1,0
O=C1C[C@@H]2OCC=C3C[NH+]4CC[C@]56c7ccccc7N1[C@H]5[C@H]2[C@H]3C[C@H]46,0
CCC(C)(CCCC(C)C)OC(C)=O,0
C/C=C/C(=O)N(CC)c1ccccc1C,0
CC(CNC(=O)c1cccnc1)NC(=O)c1cccnc1,0
CCCCNC(=O)[N-]S(=O)(=O)c1ccc(N)cc1,0
CCC[C@@H]1C[C@@H](C(=O)N[C@@H]([C@H]2O[C@H](SC)[C@H](OP(=O)([O-])[O-])[C@@H](O)[C@H]2O)[C@H](C)Cl)[NH+](C)C1,0
C[C@@H](CO)NC(=O)[C@@H]1C=C2c3cccc4[nH]cc(c34)C[C@H]2[NH+](C)C1,0
CCCCCCCOC(=O)CCC,0
CCOc1ccc(NC(C)=[NH+]c2ccc(OCC)cc2)cc1,0
CCC(=O)O[C@]1(c2ccccc2)CC[NH+](C)C[C@H]1C,0
CN1CC[NH+](CC/C=C2/c3ccccc3Sc3ccc(S(=O)(=O)N(C)C)cc32)CC1,0
c1ccc2c(c1)Oc1ccccc1O2,0
O=C(CBr)c1ccc(O)cc1,0
CC(C)(C)N(NC(=O)c1ccc(Cl)cc1)C(=O)c1ccccc1,0
CN1C(=O)CN=C(c2ccccc2)c2cc(Cl)ccc21,1
O=C1CN=C(c2ccccc2)c2cc(Cl)ccc2N1,0
CCOc1ccccc1OCC[NH2+][C@H](C)Cc1ccc(OC)c(S(N)(=O)=O)c1,0
COc1ccc(CCC(C)=O)cc1,0
O=C([O-])c1ccc(Cl)cc1,0
c1ccc(CN(CC2=[NH+]CCN2)c2ccccc2)cc1,0
COc1cc(-c2ccc(N=C=O)c(OC)c2)ccc1N=C=O,0
CCCC(C)(COC(N)=O)COC(=O)NC1CC1,0
CCC(=O)c1cccc(Cl)c1,0
CC(=O)Nc1cccc(N)c1,0
CCCOC(C(=O)OC1CC[NH+](C)CC1)(c1ccccc1)c1ccccc1,0
CSc1nnc(C(C)(C)C)c(=O)n1N,0
CC(C)(O)Cc1ccccc1,0
C[C@@H]1CC[C@@]2(OC1)O[C@H]1C[C@H]3[C@@H]4CC[C@H]5C[C@@H](O)CC[C@]5(C)[C@H]4CC(=O)[C@]3(C)[C@H]1[C@@H]2C,0
COC(=O)C1CC(=O)C(C(=O)OC)CC1=O,0
CCC[NH+](CC)C(CC)C(=O)Nc1c(C)cccc1C,0
O=C1C(Cl)C(CCl)CN1c1cccc(C(F)(F)F)c1,0
CCC(=O)N(c1ccccc1)C1CC[NH+](Cc2cccs2)CC1,0
CC(C)[C@@]1(NC(=O)[C@@H]2C[C@@H]3c4cccc5[nH]cc(c45)C[C@H]3[NH+](C)C2)O[C@@]2(O)[C@@H]3CCCN3C(=O)[C@H](Cc3ccccc3)N2C1=O,0
Nc1nnc(-c2cccc(Cl)c2Cl)c(N)n1,0
COc1ccc(C(=O)Nc2ccccc2CCC2CCCC[NH+]2C)cc1,0
CNS(=O)(=O)CCc1ccc2[nH]cc(C3CC[NH+](C)CC3)c2c1,0
Nc1ccc(S(=O)(=O)c2ccc(N)cc2)cc1,0
CN1CCC[NH+](C(c2ccccc2)c2ccc(Cl)cc2)CC1,0
O=C1OC(=O)c2cccc3cccc1c23,0
CC1(C)S[C@@H]2[C@H](N3C(=O)C(c4ccccc4)[NH2+]C3(C)C)C(=O)N2[C@H]1C(=O)[O-],0
O=S(=O)(c1cccc2cnccc12)N1CCC[NH2+]CC1,1
COc1ccc(NC(C)=O)cc1,0
CC(=O)CCC1=C(C)CCCC1(C)C,0
O=C(CCc1ccc(O)cc1)c1c(O)cc(O)cc1O,0
Cn1nnnc1SCC1=C(C(=O)[O-])N2C(=O)[C@@H](NC(=O)[C@H](O)c3ccccc3)[C@H]2SC1,0
O=C([O-])c1ccccc1C(=O)Nc1cccc2ccccc12,0
Cc1c(NC(C)C)c(=O)n(-c2ccccc2)n1C,0
CC(C)=CCCC(C)CCO,0
OCCOc1ccc(OCCO)cc1,0
Cc1cccn2c(=O)c(-c3nnn[n-]3)cnc12,0
O=C(Cl)c1cccc([N+](=O)[O-])c1,0
C=CCOc1c(Br)cc(Br)cc1Br,0
CC[NH2+]C(C)Cc1cccc(C(F)(F)F)c1,0
CCC1(c2cccc(O)c2)CCCC[NH+](C)C1,0
O=C(CBr)OCc1ccccc1,0
N#CC(C#N)=Cc1ccc(O)c(O)c1,0
O=C(NCC[NH2+]CC(O)COc1ccc(O)cc1)N1CCOCC1,0
COc1cc(C(=O)NC2CCC[NH2+]C2)cc(OC)c1OC,0
Cc1cc(O)cc(C)c1Cl,0
CCC(C(=O)NC(N)=O)c1ccccc1,0
CCCN(CC1CC1)c1c([N+](=O)[O-])cc(C(F)(F)F)cc1[N+](=O)[O-],0
Clc1ccc(C(Cl)(Cl)Cl)c(Cl)c1,0
CCC(CC)C(C)CCOC(C)=O,0
CC1(C)NC(=O)N(c2ccc([N+](=O)[O-])c(C(F)(F)F)c2)C1=O,1
O=C(CO)[C@@H](O)[C@H](O)[C@@H](O)CO,0
O=C([O-])C(O)C(O)C(=O)[O-],0
c1ccc(Nc2cccc3ccccc23)cc1,0
O=C([O-])CCCc1ccccc1,0
c1ccc(C2(c3ccccc3)CC2C2=[NH+]CCN2)cc1,0
CCOC(=O)C(C#N)=C(c1ccccc1)c1ccccc1,0
Brc1ccc(Oc2ccccc2)cc1,0
O=C([O-])CC/C=C\CC[C@@H]1[C@@H]([NH+]2CCCCC2)[C@@H](O)C[C@@H]1OCc1ccc(-c2ccccc2)cc1,0
CCOP(=S)(OCC)SCSCC,0
CCOC(=O)c1cc(-c2ccccc2)nc2ccc(C)cc12,0
ClC1=C(Cl)C2(Cl)C(CBr)CC1(Cl)C2(Cl)Cl,0
CCCCC/C=C/C=C/C=O,0
COC(=O)[C@H](Cc1ccccc1)NC(=O)[C@@H]([NH3+])CC(=O)[O-],0
NNC(=O)OCc1ccccc1,0
O=[N+]([O-])c1ccc(Cl)c(Cl)c1,0
Cc1nc2ccccc2n1Cc1ccc(Cl)cc1,1
CCCCOP(=O)(OCCCC)OCCCC,0
CN(C(=O)C[NH+](CCO)CC(=O)N(C)C(C)(C)Cc1ccccc1)C(C)(C)Cc1ccccc1,0
O=C([O-])[C@H](O)[C@@H](O)C(=O)[O-],0
C=CC(=O)OCCCCCCCC,0
C[C@H](CCC(=O)[O-])[C@H]1CC[C@H]2[C@@H]3[C@H](O)C[C@@H]4C[C@H](O)CC[C@]4(C)[C@H]3CC[C@]12C,0
Cc1ccc(-c2ncc(Cl)cc2-c2ccc(S(C)(=O)=O)cc2)cn1,0
CC/C=C\CCOC(=O)C(C)C,0
COc1cccc([C@H](O)C2CC[NH+](CCc3ccc(F)cc3)CC2)c1OC,0
CCCOc1ccc(C(=O)OCC[NH+](CC)CC)cc1N,0
CCC[NH+]1CCCC[C@H]1C(=O)Nc1c(C)cccc1C,0
COc1cccc([C@@]2(O)CCCC[C@@H]2C[NH+](C)C)c1,0
O=C1CCCCC1C1CCCCC1,0
C[NH+]1CCC[C@H]1c1cccnc1,0
O=C([O-])c1ccc(NC(=O)[C@H](Cc2ccc(O)cc2)NC(=O)c2ccccc2)cc1,0
CC(C)[N+]1(C)C2CCC1CC(OC(=O)C(CO)c1ccccc1)C2,0
CCC(C)Nc1c([N+](=O)[O-])cc(C(C)(C)C)cc1[N+](=O)[O-],0
CC(CN1c2ccccc2Sc2ccccc21)[NH+](C)C,0
Cc1cnc(NC(=O)C2=C(O)c3ccccc3S(=O)(=O)N2C)s1,0
C=CC(=O)NCOCC(C)C,0
O=C(NCc1cccnc1)Nc1ccc([N+](=O)[O-])cc1,0
Cc1c([N+](=O)[O-])c(C)c([N+](=O)[O-])c(C(C)(C)C)c1[N+](=O)[O-],0
ClCC(Br)CBr,0
CCOc1ccc(OCC)c(Cl)c1,0
CNS(=O)(=O)Cc1ccc2[nH]cc(CC[NH+](C)C)c2c1,0
C=N[C@@H](C(=O)N[C@@H]1C(=O)N2[C@@H]1SC(C)(C)[C@@H]2C(=O)[O-])c1ccccc1,0
O=C([O-])COC(=O)Cc1ccccc1Nc1c(Cl)cccc1Cl,0
ICCc1ccccc1,0
CC(=O)OC(C)OC(=O)C(C)c1ccc(-c2ccccc2)c(F)c1,0
Cc1cccc2sc3nncn3c12,0
COc1ccc(OC)c(C(O)CNC(=O)C[NH3+])c1,0
Cc1cc2c3c(c1)C(c1ccccc1)=N[C@@H](NC(=O)c1ccncc1)C(=O)N3CC2,0
NC(=O)c1ncn([C@@H]2O[C@H](CO)[C@@H](O)[C@H]2O)c1O,0
CCCCNc1cc(C(=O)[O-])cc(S(N)(=O)=O)c1Oc1ccccc1,0
O=C1c2c([O-])ccc(Nc3ccc(CCO)cc3)c2C(=O)c2c([N+](=O)[O-])ccc([O-])c21,0
C[C@H]1c2cccc([O-])c2C(=O)C2=C([O-])[C@]3(O)C(=O)C(C(N)=O)=C([O-])[C@@H]([NH+](C)C)[C@@H]3[C@@H](O)[C@@H]21,0
Cc1ccc(Nc2ccc([O-])c3c2C(=O)c2ccccc2C3=O)cc1,0
NC(=O)N1C(=O)C(C(=O)c2cc(Cl)cs2)c2cc(F)c(Cl)cc21,0
CC[C@@H]1C(=O)OC[C@@H]1Cc1cncn1C,0
CC(C)OC(=O)C(O)(CC(=O)[O-])CC(=O)[O-],0
CN1C(=O)c2ccccc2C1=O,0
OCC(Br)CBr,0
ClC(Cl)=C(Cl)C(Cl)=C(Cl)Cl,0
CC[NH+](CC)CCNC(=O)c1ccc(NC(C)=O)cc1,0
C[NH2+]C(C)Cc1ccccc1OC,0
CCCOC(=O)c1ccccc1C(=O)OCCC,0
Cc1ccc(/C(=C\C[NH+]2CCCC2)c2ccccn2)cc1,0
CSc1ccc(/C=C2/C(C)=C(CC(=O)[O-])c3cc(F)ccc32)cc1,0
CCC(CC)Nc1ccc(C)c(C)c1,0
Nc1nc2cc(Cl)ccc2o1,0
O=C([O-])c1nn(Cc2ccc(Cl)cc2Cl)c2ccccc12,0
CCCCCCCC[NH+](C)C,0
CCOP(=S)(OCC)O/N=C(\C#N)c1ccccc1,0
O=C([O-])CCCC/C=C(\c1ccccc1)c1cccnc1,0
C[NH+]1Cc2c(N)cccc2C(c2ccccc2)C1,0
OCC[NH+]1CCN(CC/C=C2/c3ccccc3Sc3ccc(Cl)cc32)CC1,0
Nc1nc(N)nc(-c2cc(Cl)ccc2Cl)n1,0
C1COC(NC(C2CC2)C2CC2)=[NH+]1,0
Cc1ccc([N+](=O)[O-])c(C)c1,0
CCOc1ccc2c3c1O[C@H]1[C@@H](O)C=C[C@H]4[C@@H](C2)[NH+](C)CC[C@@]341,0
CC(C)C/C=C(/C=O)c1ccccc1,0
CNC(=O)O/N=C/C(C)(C)SC,0
CCOP(=S)(OCC)Oc1ccc([N+](=O)[O-])cc1,0
COC(=O)[C@@H]([NH3+])CCCN/C(N)=N/[N+](=O)[O-],0
C[NH+]1C[C@H](C(=O)N[C@]2(C)O[C@@]3(O)[C@@H]4CCCN4C(=O)[C@H](Cc4ccccc4)N3C2=O)C=C2c3cccc4[nH]cc(c34)C[C@H]21,0
CCc1ccc(C(=O)C(C)C[NH+]2CCCCC2)cc1,0
CCCCN(CCCC)N=O,0
O=c1ssc(Cl)c1Cl,0
COc1ccc(/C=C/C(=O)[O-])cc1,0
C=C(C)C1CCC(C)(O)CC1,0
N#CCCOCCOCCC#N,0
COc1ccc([C@]2(C#N)CC[C@@H](C(=O)[O-])CC2)cc1OC1CCCC1,0
C/C=C(\C)C(=O)OCCc1ccccc1,0
CCCN(CCC)S(=O)(=O)c1ccc(C(=O)[O-])cc1,0
CCCOC(OCCC)OCCC,0
CC/C=C\CCOC(=O)c1ccccc1O,0
O=Cc1ccc(F)c(Br)c1,0
COC(=O)C(C)Oc1ccc(Oc2ccc(Cl)cc2Cl)cc1,0
CCCCCCCCCOC(C)=O,0
Clc1ccc2[nH]nnc2c1,0
O=C1CC2CC1C1CCCC21,0
CC1(C(=O)Nc2ccc(O)c(Cl)c2Cl)CCCCC1,0
CC(C)(C)c1ccc(C(=O)[O-])cc1,0
COC(=O)c1c(C)cc(O)c(C)c1O,0
CCSc1ccc2c(c1)N(CCC[NH+]1CCN(C)CC1)c1ccccc1S2,0
COC(Cc1ccccc1)OC,0
Nc1ccc(Nc2ccccc2)cc1,0
O=c1[nH]c(=O)c2c[nH]nc2[nH]1,0
COc1cc(NC(=O)CC(C)=O)c(OC)cc1Cl,0
CC(C)N(C(=O)COc1nnc(C(F)(F)F)s1)c1ccc(F)cc1,0
COC(=O)CC(=O)C(C)(C)C,0
O=C([O-])CCCCCCCC(=O)[O-],0
O=C(c1ccccc1)c1ccc(O)c(O)c1O,0
O=C1CCC(c2ccc(-n3ccnc3)cc2)=NN1,0
OC1OC[C@@H](O)[C@H](O)[C@@H]1O,0
CNC(=O)N(C)c1nnc(C(C)(C)C)s1,0
C[C@@H]1C[NH+]([C@H]2CC[C@](C#N)(c3ccc(F)cc3)CC2)CC[C@]1(C(=O)[O-])c1ccccc1,0
CCCCCCCCCC(=O)N(C)C,0
CC[NH+](CCO)CCn1c(Cc2ccccc2)nc2c1c(=O)n(C)c(=O)n2C,0
NC(=O)CCCCC1CCSS1,0
C[C@@H]1CC(=O)NN=C1c1ccc(NN=C(C#N)C#N)cc1,0
CCOCC(O)COc1ccc(NC(=O)CC[S+](C)C)cc1,0
COP(=S)(OC)Oc1cc(Cl)c(Cl)cc1Cl,0
C[NH2+]C1(C)C2CCC(C2)C1(C)C,0
OCc1cccc(Oc2ccccc2)c1,0
CCC(CC)(CC(=O)Nc1cccc(/C=C/c2nc(C3CCC3)cs2)c1)C(=O)[O-],0
C[C@@H]1O[C@@H](O[C@@H]2C=C3CC[C@@H]4[C@H](CC[C@]5(C)[C@@H](c6ccc(=O)oc6)CC[C@]45O)[C@@]3(C)CC2)[C@H](O)[C@H](O)[C@H]1O,1
NC(=S)Nc1ccccc1,0
COc1cc(C(C)(C)C)c(O)c(C(C)(C)C)c1,0
CCCCCCCCCCC1CO1,0
COC(=O)c1ccccc1S(=O)(=O)NC(=O)N(C)c1nc(C)nc(OC)n1,0
C=CC[NH+]1C[C@H](C(=O)N(CCC[NH+](C)C)C(=O)NCC)C[C@@H]2c3cccc4[nH]cc(c34)C[C@H]21,0
CCCC(=O)OC(C)(C)Cc1ccccc1,0
CCOC(=O)CC1(C)OCC(C)O1,0
O=C(OCc1ccccc1)c1cccnc1,0
O=C([O-])C(=O)Nc1cccc(-c2nnn[n-]2)c1,0
COC(=O)CCSCCC(=O)OC,0
Nc1cc(N)cc(C(=O)[O-])c1,0
CN1CC[NH+](C(c2ccccc2)c2ccc(Cl)cc2)CC1,0
COC(=O)c1c(C(F)F)nc(C(F)(F)F)c(C2=NCCS2)c1CC(C)C,0
CC(Cc1ccc(O)c(O)c1)C(C)Cc1ccc(O)c(O)c1,0
CCOC(=O)COC(=O)c1cc(Oc2ccc(C(F)(F)F)cc2Cl)ccc1[N+](=O)[O-],0
CCOc1nc2cccc(C(=O)[O-])c2n1Cc1ccc(-c2ccccc2-c2nnn[n-]2)cc1,1
O=S(=O)(Cl)c1c(Cl)cccc1Cl,0
[NH3+]CCCCCC[NH2+]CCCCCC[NH3+],0
CCOC(=O)CC(O)(CC(=O)OCC)C(=O)OCC,0
O=C=Nc1cccc(C(F)(F)F)c1,0
C[NH2+]CC(O)c1ccc(O)cc1,0
Cc1ccc(C(=O)C(C)C[NH+]2CCCCC2)cc1,0
O=C(O[C@H]1C[C@H]2CC[C@@H](C1)[N+]21CCCC1)C(O)(c1ccccc1)c1ccccc1,0
[O-]c1c(Cl)cc(Cl)cc1Cl,0
C=CCOc1cc(Cl)ccc1C(=O)NCC[NH+](CC)CC,0
COc1ccccc1OCC(O)CO,0
O=c1n(CCC[NH+]2CCN(c3cccc(Cl)c3)CC2)nc2ccccn12,0
CC1(C)[C@@H](OC(=O)CCC(=O)[O-])CC[C@]2(C)[C@H]3C(=O)C=C4[C@@H]5C[C@@](C)(C(=O)[O-])CC[C@]5(C)CC[C@@]4(C)[C@]3(C)CC[C@@H]12,0
C=CC(C)(CCC=C(C)C)OC(=O)CC,0
Cc1nc[nH]c1CN1CCc2c(c3ccccc3n2C)C1=O,0
C[NH+](C)[C@H](Cc1ccccc1)c1ccccc1,0
CC1COC(Cn2cncn2)(c2ccc(Oc3ccc(Cl)cc3)cc2Cl)O1,1
C[N+]1(CC2COC(c3ccccc3)(c3ccccc3)O2)CCCCC1,0
O=C([O-])c1cc(C(=O)[O-])cc(C(=O)[O-])c1,0
COC1=CC(=O)OC(CCc2ccccc2)C1,0
CC(C)[NH2+]CC(O)c1ccc(N)c(C#N)c1,0
Brc1cccc(-c2ccccc2)c1,0
CCCCCc1cc(O)cc(O)c1,0
C[C@H]1[C@@H](c2ccccc2)[NH+]=C(O)N1C,0
O=C([O-])C(F)(F)C(F)(F)C(F)(F)C(F)(F)C(F)(F)C(F)(F)C(F)(F)C(F)(F)C(F)(F)F,0
c1cncc([C@@H]2CCCC[NH2+]2)c1,0
Oc1ccccc1/C=N/Cc1ccccc1,0
O=C(NCCO[N+](=O)[O-])c1cccnc1,0
C[NH2+][C@]1(c2ccccc2Cl)CCCCC1=O,0
Oc1nc(Cl)c(Cl)cc1Cl,0
Oc1ccc(Cl)cc1Sc1cc(Cl)ccc1O,0
O=C(COc1ccc(Cl)cc1)OCC[NH2+]C12CC3CC(CC(C3)C1)C2,0
COc1cc(Cl)ccc1Cl,0
CC[NH+](CC)Cc1cc(Nc2ccnc3cc(Cl)ccc23)ccc1O,0
O=C([O-])Cc1csc(-c2ccc(Cl)cc2)n1,0
